$MeshFormat
4.1 0 8
$EndMeshFormat
$Entities
5 5 1 0
1 0 0 0 0 
2 1 0 0 0 
3 0 1 0 0 
4 1 1 0 0 
5 0.7 0.5 0 0 
1 -9.999999994736442e-08 -1e-07 -1e-07 1.0000001 1e-07 1e-07 0 2 1 -2 
2 -1e-07 -9.999999994736442e-08 -1e-07 1e-07 1.0000001 1e-07 0 2 3 -1 
3 0.9999999000000001 -9.999999994736442e-08 -1e-07 1.0000001 1.0000001 1e-07 0 2 2 -4 
4 -9.999999994736442e-08 0.9999999000000001 -1e-07 1.0000001 1.0000001 1e-07 0 2 4 -3 
5 0.2999999 0.2999999 -1e-07 0.7000000999999999 0.7000000999999999 1e-07 0 2 5 -5 
1 -9.999999994736442e-08 -9.999999994736442e-08 -1e-07 1.0000001 1.0000001 1e-07 0 5 1 3 4 2 -5 
$EndEntities
$Nodes
11 10479 1 10479
0 1 0 1
1
0 0 0
0 2 0 1
2
1 0 0
0 3 0 1
3
0 1 0
0 4 0 1
4
1 1 0
0 5 0 1
5
0.7 0.5 0
1 1 0 99
6
7
8
9
10
11
12
13
14
15
16
17
18
19
20
21
22
23
24
25
26
27
28
29
30
31
32
33
34
35
36
37
38
39
40
41
42
43
44
45
46
47
48
49
50
51
52
53
54
55
56
57
58
59
60
61
62
63
64
65
66
67
68
69
70
71
72
73
74
75
76
77
78
79
80
81
82
83
84
85
86
87
88
89
90
91
92
93
94
95
96
97
98
99
100
101
102
103
104
0.01 0 0
0.02 0 0
0.03 0 0
0.04 0 0
0.05 0 0
0.06 0 0
0.07000000000000001 0 0
0.08 0 0
0.09 0 0
0.1 0 0
0.11 0 0
0.12 0 0
0.13 0 0
0.14 0 0
0.15 0 0
0.16 0 0
0.17 0 0
0.18 0 0
0.19 0 0
0.2 0 0
0.21 0 0
0.22 0 0
0.23 0 0
0.24 0 0
0.25 0 0
0.26 0 0
0.27 0 0
0.28 0 0
0.29 0 0
0.3 0 0
0.31 0 0
0.32 0 0
0.33 0 0
0.34 0 0
0.35 0 0
0.36 0 0
0.37 0 0
0.38 0 0
0.39 0 0
0.4 0 0
0.41 0 0
0.42 0 0
0.43 0 0
0.44 0 0
0.45 0 0
0.46 0 0
0.47 0 0
0.48 0 0
0.49 0 0
0.5 0 0
0.51 0 0
0.52 0 0
0.53 0 0
0.54 0 0
0.55 0 0
0.5600000000000001 0 0
0.57 0 0
0.58 0 0
0.59 0 0
0.6 0 0
0.61 0 0
0.62 0 0
0.63 0 0
0.64 0 0
0.65 0 0
0.66 0 0
0.67 0 0
0.68 0 0
0.6899999999999999 0 0
0.7 0 0
0.71 0 0
0.72 0 0
0.73 0 0
0.74 0 0
0.75 0 0
0.76 0 0
0.77 0 0
0.78 0 0
0.79 0 0
0.8 0 0
0.8100000000000001 0 0
0.82 0 0
0.83 0 0
0.84 0 0
0.85 0 0
0.86 0 0
0.87 0 0
0.88 0 0
0.89 0 0
0.9 0 0
0.91 0 0
0.92 0 0
0.93 0 0
0.9399999999999999 0 0
0.95 0 0
0.96 0 0
0.97 0 0
0.98 0 0
0.99 0 0
1 2 0 99
105
106
107
108
109
110
111
112
113
114
115
116
117
118
119
120
121
122
123
124
125
126
127
128
129
130
131
132
133
134
135
136
137
138
139
140
141
142
143
144
145
146
147
148
149
150
151
152
153
154
155
156
157
158
159
160
161
162
163
164
165
166
167
168
169
170
171
172
173
174
175
176
177
178
179
180
181
182
183
184
185
186
187
188
189
190
191
192
193
194
195
196
197
198
199
200
201
202
203
0 0.99 0
0 0.98 0
0 0.97 0
0 0.96 0
0 0.95 0
0 0.9399999999999999 0
0 0.9299999999999999 0
0 0.92 0
0 0.91 0
0 0.9 0
0 0.89 0
0 0.88 0
0 0.87 0
0 0.86 0
0 0.85 0
0 0.84 0
0 0.83 0
0 0.8200000000000001 0
0 0.8100000000000001 0
0 0.8 0
0 0.79 0
0 0.78 0
0 0.77 0
0 0.76 0
0 0.75 0
0 0.74 0
0 0.73 0
0 0.72 0
0 0.71 0
0 0.7 0
0 0.6899999999999999 0
0 0.6799999999999999 0
0 0.6699999999999999 0
0 0.6599999999999999 0
0 0.65 0
0 0.64 0
0 0.63 0
0 0.62 0
0 0.61 0
0 0.6 0
0 0.5900000000000001 0
0 0.5800000000000001 0
0 0.5700000000000001 0
0 0.5600000000000001 0
0 0.55 0
0 0.54 0
0 0.53 0
0 0.52 0
0 0.51 0
0 0.5 0
0 0.49 0
0 0.48 0
0 0.47 0
0 0.46 0
0 0.45 0
0 0.4399999999999999 0
0 0.43 0
0 0.42 0
0 0.41 0
0 0.4 0
0 0.39 0
0 0.38 0
0 0.37 0
0 0.36 0
0 0.35 0
0 0.34 0
0 0.33 0
0 0.32 0
0 0.3100000000000001 0
0 0.3 0
0 0.29 0
0 0.28 0
0 0.27 0
0 0.26 0
0 0.25 0
0 0.24 0
0 0.23 0
0 0.22 0
0 0.21 0
0 0.2 0
0 0.1899999999999999 0
0 0.18 0
0 0.17 0
0 0.16 0
0 0.15 0
0 0.14 0
0 0.13 0
0 0.12 0
0 0.11 0
0 0.09999999999999998 0
0 0.08999999999999997 0
0 0.07999999999999996 0
0 0.06999999999999995 0
0 0.06000000000000005 0
0 0.05000000000000004 0
0 0.04000000000000004 0
0 0.03000000000000003 0
0 0.02000000000000002 0
0 0.01000000000000001 0
1 3 0 99
204
205
206
207
208
209
210
211
212
213
214
215
216
217
218
219
220
221
222
223
224
225
226
227
228
229
230
231
232
233
234
235
236
237
238
239
240
241
242
243
244
245
246
247
248
249
250
251
252
253
254
255
256
257
258
259
260
261
262
263
264
265
266
267
268
269
270
271
272
273
274
275
276
277
278
279
280
281
282
283
284
285
286
287
288
289
290
291
292
293
294
295
296
297
298
299
300
301
302
1 0.01 0
1 0.02 0
1 0.03 0
1 0.04 0
1 0.05 0
1 0.06 0
1 0.07000000000000001 0
1 0.08 0
1 0.09 0
1 0.1 0
1 0.11 0
1 0.12 0
1 0.13 0
1 0.14 0
1 0.15 0
1 0.16 0
1 0.17 0
1 0.18 0
1 0.19 0
1 0.2 0
1 0.21 0
1 0.22 0
1 0.23 0
1 0.24 0
1 0.25 0
1 0.26 0
1 0.27 0
1 0.28 0
1 0.29 0
1 0.3 0
1 0.31 0
1 0.32 0
1 0.33 0
1 0.34 0
1 0.35 0
1 0.36 0
1 0.37 0
1 0.38 0
1 0.39 0
1 0.4 0
1 0.41 0
1 0.42 0
1 0.43 0
1 0.44 0
1 0.45 0
1 0.46 0
1 0.47 0
1 0.48 0
1 0.49 0
1 0.5 0
1 0.51 0
1 0.52 0
1 0.53 0
1 0.54 0
1 0.55 0
1 0.5600000000000001 0
1 0.57 0
1 0.58 0
1 0.59 0
1 0.6 0
1 0.61 0
1 0.62 0
1 0.63 0
1 0.64 0
1 0.65 0
1 0.66 0
1 0.67 0
1 0.68 0
1 0.6899999999999999 0
1 0.7 0
1 0.71 0
1 0.72 0
1 0.73 0
1 0.74 0
1 0.75 0
1 0.76 0
1 0.77 0
1 0.78 0
1 0.79 0
1 0.8 0
1 0.8100000000000001 0
1 0.82 0
1 0.83 0
1 0.84 0
1 0.85 0
1 0.86 0
1 0.87 0
1 0.88 0
1 0.89 0
1 0.9 0
1 0.91 0
1 0.92 0
1 0.93 0
1 0.9399999999999999 0
1 0.95 0
1 0.96 0
1 0.97 0
1 0.98 0
1 0.99 0
1 4 0 99
303
304
305
306
307
308
309
310
311
312
313
314
315
316
317
318
319
320
321
322
323
324
325
326
327
328
329
330
331
332
333
334
335
336
337
338
339
340
341
342
343
344
345
346
347
348
349
350
351
352
353
354
355
356
357
358
359
360
361
362
363
364
365
366
367
368
369
370
371
372
373
374
375
376
377
378
379
380
381
382
383
384
385
386
387
388
389
390
391
392
393
394
395
396
397
398
399
400
401
0.99 1 0
0.98 1 0
0.97 1 0
0.96 1 0
0.95 1 0
0.9399999999999999 1 0
0.9299999999999999 1 0
0.92 1 0
0.91 1 0
0.9 1 0
0.89 1 0
0.88 1 0
0.87 1 0
0.86 1 0
0.85 1 0
0.84 1 0
0.83 1 0
0.8200000000000001 1 0
0.8100000000000001 1 0
0.8 1 0
0.79 1 0
0.78 1 0
0.77 1 0
0.76 1 0
0.75 1 0
0.74 1 0
0.73 1 0
0.72 1 0
0.71 1 0
0.7 1 0
0.6899999999999999 1 0
0.6799999999999999 1 0
0.6699999999999999 1 0
0.6599999999999999 1 0
0.65 1 0
0.64 1 0
0.63 1 0
0.62 1 0
0.61 1 0
0.6 1 0
0.5900000000000001 1 0
0.5800000000000001 1 0
0.5700000000000001 1 0
0.5600000000000001 1 0
0.55 1 0
0.54 1 0
0.53 1 0
0.52 1 0
0.51 1 0
0.5 1 0
0.49 1 0
0.48 1 0
0.47 1 0
0.46 1 0
0.45 1 0
0.4399999999999999 1 0
0.43 1 0
0.42 1 0
0.41 1 0
0.4 1 0
0.39 1 0
0.38 1 0
0.37 1 0
0.36 1 0
0.35 1 0
0.34 1 0
0.33 1 0
0.32 1 0
0.3100000000000001 1 0
0.3 1 0
0.29 1 0
0.28 1 0
0.27 1 0
0.26 1 0
0.25 1 0
0.24 1 0
0.23 1 0
0.22 1 0
0.21 1 0
0.2 1 0
0.1899999999999999 1 0
0.18 1 0
0.17 1 0
0.16 1 0
0.15 1 0
0.14 1 0
0.13 1 0
0.12 1 0
0.11 1 0
0.09999999999999998 1 0
0.08999999999999997 1 0
0.07999999999999996 1 0
0.06999999999999995 1 0
0.06000000000000005 1 0
0.05000000000000004 1 0
0.04000000000000004 1 0
0.03000000000000003 1 0
0.02000000000000002 1 0
0.01000000000000001 1 0
1 5 0 125
402
403
404
405
406
407
408
409
410
411
412
413
414
415
416
417
418
419
420
421
422
423
424
425
426
427
428
429
430
431
432
433
434
435
436
437
438
439
440
441
442
443
444
445
446
447
448
449
450
451
452
453
454
455
456
457
458
459
460
461
462
463
464
465
466
467
468
469
470
471
472
473
474
475
476
477
478
479
480
481
482
483
484
485
486
487
488
489
490
491
492
493
494
495
496
497
498
499
500
501
502
503
504
505
506
507
508
509
510
511
512
513
514
515
516
517
518
519
520
521
522
523
524
525
526
0.6997513842437845 0.5099691771321394 0
0.6990061550730803 0.5199135693191633 0
0.6977661652450258 0.5298084532352348 0
0.6960344975697088 0.5396292286398794 0
0.6938154572458156 0.5493514795380586 0
0.6911145611572282 0.5589510348821807 0
0.6879385241571817 0.5684040286651336 0
0.6842952423740816 0.5776869592549387 0
0.6801937735804839 0.5867767478235114 0
0.6756443146740458 0.5956507957242634 0
0.6706581763264313 0.6042870406758993 0
0.6652477548631992 0.6126640116127242 0
0.6594265014445847 0.6207608820650953 0
0.6532088886237959 0.6285575219373076 0
0.6466103743659655 0.6360345475541836 0
0.6396473636172149 0.6431733698519434 0
0.6323371675193722 0.6499562405935466 0
0.6246979603717471 0.6563662964936057 0
0.6167487344469583 0.6623876011431711 0
0.6085092527731523 0.668005184630154 0
0.6000000000000004 0.6732050807568875 0
0.5912421314706331 0.6779743617622935 0
0.5822574206261228 0.6823011704623344 0
0.5730682048732796 0.6861747497288406 0
0.5636973300503374 0.6895854692334262 0
0.5541680936286015 0.6925248493900023 0
0.5445041867912634 0.6949855824363647 0
0.5347296355333867 0.6969615506024415 0
0.5248687409294976 0.6984478413200343 0
0.5149460187172855 0.699440759436236 0
0.5049861383476152 0.6999378364001633 0
0.4950138616523861 0.6999378364001633 0
0.4850539812827159 0.6994407594362361 0
0.4751312590705037 0.6984478413200346 0
0.4652703644666148 0.6969615506024418 0
0.455495813208738 0.6949855824363649 0
0.4458319063713999 0.6925248493900027 0
0.436302669949664 0.6895854692334267 0
0.4269317951267219 0.6861747497288412 0
0.4177425793738786 0.6823011704623351 0
0.4087578685293684 0.6779743617622942 0
0.4000000000000009 0.6732050807568882 0
0.391490747226849 0.6680051846301549 0
0.383251265553043 0.662387601143172 0
0.3753020396282542 0.6563662964936067 0
0.3676628324806289 0.6499562405935476 0
0.3603526363827863 0.6431733698519445 0
0.3533896256340355 0.6360345475541848 0
0.3467911113762051 0.6285575219373087 0
0.3405734985554162 0.6207608820650964 0
0.3347522451368017 0.6126640116127254 0
0.3293418236735695 0.6042870406759007 0
0.3243556853259549 0.5956507957242648 0
0.3198062264195167 0.5867767478235127 0
0.315704757625919 0.5776869592549402 0
0.3120614758428187 0.5684040286651351 0
0.3088854388427722 0.5589510348821821 0
0.3061845427541847 0.5493514795380601 0
0.3039655024302915 0.5396292286398808 0
0.3022338347549745 0.5298084532352363 0
0.3009938449269198 0.5199135693191648 0
0.3002486157562156 0.5099691771321408 0
0.3 0.5000000000000014 0
0.3002486157562154 0.490030822867862 0
0.3009938449269196 0.4800864306808382 0
0.302233834754974 0.4701915467647667 0
0.3039655024302909 0.4603707713601221 0
0.306184542754184 0.4506485204619428 0
0.3088854388427714 0.4410489651178207 0
0.3120614758428178 0.4315959713348677 0
0.3157047576259179 0.4223130407450625 0
0.3198062264195155 0.4132232521764898 0
0.3243556853259536 0.4043492042757377 0
0.3293418236735681 0.3957129593241016 0
0.3347522451368002 0.3873359883872767 0
0.3405734985554147 0.3792391179349056 0
0.3467911113762036 0.3714424780626931 0
0.3533896256340339 0.3639654524458171 0
0.3603526363827845 0.3568266301480572 0
0.3676628324806271 0.350043759406454 0
0.3753020396282523 0.3436337035063948 0
0.383251265553041 0.3376123988568294 0
0.3914907472268471 0.3319948153698463 0
0.399999999999999 0.3267949192431129 0
0.4087578685293664 0.3220256382377068 0
0.4177425793738767 0.3176988295376658 0
0.42693179512672 0.3138252502711595 0
0.4363026699496622 0.310414530766574 0
0.445831906371398 0.3074751506099979 0
0.4554958132087362 0.3050144175636355 0
0.4652703644666129 0.3030384493975585 0
0.475131259070502 0.3015521586799657 0
0.4850539812827142 0.300559240563764 0
0.4950138616523845 0.3000621635998367 0
0.5049861383476136 0.3000621635998367 0
0.514946018717284 0.3005592405637639 0
0.5248687409294964 0.3015521586799655 0
0.5347296355333853 0.3030384493975582 0
0.5445041867912621 0.3050144175636351 0
0.5541680936286002 0.3074751506099973 0
0.5636973300503361 0.3104145307665733 0
0.5730682048732783 0.3138252502711588 0
0.5822574206261216 0.317698829537665 0
0.591242131470632 0.3220256382377059 0
0.5999999999999994 0.3267949192431119 0
0.6085092527731514 0.3319948153698453 0
0.6167487344469575 0.3376123988568284 0
0.6246979603717463 0.3436337035063937 0
0.6323371675193715 0.3500437594064528 0
0.6396473636172142 0.3568266301480559 0
0.6466103743659648 0.3639654524458157 0
0.6532088886237952 0.3714424780626917 0
0.6594265014445841 0.3792391179349041 0
0.6652477548631988 0.3873359883872752 0
0.6706581763264309 0.3957129593241 0
0.6756443146740455 0.404349204275736 0
0.6801937735804837 0.413223252176488 0
0.6842952423740815 0.4223130407450609 0
0.6879385241571816 0.4315959713348661 0
0.6911145611572281 0.441048965117819 0
0.6938154572458156 0.4506485204619412 0
0.6960344975697088 0.4603707713601204 0
0.6977661652450257 0.4701915467647649 0
0.6990061550730803 0.4800864306808366 0
0.6997513842437845 0.4900308228678605 0
2 1 0 9953
527
528
529
530
531
532
533
534
535
536
537
538
539
540
541
542
543
544
545
546
547
548
549
550
551
552
553
554
555
556
557
558
559
560
561
562
563
564
565
566
567
568
569
570
571
572
573
574
575
576
577
578
579
580
581
582
583
584
585
586
587
588
589
590
591
592
593
594
595
596
597
598
599
600
601
602
603
604
605
606
607
608
609
610
611
612
613
614
615
616
617
618
619
620
621
622
623
624
625
626
627
628
629
630
631
632
633
634
635
636
637
638
639
640
641
642
643
644
645
646
647
648
649
650
651
652
653
654
655
656
657
658
659
660
661
662
663
664
665
666
667
668
669
670
671
672
673
674
675
676
677
678
679
680
681
682
683
684
685
686
687
688
689
690
691
692
693
694
695
696
697
698
699
700
701
702
703
704
705
706
707
708
709
710
711
712
713
714
715
716
717
718
719
720
721
722
723
724
725
726
727
728
729
730
731
732
733
734
735
736
737
738
739
740
741
742
743
744
745
746
747
748
749
750
751
752
753
754
755
756
757
758
759
760
761
762
763
764
765
766
767
768
769
770
771
772
773
774
775
776
777
778
779
780
781
782
783
784
785
786
787
788
789
790
791
792
793
794
795
796
797
798
799
800
801
802
803
804
805
806
807
808
809
810
811
812
813
814
815
816
817
818
819
820
821
822
823
824
825
826
827
828
829
830
831
832
833
834
835
836
837
838
839
840
841
842
843
844
845
846
847
848
849
850
851
852
853
854
855
856
857
858
859
860
861
862
863
864
865
866
867
868
869
870
871
872
873
874
875
876
877
878
879
880
881
882
883
884
885
886
887
888
889
890
891
892
893
894
895
896
897
898
899
900
901
902
903
904
905
906
907
908
909
910
911
912
913
914
915
916
917
918
919
920
921
922
923
924
925
926
927
928
929
930
931
932
933
934
935
936
937
938
939
940
941
942
943
944
945
946
947
948
949
950
951
952
953
954
955
956
957
958
959
960
961
962
963
964
965
966
967
968
969
970
971
972
973
974
975
976
977
978
979
980
981
982
983
984
985
986
987
988
989
990
991
992
993
994
995
996
997
998
999
1000
1001
1002
1003
1004
1005
1006
1007
1008
1009
1010
1011
1012
1013
1014
1015
1016
1017
1018
1019
1020
1021
1022
1023
1024
1025
1026
1027
1028
1029
1030
1031
1032
1033
1034
1035
1036
1037
1038
1039
1040
1041
1042
1043
1044
1045
1046
1047
1048
1049
1050
1051
1052
1053
1054
1055
1056
1057
1058
1059
1060
1061
1062
1063
1064
1065
1066
1067
1068
1069
1070
1071
1072
1073
1074
1075
1076
1077
1078
1079
1080
1081
1082
1083
1084
1085
1086
1087
1088
1089
1090
1091
1092
1093
1094
1095
1096
1097
1098
1099
1100
1101
1102
1103
1104
1105
1106
1107
1108
1109
1110
1111
1112
1113
1114
1115
1116
1117
1118
1119
1120
1121
1122
1123
1124
1125
1126
1127
1128
1129
1130
1131
1132
1133
1134
1135
1136
1137
1138
1139
1140
1141
1142
1143
1144
1145
1146
1147
1148
1149
1150
1151
1152
1153
1154
1155
1156
1157
1158
1159
1160
1161
1162
1163
1164
1165
1166
1167
1168
1169
1170
1171
1172
1173
1174
1175
1176
1177
1178
1179
1180
1181
1182
1183
1184
1185
1186
1187
1188
1189
1190
1191
1192
1193
1194
1195
1196
1197
1198
1199
1200
1201
1202
1203
1204
1205
1206
1207
1208
1209
1210
1211
1212
1213
1214
1215
1216
1217
1218
1219
1220
1221
1222
1223
1224
1225
1226
1227
1228
1229
1230
1231
1232
1233
1234
1235
1236
1237
1238
1239
1240
1241
1242
1243
1244
1245
1246
1247
1248
1249
1250
1251
1252
1253
1254
1255
1256
1257
1258
1259
1260
1261
1262
1263
1264
1265
1266
1267
1268
1269
1270
1271
1272
1273
1274
1275
1276
1277
1278
1279
1280
1281
1282
1283
1284
1285
1286
1287
1288
1289
1290
1291
1292
1293
1294
1295
1296
1297
1298
1299
1300
1301
1302
1303
1304
1305
1306
1307
1308
1309
1310
1311
1312
1313
1314
1315
1316
1317
1318
1319
1320
1321
1322
1323
1324
1325
1326
1327
1328
1329
1330
1331
1332
1333
1334
1335
1336
1337
1338
1339
1340
1341
1342
1343
1344
1345
1346
1347
1348
1349
1350
1351
1352
1353
1354
1355
1356
1357
1358
1359
1360
1361
1362
1363
1364
1365
1366
1367
1368
1369
1370
1371
1372
1373
1374
1375
1376
1377
1378
1379
1380
1381
1382
1383
1384
1385
1386
1387
1388
1389
1390
1391
1392
1393
1394
1395
1396
1397
1398
1399
1400
1401
1402
1403
1404
1405
1406
1407
1408
1409
1410
1411
1412
1413
1414
1415
1416
1417
1418
1419
1420
1421
1422
1423
1424
1425
1426
1427
1428
1429
1430
1431
1432
1433
1434
1435
1436
1437
1438
1439
1440
1441
1442
1443
1444
1445
1446
1447
1448
1449
1450
1451
1452
1453
1454
1455
1456
1457
1458
1459
1460
1461
1462
1463
1464
1465
1466
1467
1468
1469
1470
1471
1472
1473
1474
1475
1476
1477
1478
1479
1480
1481
1482
1483
1484
1485
1486
1487
1488
1489
1490
1491
1492
1493
1494
1495
1496
1497
1498
1499
1500
1501
1502
1503
1504
1505
1506
1507
1508
1509
1510
1511
1512
1513
1514
1515
1516
1517
1518
1519
1520
1521
1522
1523
1524
1525
1526
1527
1528
1529
1530
1531
1532
1533
1534
1535
1536
1537
1538
1539
1540
1541
1542
1543
1544
1545
1546
1547
1548
1549
1550
1551
1552
1553
1554
1555
1556
1557
1558
1559
1560
1561
1562
1563
1564
1565
1566
1567
1568
1569
1570
1571
1572
1573
1574
1575
1576
1577
1578
1579
1580
1581
1582
1583
1584
1585
1586
1587
1588
1589
1590
1591
1592
1593
1594
1595
1596
1597
1598
1599
1600
1601
1602
1603
1604
1605
1606
1607
1608
1609
1610
1611
1612
1613
1614
1615
1616
1617
1618
1619
1620
1621
1622
1623
1624
1625
1626
1627
1628
1629
1630
1631
1632
1633
1634
1635
1636
1637
1638
1639
1640
1641
1642
1643
1644
1645
1646
1647
1648
1649
1650
1651
1652
1653
1654
1655
1656
1657
1658
1659
1660
1661
1662
1663
1664
1665
1666
1667
1668
1669
1670
1671
1672
1673
1674
1675
1676
1677
1678
1679
1680
1681
1682
1683
1684
1685
1686
1687
1688
1689
1690
1691
1692
1693
1694
1695
1696
1697
1698
1699
1700
1701
1702
1703
1704
1705
1706
1707
1708
1709
1710
1711
1712
1713
1714
1715
1716
1717
1718
1719
1720
1721
1722
1723
1724
1725
1726
1727
1728
1729
1730
1731
1732
1733
1734
1735
1736
1737
1738
1739
1740
1741
1742
1743
1744
1745
1746
1747
1748
1749
1750
1751
1752
1753
1754
1755
1756
1757
1758
1759
1760
1761
1762
1763
1764
1765
1766
1767
1768
1769
1770
1771
1772
1773
1774
1775
1776
1777
1778
1779
1780
1781
1782
1783
1784
1785
1786
1787
1788
1789
1790
1791
1792
1793
1794
1795
1796
1797
1798
1799
1800
1801
1802
1803
1804
1805
1806
1807
1808
1809
1810
1811
1812
1813
1814
1815
1816
1817
1818
1819
1820
1821
1822
1823
1824
1825
1826
1827
1828
1829
1830
1831
1832
1833
1834
1835
1836
1837
1838
1839
1840
1841
1842
1843
1844
1845
1846
1847
1848
1849
1850
1851
1852
1853
1854
1855
1856
1857
1858
1859
1860
1861
1862
1863
1864
1865
1866
1867
1868
1869
1870
1871
1872
1873
1874
1875
1876
1877
1878
1879
1880
1881
1882
1883
1884
1885
1886
1887
1888
1889
1890
1891
1892
1893
1894
1895
1896
1897
1898
1899
1900
1901
1902
1903
1904
1905
1906
1907
1908
1909
1910
1911
1912
1913
1914
1915
1916
1917
1918
1919
1920
1921
1922
1923
1924
1925
1926
1927
1928
1929
1930
1931
1932
1933
1934
1935
1936
1937
1938
1939
1940
1941
1942
1943
1944
1945
1946
1947
1948
1949
1950
1951
1952
1953
1954
1955
1956
1957
1958
1959
1960
1961
1962
1963
1964
1965
1966
1967
1968
1969
1970
1971
1972
1973
1974
1975
1976
1977
1978
1979
1980
1981
1982
1983
1984
1985
1986
1987
1988
1989
1990
1991
1992
1993
1994
1995
1996
1997
1998
1999
2000
2001
2002
2003
2004
2005
2006
2007
2008
2009
2010
2011
2012
2013
2014
2015
2016
2017
2018
2019
2020
2021
2022
2023
2024
2025
2026
2027
2028
2029
2030
2031
2032
2033
2034
2035
2036
2037
2038
2039
2040
2041
2042
2043
2044
2045
2046
2047
2048
2049
2050
2051
2052
2053
2054
2055
2056
2057
2058
2059
2060
2061
2062
2063
2064
2065
2066
2067
2068
2069
2070
2071
2072
2073
2074
2075
2076
2077
2078
2079
2080
2081
2082
2083
2084
2085
2086
2087
2088
2089
2090
2091
2092
2093
2094
2095
2096
2097
2098
2099
2100
2101
2102
2103
2104
2105
2106
2107
2108
2109
2110
2111
2112
2113
2114
2115
2116
2117
2118
2119
2120
2121
2122
2123
2124
2125
2126
2127
2128
2129
2130
2131
2132
2133
2134
2135
2136
2137
2138
2139
2140
2141
2142
2143
2144
2145
2146
2147
2148
2149
2150
2151
2152
2153
2154
2155
2156
2157
2158
2159
2160
2161
2162
2163
2164
2165
2166
2167
2168
2169
2170
2171
2172
2173
2174
2175
2176
2177
2178
2179
2180
2181
2182
2183
2184
2185
2186
2187
2188
2189
2190
2191
2192
2193
2194
2195
2196
2197
2198
2199
2200
2201
2202
2203
2204
2205
2206
2207
2208
2209
2210
2211
2212
2213
2214
2215
2216
2217
2218
2219
2220
2221
2222
2223
2224
2225
2226
2227
2228
2229
2230
2231
2232
2233
2234
2235
2236
2237
2238
2239
2240
2241
2242
2243
2244
2245
2246
2247
2248
2249
2250
2251
2252
2253
2254
2255
2256
2257
2258
2259
2260
2261
2262
2263
2264
2265
2266
2267
2268
2269
2270
2271
2272
2273
2274
2275
2276
2277
2278
2279
2280
2281
2282
2283
2284
2285
2286
2287
2288
2289
2290
2291
2292
2293
2294
2295
2296
2297
2298
2299
2300
2301
2302
2303
2304
2305
2306
2307
2308
2309
2310
2311
2312
2313
2314
2315
2316
2317
2318
2319
2320
2321
2322
2323
2324
2325
2326
2327
2328
2329
2330
2331
2332
2333
2334
2335
2336
2337
2338
2339
2340
2341
2342
2343
2344
2345
2346
2347
2348
2349
2350
2351
2352
2353
2354
2355
2356
2357
2358
2359
2360
2361
2362
2363
2364
2365
2366
2367
2368
2369
2370
2371
2372
2373
2374
2375
2376
2377
2378
2379
2380
2381
2382
2383
2384
2385
2386
2387
2388
2389
2390
2391
2392
2393
2394
2395
2396
2397
2398
2399
2400
2401
2402
2403
2404
2405
2406
2407
2408
2409
2410
2411
2412
2413
2414
2415
2416
2417
2418
2419
2420
2421
2422
2423
2424
2425
2426
2427
2428
2429
2430
2431
2432
2433
2434
2435
2436
2437
2438
2439
2440
2441
2442
2443
2444
2445
2446
2447
2448
2449
2450
2451
2452
2453
2454
2455
2456
2457
2458
2459
2460
2461
2462
2463
2464
2465
2466
2467
2468
2469
2470
2471
2472
2473
2474
2475
2476
2477
2478
2479
2480
2481
2482
2483
2484
2485
2486
2487
2488
2489
2490
2491
2492
2493
2494
2495
2496
2497
2498
2499
2500
2501
2502
2503
2504
2505
2506
2507
2508
2509
2510
2511
2512
2513
2514
2515
2516
2517
2518
2519
2520
2521
2522
2523
2524
2525
2526
2527
2528
2529
2530
2531
2532
2533
2534
2535
2536
2537
2538
2539
2540
2541
2542
2543
2544
2545
2546
2547
2548
2549
2550
2551
2552
2553
2554
2555
2556
2557
2558
2559
2560
2561
2562
2563
2564
2565
2566
2567
2568
2569
2570
2571
2572
2573
2574
2575
2576
2577
2578
2579
2580
2581
2582
2583
2584
2585
2586
2587
2588
2589
2590
2591
2592
2593
2594
2595
2596
2597
2598
2599
2600
2601
2602
2603
2604
2605
2606
2607
2608
2609
2610
2611
2612
2613
2614
2615
2616
2617
2618
2619
2620
2621
2622
2623
2624
2625
2626
2627
2628
2629
2630
2631
2632
2633
2634
2635
2636
2637
2638
2639
2640
2641
2642
2643
2644
2645
2646
2647
2648
2649
2650
2651
2652
2653
2654
2655
2656
2657
2658
2659
2660
2661
2662
2663
2664
2665
2666
2667
2668
2669
2670
2671
2672
2673
2674
2675
2676
2677
2678
2679
2680
2681
2682
2683
2684
2685
2686
2687
2688
2689
2690
2691
2692
2693
2694
2695
2696
2697
2698
2699
2700
2701
2702
2703
2704
2705
2706
2707
2708
2709
2710
2711
2712
2713
2714
2715
2716
2717
2718
2719
2720
2721
2722
2723
2724
2725
2726
2727
2728
2729
2730
2731
2732
2733
2734
2735
2736
2737
2738
2739
2740
2741
2742
2743
2744
2745
2746
2747
2748
2749
2750
2751
2752
2753
2754
2755
2756
2757
2758
2759
2760
2761
2762
2763
2764
2765
2766
2767
2768
2769
2770
2771
2772
2773
2774
2775
2776
2777
2778
2779
2780
2781
2782
2783
2784
2785
2786
2787
2788
2789
2790
2791
2792
2793
2794
2795
2796
2797
2798
2799
2800
2801
2802
2803
2804
2805
2806
2807
2808
2809
2810
2811
2812
2813
2814
2815
2816
2817
2818
2819
2820
2821
2822
2823
2824
2825
2826
2827
2828
2829
2830
2831
2832
2833
2834
2835
2836
2837
2838
2839
2840
2841
2842
2843
2844
2845
2846
2847
2848
2849
2850
2851
2852
2853
2854
2855
2856
2857
2858
2859
2860
2861
2862
2863
2864
2865
2866
2867
2868
2869
2870
2871
2872
2873
2874
2875
2876
2877
2878
2879
2880
2881
2882
2883
2884
2885
2886
2887
2888
2889
2890
2891
2892
2893
2894
2895
2896
2897
2898
2899
2900
2901
2902
2903
2904
2905
2906
2907
2908
2909
2910
2911
2912
2913
2914
2915
2916
2917
2918
2919
2920
2921
2922
2923
2924
2925
2926
2927
2928
2929
2930
2931
2932
2933
2934
2935
2936
2937
2938
2939
2940
2941
2942
2943
2944
2945
2946
2947
2948
2949
2950
2951
2952
2953
2954
2955
2956
2957
2958
2959
2960
2961
2962
2963
2964
2965
2966
2967
2968
2969
2970
2971
2972
2973
2974
2975
2976
2977
2978
2979
2980
2981
2982
2983
2984
2985
2986
2987
2988
2989
2990
2991
2992
2993
2994
2995
2996
2997
2998
2999
3000
3001
3002
3003
3004
3005
3006
3007
3008
3009
3010
3011
3012
3013
3014
3015
3016
3017
3018
3019
3020
3021
3022
3023
3024
3025
3026
3027
3028
3029
3030
3031
3032
3033
3034
3035
3036
3037
3038
3039
3040
3041
3042
3043
3044
3045
3046
3047
3048
3049
3050
3051
3052
3053
3054
3055
3056
3057
3058
3059
3060
3061
3062
3063
3064
3065
3066
3067
3068
3069
3070
3071
3072
3073
3074
3075
3076
3077
3078
3079
3080
3081
3082
3083
3084
3085
3086
3087
3088
3089
3090
3091
3092
3093
3094
3095
3096
3097
3098
3099
3100
3101
3102
3103
3104
3105
3106
3107
3108
3109
3110
3111
3112
3113
3114
3115
3116
3117
3118
3119
3120
3121
3122
3123
3124
3125
3126
3127
3128
3129
3130
3131
3132
3133
3134
3135
3136
3137
3138
3139
3140
3141
3142
3143
3144
3145
3146
3147
3148
3149
3150
3151
3152
3153
3154
3155
3156
3157
3158
3159
3160
3161
3162
3163
3164
3165
3166
3167
3168
3169
3170
3171
3172
3173
3174
3175
3176
3177
3178
3179
3180
3181
3182
3183
3184
3185
3186
3187
3188
3189
3190
3191
3192
3193
3194
3195
3196
3197
3198
3199
3200
3201
3202
3203
3204
3205
3206
3207
3208
3209
3210
3211
3212
3213
3214
3215
3216
3217
3218
3219
3220
3221
3222
3223
3224
3225
3226
3227
3228
3229
3230
3231
3232
3233
3234
3235
3236
3237
3238
3239
3240
3241
3242
3243
3244
3245
3246
3247
3248
3249
3250
3251
3252
3253
3254
3255
3256
3257
3258
3259
3260
3261
3262
3263
3264
3265
3266
3267
3268
3269
3270
3271
3272
3273
3274
3275
3276
3277
3278
3279
3280
3281
3282
3283
3284
3285
3286
3287
3288
3289
3290
3291
3292
3293
3294
3295
3296
3297
3298
3299
3300
3301
3302
3303
3304
3305
3306
3307
3308
3309
3310
3311
3312
3313
3314
3315
3316
3317
3318
3319
3320
3321
3322
3323
3324
3325
3326
3327
3328
3329
3330
3331
3332
3333
3334
3335
3336
3337
3338
3339
3340
3341
3342
3343
3344
3345
3346
3347
3348
3349
3350
3351
3352
3353
3354
3355
3356
3357
3358
3359
3360
3361
3362
3363
3364
3365
3366
3367
3368
3369
3370
3371
3372
3373
3374
3375
3376
3377
3378
3379
3380
3381
3382
3383
3384
3385
3386
3387
3388
3389
3390
3391
3392
3393
3394
3395
3396
3397
3398
3399
3400
3401
3402
3403
3404
3405
3406
3407
3408
3409
3410
3411
3412
3413
3414
3415
3416
3417
3418
3419
3420
3421
3422
3423
3424
3425
3426
3427
3428
3429
3430
3431
3432
3433
3434
3435
3436
3437
3438
3439
3440
3441
3442
3443
3444
3445
3446
3447
3448
3449
3450
3451
3452
3453
3454
3455
3456
3457
3458
3459
3460
3461
3462
3463
3464
3465
3466
3467
3468
3469
3470
3471
3472
3473
3474
3475
3476
3477
3478
3479
3480
3481
3482
3483
3484
3485
3486
3487
3488
3489
3490
3491
3492
3493
3494
3495
3496
3497
3498
3499
3500
3501
3502
3503
3504
3505
3506
3507
3508
3509
3510
3511
3512
3513
3514
3515
3516
3517
3518
3519
3520
3521
3522
3523
3524
3525
3526
3527
3528
3529
3530
3531
3532
3533
3534
3535
3536
3537
3538
3539
3540
3541
3542
3543
3544
3545
3546
3547
3548
3549
3550
3551
3552
3553
3554
3555
3556
3557
3558
3559
3560
3561
3562
3563
3564
3565
3566
3567
3568
3569
3570
3571
3572
3573
3574
3575
3576
3577
3578
3579
3580
3581
3582
3583
3584
3585
3586
3587
3588
3589
3590
3591
3592
3593
3594
3595
3596
3597
3598
3599
3600
3601
3602
3603
3604
3605
3606
3607
3608
3609
3610
3611
3612
3613
3614
3615
3616
3617
3618
3619
3620
3621
3622
3623
3624
3625
3626
3627
3628
3629
3630
3631
3632
3633
3634
3635
3636
3637
3638
3639
3640
3641
3642
3643
3644
3645
3646
3647
3648
3649
3650
3651
3652
3653
3654
3655
3656
3657
3658
3659
3660
3661
3662
3663
3664
3665
3666
3667
3668
3669
3670
3671
3672
3673
3674
3675
3676
3677
3678
3679
3680
3681
3682
3683
3684
3685
3686
3687
3688
3689
3690
3691
3692
3693
3694
3695
3696
3697
3698
3699
3700
3701
3702
3703
3704
3705
3706
3707
3708
3709
3710
3711
3712
3713
3714
3715
3716
3717
3718
3719
3720
3721
3722
3723
3724
3725
3726
3727
3728
3729
3730
3731
3732
3733
3734
3735
3736
3737
3738
3739
3740
3741
3742
3743
3744
3745
3746
3747
3748
3749
3750
3751
3752
3753
3754
3755
3756
3757
3758
3759
3760
3761
3762
3763
3764
3765
3766
3767
3768
3769
3770
3771
3772
3773
3774
3775
3776
3777
3778
3779
3780
3781
3782
3783
3784
3785
3786
3787
3788
3789
3790
3791
3792
3793
3794
3795
3796
3797
3798
3799
3800
3801
3802
3803
3804
3805
3806
3807
3808
3809
3810
3811
3812
3813
3814
3815
3816
3817
3818
3819
3820
3821
3822
3823
3824
3825
3826
3827
3828
3829
3830
3831
3832
3833
3834
3835
3836
3837
3838
3839
3840
3841
3842
3843
3844
3845
3846
3847
3848
3849
3850
3851
3852
3853
3854
3855
3856
3857
3858
3859
3860
3861
3862
3863
3864
3865
3866
3867
3868
3869
3870
3871
3872
3873
3874
3875
3876
3877
3878
3879
3880
3881
3882
3883
3884
3885
3886
3887
3888
3889
3890
3891
3892
3893
3894
3895
3896
3897
3898
3899
3900
3901
3902
3903
3904
3905
3906
3907
3908
3909
3910
3911
3912
3913
3914
3915
3916
3917
3918
3919
3920
3921
3922
3923
3924
3925
3926
3927
3928
3929
3930
3931
3932
3933
3934
3935
3936
3937
3938
3939
3940
3941
3942
3943
3944
3945
3946
3947
3948
3949
3950
3951
3952
3953
3954
3955
3956
3957
3958
3959
3960
3961
3962
3963
3964
3965
3966
3967
3968
3969
3970
3971
3972
3973
3974
3975
3976
3977
3978
3979
3980
3981
3982
3983
3984
3985
3986
3987
3988
3989
3990
3991
3992
3993
3994
3995
3996
3997
3998
3999
4000
4001
4002
4003
4004
4005
4006
4007
4008
4009
4010
4011
4012
4013
4014
4015
4016
4017
4018
4019
4020
4021
4022
4023
4024
4025
4026
4027
4028
4029
4030
4031
4032
4033
4034
4035
4036
4037
4038
4039
4040
4041
4042
4043
4044
4045
4046
4047
4048
4049
4050
4051
4052
4053
4054
4055
4056
4057
4058
4059
4060
4061
4062
4063
4064
4065
4066
4067
4068
4069
4070
4071
4072
4073
4074
4075
4076
4077
4078
4079
4080
4081
4082
4083
4084
4085
4086
4087
4088
4089
4090
4091
4092
4093
4094
4095
4096
4097
4098
4099
4100
4101
4102
4103
4104
4105
4106
4107
4108
4109
4110
4111
4112
4113
4114
4115
4116
4117
4118
4119
4120
4121
4122
4123
4124
4125
4126
4127
4128
4129
4130
4131
4132
4133
4134
4135
4136
4137
4138
4139
4140
4141
4142
4143
4144
4145
4146
4147
4148
4149
4150
4151
4152
4153
4154
4155
4156
4157
4158
4159
4160
4161
4162
4163
4164
4165
4166
4167
4168
4169
4170
4171
4172
4173
4174
4175
4176
4177
4178
4179
4180
4181
4182
4183
4184
4185
4186
4187
4188
4189
4190
4191
4192
4193
4194
4195
4196
4197
4198
4199
4200
4201
4202
4203
4204
4205
4206
4207
4208
4209
4210
4211
4212
4213
4214
4215
4216
4217
4218
4219
4220
4221
4222
4223
4224
4225
4226
4227
4228
4229
4230
4231
4232
4233
4234
4235
4236
4237
4238
4239
4240
4241
4242
4243
4244
4245
4246
4247
4248
4249
4250
4251
4252
4253
4254
4255
4256
4257
4258
4259
4260
4261
4262
4263
4264
4265
4266
4267
4268
4269
4270
4271
4272
4273
4274
4275
4276
4277
4278
4279
4280
4281
4282
4283
4284
4285
4286
4287
4288
4289
4290
4291
4292
4293
4294
4295
4296
4297
4298
4299
4300
4301
4302
4303
4304
4305
4306
4307
4308
4309
4310
4311
4312
4313
4314
4315
4316
4317
4318
4319
4320
4321
4322
4323
4324
4325
4326
4327
4328
4329
4330
4331
4332
4333
4334
4335
4336
4337
4338
4339
4340
4341
4342
4343
4344
4345
4346
4347
4348
4349
4350
4351
4352
4353
4354
4355
4356
4357
4358
4359
4360
4361
4362
4363
4364
4365
4366
4367
4368
4369
4370
4371
4372
4373
4374
4375
4376
4377
4378
4379
4380
4381
4382
4383
4384
4385
4386
4387
4388
4389
4390
4391
4392
4393
4394
4395
4396
4397
4398
4399
4400
4401
4402
4403
4404
4405
4406
4407
4408
4409
4410
4411
4412
4413
4414
4415
4416
4417
4418
4419
4420
4421
4422
4423
4424
4425
4426
4427
4428
4429
4430
4431
4432
4433
4434
4435
4436
4437
4438
4439
4440
4441
4442
4443
4444
4445
4446
4447
4448
4449
4450
4451
4452
4453
4454
4455
4456
4457
4458
4459
4460
4461
4462
4463
4464
4465
4466
4467
4468
4469
4470
4471
4472
4473
4474
4475
4476
4477
4478
4479
4480
4481
4482
4483
4484
4485
4486
4487
4488
4489
4490
4491
4492
4493
4494
4495
4496
4497
4498
4499
4500
4501
4502
4503
4504
4505
4506
4507
4508
4509
4510
4511
4512
4513
4514
4515
4516
4517
4518
4519
4520
4521
4522
4523
4524
4525
4526
4527
4528
4529
4530
4531
4532
4533
4534
4535
4536
4537
4538
4539
4540
4541
4542
4543
4544
4545
4546
4547
4548
4549
4550
4551
4552
4553
4554
4555
4556
4557
4558
4559
4560
4561
4562
4563
4564
4565
4566
4567
4568
4569
4570
4571
4572
4573
4574
4575
4576
4577
4578
4579
4580
4581
4582
4583
4584
4585
4586
4587
4588
4589
4590
4591
4592
4593
4594
4595
4596
4597
4598
4599
4600
4601
4602
4603
4604
4605
4606
4607
4608
4609
4610
4611
4612
4613
4614
4615
4616
4617
4618
4619
4620
4621
4622
4623
4624
4625
4626
4627
4628
4629
4630
4631
4632
4633
4634
4635
4636
4637
4638
4639
4640
4641
4642
4643
4644
4645
4646
4647
4648
4649
4650
4651
4652
4653
4654
4655
4656
4657
4658
4659
4660
4661
4662
4663
4664
4665
4666
4667
4668
4669
4670
4671
4672
4673
4674
4675
4676
4677
4678
4679
4680
4681
4682
4683
4684
4685
4686
4687
4688
4689
4690
4691
4692
4693
4694
4695
4696
4697
4698
4699
4700
4701
4702
4703
4704
4705
4706
4707
4708
4709
4710
4711
4712
4713
4714
4715
4716
4717
4718
4719
4720
4721
4722
4723
4724
4725
4726
4727
4728
4729
4730
4731
4732
4733
4734
4735
4736
4737
4738
4739
4740
4741
4742
4743
4744
4745
4746
4747
4748
4749
4750
4751
4752
4753
4754
4755
4756
4757
4758
4759
4760
4761
4762
4763
4764
4765
4766
4767
4768
4769
4770
4771
4772
4773
4774
4775
4776
4777
4778
4779
4780
4781
4782
4783
4784
4785
4786
4787
4788
4789
4790
4791
4792
4793
4794
4795
4796
4797
4798
4799
4800
4801
4802
4803
4804
4805
4806
4807
4808
4809
4810
4811
4812
4813
4814
4815
4816
4817
4818
4819
4820
4821
4822
4823
4824
4825
4826
4827
4828
4829
4830
4831
4832
4833
4834
4835
4836
4837
4838
4839
4840
4841
4842
4843
4844
4845
4846
4847
4848
4849
4850
4851
4852
4853
4854
4855
4856
4857
4858
4859
4860
4861
4862
4863
4864
4865
4866
4867
4868
4869
4870
4871
4872
4873
4874
4875
4876
4877
4878
4879
4880
4881
4882
4883
4884
4885
4886
4887
4888
4889
4890
4891
4892
4893
4894
4895
4896
4897
4898
4899
4900
4901
4902
4903
4904
4905
4906
4907
4908
4909
4910
4911
4912
4913
4914
4915
4916
4917
4918
4919
4920
4921
4922
4923
4924
4925
4926
4927
4928
4929
4930
4931
4932
4933
4934
4935
4936
4937
4938
4939
4940
4941
4942
4943
4944
4945
4946
4947
4948
4949
4950
4951
4952
4953
4954
4955
4956
4957
4958
4959
4960
4961
4962
4963
4964
4965
4966
4967
4968
4969
4970
4971
4972
4973
4974
4975
4976
4977
4978
4979
4980
4981
4982
4983
4984
4985
4986
4987
4988
4989
4990
4991
4992
4993
4994
4995
4996
4997
4998
4999
5000
5001
5002
5003
5004
5005
5006
5007
5008
5009
5010
5011
5012
5013
5014
5015
5016
5017
5018
5019
5020
5021
5022
5023
5024
5025
5026
5027
5028
5029
5030
5031
5032
5033
5034
5035
5036
5037
5038
5039
5040
5041
5042
5043
5044
5045
5046
5047
5048
5049
5050
5051
5052
5053
5054
5055
5056
5057
5058
5059
5060
5061
5062
5063
5064
5065
5066
5067
5068
5069
5070
5071
5072
5073
5074
5075
5076
5077
5078
5079
5080
5081
5082
5083
5084
5085
5086
5087
5088
5089
5090
5091
5092
5093
5094
5095
5096
5097
5098
5099
5100
5101
5102
5103
5104
5105
5106
5107
5108
5109
5110
5111
5112
5113
5114
5115
5116
5117
5118
5119
5120
5121
5122
5123
5124
5125
5126
5127
5128
5129
5130
5131
5132
5133
5134
5135
5136
5137
5138
5139
5140
5141
5142
5143
5144
5145
5146
5147
5148
5149
5150
5151
5152
5153
5154
5155
5156
5157
5158
5159
5160
5161
5162
5163
5164
5165
5166
5167
5168
5169
5170
5171
5172
5173
5174
5175
5176
5177
5178
5179
5180
5181
5182
5183
5184
5185
5186
5187
5188
5189
5190
5191
5192
5193
5194
5195
5196
5197
5198
5199
5200
5201
5202
5203
5204
5205
5206
5207
5208
5209
5210
5211
5212
5213
5214
5215
5216
5217
5218
5219
5220
5221
5222
5223
5224
5225
5226
5227
5228
5229
5230
5231
5232
5233
5234
5235
5236
5237
5238
5239
5240
5241
5242
5243
5244
5245
5246
5247
5248
5249
5250
5251
5252
5253
5254
5255
5256
5257
5258
5259
5260
5261
5262
5263
5264
5265
5266
5267
5268
5269
5270
5271
5272
5273
5274
5275
5276
5277
5278
5279
5280
5281
5282
5283
5284
5285
5286
5287
5288
5289
5290
5291
5292
5293
5294
5295
5296
5297
5298
5299
5300
5301
5302
5303
5304
5305
5306
5307
5308
5309
5310
5311
5312
5313
5314
5315
5316
5317
5318
5319
5320
5321
5322
5323
5324
5325
5326
5327
5328
5329
5330
5331
5332
5333
5334
5335
5336
5337
5338
5339
5340
5341
5342
5343
5344
5345
5346
5347
5348
5349
5350
5351
5352
5353
5354
5355
5356
5357
5358
5359
5360
5361
5362
5363
5364
5365
5366
5367
5368
5369
5370
5371
5372
5373
5374
5375
5376
5377
5378
5379
5380
5381
5382
5383
5384
5385
5386
5387
5388
5389
5390
5391
5392
5393
5394
5395
5396
5397
5398
5399
5400
5401
5402
5403
5404
5405
5406
5407
5408
5409
5410
5411
5412
5413
5414
5415
5416
5417
5418
5419
5420
5421
5422
5423
5424
5425
5426
5427
5428
5429
5430
5431
5432
5433
5434
5435
5436
5437
5438
5439
5440
5441
5442
5443
5444
5445
5446
5447
5448
5449
5450
5451
5452
5453
5454
5455
5456
5457
5458
5459
5460
5461
5462
5463
5464
5465
5466
5467
5468
5469
5470
5471
5472
5473
5474
5475
5476
5477
5478
5479
5480
5481
5482
5483
5484
5485
5486
5487
5488
5489
5490
5491
5492
5493
5494
5495
5496
5497
5498
5499
5500
5501
5502
5503
5504
5505
5506
5507
5508
5509
5510
5511
5512
5513
5514
5515
5516
5517
5518
5519
5520
5521
5522
5523
5524
5525
5526
5527
5528
5529
5530
5531
5532
5533
5534
5535
5536
5537
5538
5539
5540
5541
5542
5543
5544
5545
5546
5547
5548
5549
5550
5551
5552
5553
5554
5555
5556
5557
5558
5559
5560
5561
5562
5563
5564
5565
5566
5567
5568
5569
5570
5571
5572
5573
5574
5575
5576
5577
5578
5579
5580
5581
5582
5583
5584
5585
5586
5587
5588
5589
5590
5591
5592
5593
5594
5595
5596
5597
5598
5599
5600
5601
5602
5603
5604
5605
5606
5607
5608
5609
5610
5611
5612
5613
5614
5615
5616
5617
5618
5619
5620
5621
5622
5623
5624
5625
5626
5627
5628
5629
5630
5631
5632
5633
5634
5635
5636
5637
5638
5639
5640
5641
5642
5643
5644
5645
5646
5647
5648
5649
5650
5651
5652
5653
5654
5655
5656
5657
5658
5659
5660
5661
5662
5663
5664
5665
5666
5667
5668
5669
5670
5671
5672
5673
5674
5675
5676
5677
5678
5679
5680
5681
5682
5683
5684
5685
5686
5687
5688
5689
5690
5691
5692
5693
5694
5695
5696
5697
5698
5699
5700
5701
5702
5703
5704
5705
5706
5707
5708
5709
5710
5711
5712
5713
5714
5715
5716
5717
5718
5719
5720
5721
5722
5723
5724
5725
5726
5727
5728
5729
5730
5731
5732
5733
5734
5735
5736
5737
5738
5739
5740
5741
5742
5743
5744
5745
5746
5747
5748
5749
5750
5751
5752
5753
5754
5755
5756
5757
5758
5759
5760
5761
5762
5763
5764
5765
5766
5767
5768
5769
5770
5771
5772
5773
5774
5775
5776
5777
5778
5779
5780
5781
5782
5783
5784
5785
5786
5787
5788
5789
5790
5791
5792
5793
5794
5795
5796
5797
5798
5799
5800
5801
5802
5803
5804
5805
5806
5807
5808
5809
5810
5811
5812
5813
5814
5815
5816
5817
5818
5819
5820
5821
5822
5823
5824
5825
5826
5827
5828
5829
5830
5831
5832
5833
5834
5835
5836
5837
5838
5839
5840
5841
5842
5843
5844
5845
5846
5847
5848
5849
5850
5851
5852
5853
5854
5855
5856
5857
5858
5859
5860
5861
5862
5863
5864
5865
5866
5867
5868
5869
5870
5871
5872
5873
5874
5875
5876
5877
5878
5879
5880
5881
5882
5883
5884
5885
5886
5887
5888
5889
5890
5891
5892
5893
5894
5895
5896
5897
5898
5899
5900
5901
5902
5903
5904
5905
5906
5907
5908
5909
5910
5911
5912
5913
5914
5915
5916
5917
5918
5919
5920
5921
5922
5923
5924
5925
5926
5927
5928
5929
5930
5931
5932
5933
5934
5935
5936
5937
5938
5939
5940
5941
5942
5943
5944
5945
5946
5947
5948
5949
5950
5951
5952
5953
5954
5955
5956
5957
5958
5959
5960
5961
5962
5963
5964
5965
5966
5967
5968
5969
5970
5971
5972
5973
5974
5975
5976
5977
5978
5979
5980
5981
5982
5983
5984
5985
5986
5987
5988
5989
5990
5991
5992
5993
5994
5995
5996
5997
5998
5999
6000
6001
6002
6003
6004
6005
6006
6007
6008
6009
6010
6011
6012
6013
6014
6015
6016
6017
6018
6019
6020
6021
6022
6023
6024
6025
6026
6027
6028
6029
6030
6031
6032
6033
6034
6035
6036
6037
6038
6039
6040
6041
6042
6043
6044
6045
6046
6047
6048
6049
6050
6051
6052
6053
6054
6055
6056
6057
6058
6059
6060
6061
6062
6063
6064
6065
6066
6067
6068
6069
6070
6071
6072
6073
6074
6075
6076
6077
6078
6079
6080
6081
6082
6083
6084
6085
6086
6087
6088
6089
6090
6091
6092
6093
6094
6095
6096
6097
6098
6099
6100
6101
6102
6103
6104
6105
6106
6107
6108
6109
6110
6111
6112
6113
6114
6115
6116
6117
6118
6119
6120
6121
6122
6123
6124
6125
6126
6127
6128
6129
6130
6131
6132
6133
6134
6135
6136
6137
6138
6139
6140
6141
6142
6143
6144
6145
6146
6147
6148
6149
6150
6151
6152
6153
6154
6155
6156
6157
6158
6159
6160
6161
6162
6163
6164
6165
6166
6167
6168
6169
6170
6171
6172
6173
6174
6175
6176
6177
6178
6179
6180
6181
6182
6183
6184
6185
6186
6187
6188
6189
6190
6191
6192
6193
6194
6195
6196
6197
6198
6199
6200
6201
6202
6203
6204
6205
6206
6207
6208
6209
6210
6211
6212
6213
6214
6215
6216
6217
6218
6219
6220
6221
6222
6223
6224
6225
6226
6227
6228
6229
6230
6231
6232
6233
6234
6235
6236
6237
6238
6239
6240
6241
6242
6243
6244
6245
6246
6247
6248
6249
6250
6251
6252
6253
6254
6255
6256
6257
6258
6259
6260
6261
6262
6263
6264
6265
6266
6267
6268
6269
6270
6271
6272
6273
6274
6275
6276
6277
6278
6279
6280
6281
6282
6283
6284
6285
6286
6287
6288
6289
6290
6291
6292
6293
6294
6295
6296
6297
6298
6299
6300
6301
6302
6303
6304
6305
6306
6307
6308
6309
6310
6311
6312
6313
6314
6315
6316
6317
6318
6319
6320
6321
6322
6323
6324
6325
6326
6327
6328
6329
6330
6331
6332
6333
6334
6335
6336
6337
6338
6339
6340
6341
6342
6343
6344
6345
6346
6347
6348
6349
6350
6351
6352
6353
6354
6355
6356
6357
6358
6359
6360
6361
6362
6363
6364
6365
6366
6367
6368
6369
6370
6371
6372
6373
6374
6375
6376
6377
6378
6379
6380
6381
6382
6383
6384
6385
6386
6387
6388
6389
6390
6391
6392
6393
6394
6395
6396
6397
6398
6399
6400
6401
6402
6403
6404
6405
6406
6407
6408
6409
6410
6411
6412
6413
6414
6415
6416
6417
6418
6419
6420
6421
6422
6423
6424
6425
6426
6427
6428
6429
6430
6431
6432
6433
6434
6435
6436
6437
6438
6439
6440
6441
6442
6443
6444
6445
6446
6447
6448
6449
6450
6451
6452
6453
6454
6455
6456
6457
6458
6459
6460
6461
6462
6463
6464
6465
6466
6467
6468
6469
6470
6471
6472
6473
6474
6475
6476
6477
6478
6479
6480
6481
6482
6483
6484
6485
6486
6487
6488
6489
6490
6491
6492
6493
6494
6495
6496
6497
6498
6499
6500
6501
6502
6503
6504
6505
6506
6507
6508
6509
6510
6511
6512
6513
6514
6515
6516
6517
6518
6519
6520
6521
6522
6523
6524
6525
6526
6527
6528
6529
6530
6531
6532
6533
6534
6535
6536
6537
6538
6539
6540
6541
6542
6543
6544
6545
6546
6547
6548
6549
6550
6551
6552
6553
6554
6555
6556
6557
6558
6559
6560
6561
6562
6563
6564
6565
6566
6567
6568
6569
6570
6571
6572
6573
6574
6575
6576
6577
6578
6579
6580
6581
6582
6583
6584
6585
6586
6587
6588
6589
6590
6591
6592
6593
6594
6595
6596
6597
6598
6599
6600
6601
6602
6603
6604
6605
6606
6607
6608
6609
6610
6611
6612
6613
6614
6615
6616
6617
6618
6619
6620
6621
6622
6623
6624
6625
6626
6627
6628
6629
6630
6631
6632
6633
6634
6635
6636
6637
6638
6639
6640
6641
6642
6643
6644
6645
6646
6647
6648
6649
6650
6651
6652
6653
6654
6655
6656
6657
6658
6659
6660
6661
6662
6663
6664
6665
6666
6667
6668
6669
6670
6671
6672
6673
6674
6675
6676
6677
6678
6679
6680
6681
6682
6683
6684
6685
6686
6687
6688
6689
6690
6691
6692
6693
6694
6695
6696
6697
6698
6699
6700
6701
6702
6703
6704
6705
6706
6707
6708
6709
6710
6711
6712
6713
6714
6715
6716
6717
6718
6719
6720
6721
6722
6723
6724
6725
6726
6727
6728
6729
6730
6731
6732
6733
6734
6735
6736
6737
6738
6739
6740
6741
6742
6743
6744
6745
6746
6747
6748
6749
6750
6751
6752
6753
6754
6755
6756
6757
6758
6759
6760
6761
6762
6763
6764
6765
6766
6767
6768
6769
6770
6771
6772
6773
6774
6775
6776
6777
6778
6779
6780
6781
6782
6783
6784
6785
6786
6787
6788
6789
6790
6791
6792
6793
6794
6795
6796
6797
6798
6799
6800
6801
6802
6803
6804
6805
6806
6807
6808
6809
6810
6811
6812
6813
6814
6815
6816
6817
6818
6819
6820
6821
6822
6823
6824
6825
6826
6827
6828
6829
6830
6831
6832
6833
6834
6835
6836
6837
6838
6839
6840
6841
6842
6843
6844
6845
6846
6847
6848
6849
6850
6851
6852
6853
6854
6855
6856
6857
6858
6859
6860
6861
6862
6863
6864
6865
6866
6867
6868
6869
6870
6871
6872
6873
6874
6875
6876
6877
6878
6879
6880
6881
6882
6883
6884
6885
6886
6887
6888
6889
6890
6891
6892
6893
6894
6895
6896
6897
6898
6899
6900
6901
6902
6903
6904
6905
6906
6907
6908
6909
6910
6911
6912
6913
6914
6915
6916
6917
6918
6919
6920
6921
6922
6923
6924
6925
6926
6927
6928
6929
6930
6931
6932
6933
6934
6935
6936
6937
6938
6939
6940
6941
6942
6943
6944
6945
6946
6947
6948
6949
6950
6951
6952
6953
6954
6955
6956
6957
6958
6959
6960
6961
6962
6963
6964
6965
6966
6967
6968
6969
6970
6971
6972
6973
6974
6975
6976
6977
6978
6979
6980
6981
6982
6983
6984
6985
6986
6987
6988
6989
6990
6991
6992
6993
6994
6995
6996
6997
6998
6999
7000
7001
7002
7003
7004
7005
7006
7007
7008
7009
7010
7011
7012
7013
7014
7015
7016
7017
7018
7019
7020
7021
7022
7023
7024
7025
7026
7027
7028
7029
7030
7031
7032
7033
7034
7035
7036
7037
7038
7039
7040
7041
7042
7043
7044
7045
7046
7047
7048
7049
7050
7051
7052
7053
7054
7055
7056
7057
7058
7059
7060
7061
7062
7063
7064
7065
7066
7067
7068
7069
7070
7071
7072
7073
7074
7075
7076
7077
7078
7079
7080
7081
7082
7083
7084
7085
7086
7087
7088
7089
7090
7091
7092
7093
7094
7095
7096
7097
7098
7099
7100
7101
7102
7103
7104
7105
7106
7107
7108
7109
7110
7111
7112
7113
7114
7115
7116
7117
7118
7119
7120
7121
7122
7123
7124
7125
7126
7127
7128
7129
7130
7131
7132
7133
7134
7135
7136
7137
7138
7139
7140
7141
7142
7143
7144
7145
7146
7147
7148
7149
7150
7151
7152
7153
7154
7155
7156
7157
7158
7159
7160
7161
7162
7163
7164
7165
7166
7167
7168
7169
7170
7171
7172
7173
7174
7175
7176
7177
7178
7179
7180
7181
7182
7183
7184
7185
7186
7187
7188
7189
7190
7191
7192
7193
7194
7195
7196
7197
7198
7199
7200
7201
7202
7203
7204
7205
7206
7207
7208
7209
7210
7211
7212
7213
7214
7215
7216
7217
7218
7219
7220
7221
7222
7223
7224
7225
7226
7227
7228
7229
7230
7231
7232
7233
7234
7235
7236
7237
7238
7239
7240
7241
7242
7243
7244
7245
7246
7247
7248
7249
7250
7251
7252
7253
7254
7255
7256
7257
7258
7259
7260
7261
7262
7263
7264
7265
7266
7267
7268
7269
7270
7271
7272
7273
7274
7275
7276
7277
7278
7279
7280
7281
7282
7283
7284
7285
7286
7287
7288
7289
7290
7291
7292
7293
7294
7295
7296
7297
7298
7299
7300
7301
7302
7303
7304
7305
7306
7307
7308
7309
7310
7311
7312
7313
7314
7315
7316
7317
7318
7319
7320
7321
7322
7323
7324
7325
7326
7327
7328
7329
7330
7331
7332
7333
7334
7335
7336
7337
7338
7339
7340
7341
7342
7343
7344
7345
7346
7347
7348
7349
7350
7351
7352
7353
7354
7355
7356
7357
7358
7359
7360
7361
7362
7363
7364
7365
7366
7367
7368
7369
7370
7371
7372
7373
7374
7375
7376
7377
7378
7379
7380
7381
7382
7383
7384
7385
7386
7387
7388
7389
7390
7391
7392
7393
7394
7395
7396
7397
7398
7399
7400
7401
7402
7403
7404
7405
7406
7407
7408
7409
7410
7411
7412
7413
7414
7415
7416
7417
7418
7419
7420
7421
7422
7423
7424
7425
7426
7427
7428
7429
7430
7431
7432
7433
7434
7435
7436
7437
7438
7439
7440
7441
7442
7443
7444
7445
7446
7447
7448
7449
7450
7451
7452
7453
7454
7455
7456
7457
7458
7459
7460
7461
7462
7463
7464
7465
7466
7467
7468
7469
7470
7471
7472
7473
7474
7475
7476
7477
7478
7479
7480
7481
7482
7483
7484
7485
7486
7487
7488
7489
7490
7491
7492
7493
7494
7495
7496
7497
7498
7499
7500
7501
7502
7503
7504
7505
7506
7507
7508
7509
7510
7511
7512
7513
7514
7515
7516
7517
7518
7519
7520
7521
7522
7523
7524
7525
7526
7527
7528
7529
7530
7531
7532
7533
7534
7535
7536
7537
7538
7539
7540
7541
7542
7543
7544
7545
7546
7547
7548
7549
7550
7551
7552
7553
7554
7555
7556
7557
7558
7559
7560
7561
7562
7563
7564
7565
7566
7567
7568
7569
7570
7571
7572
7573
7574
7575
7576
7577
7578
7579
7580
7581
7582
7583
7584
7585
7586
7587
7588
7589
7590
7591
7592
7593
7594
7595
7596
7597
7598
7599
7600
7601
7602
7603
7604
7605
7606
7607
7608
7609
7610
7611
7612
7613
7614
7615
7616
7617
7618
7619
7620
7621
7622
7623
7624
7625
7626
7627
7628
7629
7630
7631
7632
7633
7634
7635
7636
7637
7638
7639
7640
7641
7642
7643
7644
7645
7646
7647
7648
7649
7650
7651
7652
7653
7654
7655
7656
7657
7658
7659
7660
7661
7662
7663
7664
7665
7666
7667
7668
7669
7670
7671
7672
7673
7674
7675
7676
7677
7678
7679
7680
7681
7682
7683
7684
7685
7686
7687
7688
7689
7690
7691
7692
7693
7694
7695
7696
7697
7698
7699
7700
7701
7702
7703
7704
7705
7706
7707
7708
7709
7710
7711
7712
7713
7714
7715
7716
7717
7718
7719
7720
7721
7722
7723
7724
7725
7726
7727
7728
7729
7730
7731
7732
7733
7734
7735
7736
7737
7738
7739
7740
7741
7742
7743
7744
7745
7746
7747
7748
7749
7750
7751
7752
7753
7754
7755
7756
7757
7758
7759
7760
7761
7762
7763
7764
7765
7766
7767
7768
7769
7770
7771
7772
7773
7774
7775
7776
7777
7778
7779
7780
7781
7782
7783
7784
7785
7786
7787
7788
7789
7790
7791
7792
7793
7794
7795
7796
7797
7798
7799
7800
7801
7802
7803
7804
7805
7806
7807
7808
7809
7810
7811
7812
7813
7814
7815
7816
7817
7818
7819
7820
7821
7822
7823
7824
7825
7826
7827
7828
7829
7830
7831
7832
7833
7834
7835
7836
7837
7838
7839
7840
7841
7842
7843
7844
7845
7846
7847
7848
7849
7850
7851
7852
7853
7854
7855
7856
7857
7858
7859
7860
7861
7862
7863
7864
7865
7866
7867
7868
7869
7870
7871
7872
7873
7874
7875
7876
7877
7878
7879
7880
7881
7882
7883
7884
7885
7886
7887
7888
7889
7890
7891
7892
7893
7894
7895
7896
7897
7898
7899
7900
7901
7902
7903
7904
7905
7906
7907
7908
7909
7910
7911
7912
7913
7914
7915
7916
7917
7918
7919
7920
7921
7922
7923
7924
7925
7926
7927
7928
7929
7930
7931
7932
7933
7934
7935
7936
7937
7938
7939
7940
7941
7942
7943
7944
7945
7946
7947
7948
7949
7950
7951
7952
7953
7954
7955
7956
7957
7958
7959
7960
7961
7962
7963
7964
7965
7966
7967
7968
7969
7970
7971
7972
7973
7974
7975
7976
7977
7978
7979
7980
7981
7982
7983
7984
7985
7986
7987
7988
7989
7990
7991
7992
7993
7994
7995
7996
7997
7998
7999
8000
8001
8002
8003
8004
8005
8006
8007
8008
8009
8010
8011
8012
8013
8014
8015
8016
8017
8018
8019
8020
8021
8022
8023
8024
8025
8026
8027
8028
8029
8030
8031
8032
8033
8034
8035
8036
8037
8038
8039
8040
8041
8042
8043
8044
8045
8046
8047
8048
8049
8050
8051
8052
8053
8054
8055
8056
8057
8058
8059
8060
8061
8062
8063
8064
8065
8066
8067
8068
8069
8070
8071
8072
8073
8074
8075
8076
8077
8078
8079
8080
8081
8082
8083
8084
8085
8086
8087
8088
8089
8090
8091
8092
8093
8094
8095
8096
8097
8098
8099
8100
8101
8102
8103
8104
8105
8106
8107
8108
8109
8110
8111
8112
8113
8114
8115
8116
8117
8118
8119
8120
8121
8122
8123
8124
8125
8126
8127
8128
8129
8130
8131
8132
8133
8134
8135
8136
8137
8138
8139
8140
8141
8142
8143
8144
8145
8146
8147
8148
8149
8150
8151
8152
8153
8154
8155
8156
8157
8158
8159
8160
8161
8162
8163
8164
8165
8166
8167
8168
8169
8170
8171
8172
8173
8174
8175
8176
8177
8178
8179
8180
8181
8182
8183
8184
8185
8186
8187
8188
8189
8190
8191
8192
8193
8194
8195
8196
8197
8198
8199
8200
8201
8202
8203
8204
8205
8206
8207
8208
8209
8210
8211
8212
8213
8214
8215
8216
8217
8218
8219
8220
8221
8222
8223
8224
8225
8226
8227
8228
8229
8230
8231
8232
8233
8234
8235
8236
8237
8238
8239
8240
8241
8242
8243
8244
8245
8246
8247
8248
8249
8250
8251
8252
8253
8254
8255
8256
8257
8258
8259
8260
8261
8262
8263
8264
8265
8266
8267
8268
8269
8270
8271
8272
8273
8274
8275
8276
8277
8278
8279
8280
8281
8282
8283
8284
8285
8286
8287
8288
8289
8290
8291
8292
8293
8294
8295
8296
8297
8298
8299
8300
8301
8302
8303
8304
8305
8306
8307
8308
8309
8310
8311
8312
8313
8314
8315
8316
8317
8318
8319
8320
8321
8322
8323
8324
8325
8326
8327
8328
8329
8330
8331
8332
8333
8334
8335
8336
8337
8338
8339
8340
8341
8342
8343
8344
8345
8346
8347
8348
8349
8350
8351
8352
8353
8354
8355
8356
8357
8358
8359
8360
8361
8362
8363
8364
8365
8366
8367
8368
8369
8370
8371
8372
8373
8374
8375
8376
8377
8378
8379
8380
8381
8382
8383
8384
8385
8386
8387
8388
8389
8390
8391
8392
8393
8394
8395
8396
8397
8398
8399
8400
8401
8402
8403
8404
8405
8406
8407
8408
8409
8410
8411
8412
8413
8414
8415
8416
8417
8418
8419
8420
8421
8422
8423
8424
8425
8426
8427
8428
8429
8430
8431
8432
8433
8434
8435
8436
8437
8438
8439
8440
8441
8442
8443
8444
8445
8446
8447
8448
8449
8450
8451
8452
8453
8454
8455
8456
8457
8458
8459
8460
8461
8462
8463
8464
8465
8466
8467
8468
8469
8470
8471
8472
8473
8474
8475
8476
8477
8478
8479
8480
8481
8482
8483
8484
8485
8486
8487
8488
8489
8490
8491
8492
8493
8494
8495
8496
8497
8498
8499
8500
8501
8502
8503
8504
8505
8506
8507
8508
8509
8510
8511
8512
8513
8514
8515
8516
8517
8518
8519
8520
8521
8522
8523
8524
8525
8526
8527
8528
8529
8530
8531
8532
8533
8534
8535
8536
8537
8538
8539
8540
8541
8542
8543
8544
8545
8546
8547
8548
8549
8550
8551
8552
8553
8554
8555
8556
8557
8558
8559
8560
8561
8562
8563
8564
8565
8566
8567
8568
8569
8570
8571
8572
8573
8574
8575
8576
8577
8578
8579
8580
8581
8582
8583
8584
8585
8586
8587
8588
8589
8590
8591
8592
8593
8594
8595
8596
8597
8598
8599
8600
8601
8602
8603
8604
8605
8606
8607
8608
8609
8610
8611
8612
8613
8614
8615
8616
8617
8618
8619
8620
8621
8622
8623
8624
8625
8626
8627
8628
8629
8630
8631
8632
8633
8634
8635
8636
8637
8638
8639
8640
8641
8642
8643
8644
8645
8646
8647
8648
8649
8650
8651
8652
8653
8654
8655
8656
8657
8658
8659
8660
8661
8662
8663
8664
8665
8666
8667
8668
8669
8670
8671
8672
8673
8674
8675
8676
8677
8678
8679
8680
8681
8682
8683
8684
8685
8686
8687
8688
8689
8690
8691
8692
8693
8694
8695
8696
8697
8698
8699
8700
8701
8702
8703
8704
8705
8706
8707
8708
8709
8710
8711
8712
8713
8714
8715
8716
8717
8718
8719
8720
8721
8722
8723
8724
8725
8726
8727
8728
8729
8730
8731
8732
8733
8734
8735
8736
8737
8738
8739
8740
8741
8742
8743
8744
8745
8746
8747
8748
8749
8750
8751
8752
8753
8754
8755
8756
8757
8758
8759
8760
8761
8762
8763
8764
8765
8766
8767
8768
8769
8770
8771
8772
8773
8774
8775
8776
8777
8778
8779
8780
8781
8782
8783
8784
8785
8786
8787
8788
8789
8790
8791
8792
8793
8794
8795
8796
8797
8798
8799
8800
8801
8802
8803
8804
8805
8806
8807
8808
8809
8810
8811
8812
8813
8814
8815
8816
8817
8818
8819
8820
8821
8822
8823
8824
8825
8826
8827
8828
8829
8830
8831
8832
8833
8834
8835
8836
8837
8838
8839
8840
8841
8842
8843
8844
8845
8846
8847
8848
8849
8850
8851
8852
8853
8854
8855
8856
8857
8858
8859
8860
8861
8862
8863
8864
8865
8866
8867
8868
8869
8870
8871
8872
8873
8874
8875
8876
8877
8878
8879
8880
8881
8882
8883
8884
8885
8886
8887
8888
8889
8890
8891
8892
8893
8894
8895
8896
8897
8898
8899
8900
8901
8902
8903
8904
8905
8906
8907
8908
8909
8910
8911
8912
8913
8914
8915
8916
8917
8918
8919
8920
8921
8922
8923
8924
8925
8926
8927
8928
8929
8930
8931
8932
8933
8934
8935
8936
8937
8938
8939
8940
8941
8942
8943
8944
8945
8946
8947
8948
8949
8950
8951
8952
8953
8954
8955
8956
8957
8958
8959
8960
8961
8962
8963
8964
8965
8966
8967
8968
8969
8970
8971
8972
8973
8974
8975
8976
8977
8978
8979
8980
8981
8982
8983
8984
8985
8986
8987
8988
8989
8990
8991
8992
8993
8994
8995
8996
8997
8998
8999
9000
9001
9002
9003
9004
9005
9006
9007
9008
9009
9010
9011
9012
9013
9014
9015
9016
9017
9018
9019
9020
9021
9022
9023
9024
9025
9026
9027
9028
9029
9030
9031
9032
9033
9034
9035
9036
9037
9038
9039
9040
9041
9042
9043
9044
9045
9046
9047
9048
9049
9050
9051
9052
9053
9054
9055
9056
9057
9058
9059
9060
9061
9062
9063
9064
9065
9066
9067
9068
9069
9070
9071
9072
9073
9074
9075
9076
9077
9078
9079
9080
9081
9082
9083
9084
9085
9086
9087
9088
9089
9090
9091
9092
9093
9094
9095
9096
9097
9098
9099
9100
9101
9102
9103
9104
9105
9106
9107
9108
9109
9110
9111
9112
9113
9114
9115
9116
9117
9118
9119
9120
9121
9122
9123
9124
9125
9126
9127
9128
9129
9130
9131
9132
9133
9134
9135
9136
9137
9138
9139
9140
9141
9142
9143
9144
9145
9146
9147
9148
9149
9150
9151
9152
9153
9154
9155
9156
9157
9158
9159
9160
9161
9162
9163
9164
9165
9166
9167
9168
9169
9170
9171
9172
9173
9174
9175
9176
9177
9178
9179
9180
9181
9182
9183
9184
9185
9186
9187
9188
9189
9190
9191
9192
9193
9194
9195
9196
9197
9198
9199
9200
9201
9202
9203
9204
9205
9206
9207
9208
9209
9210
9211
9212
9213
9214
9215
9216
9217
9218
9219
9220
9221
9222
9223
9224
9225
9226
9227
9228
9229
9230
9231
9232
9233
9234
9235
9236
9237
9238
9239
9240
9241
9242
9243
9244
9245
9246
9247
9248
9249
9250
9251
9252
9253
9254
9255
9256
9257
9258
9259
9260
9261
9262
9263
9264
9265
9266
9267
9268
9269
9270
9271
9272
9273
9274
9275
9276
9277
9278
9279
9280
9281
9282
9283
9284
9285
9286
9287
9288
9289
9290
9291
9292
9293
9294
9295
9296
9297
9298
9299
9300
9301
9302
9303
9304
9305
9306
9307
9308
9309
9310
9311
9312
9313
9314
9315
9316
9317
9318
9319
9320
9321
9322
9323
9324
9325
9326
9327
9328
9329
9330
9331
9332
9333
9334
9335
9336
9337
9338
9339
9340
9341
9342
9343
9344
9345
9346
9347
9348
9349
9350
9351
9352
9353
9354
9355
9356
9357
9358
9359
9360
9361
9362
9363
9364
9365
9366
9367
9368
9369
9370
9371
9372
9373
9374
9375
9376
9377
9378
9379
9380
9381
9382
9383
9384
9385
9386
9387
9388
9389
9390
9391
9392
9393
9394
9395
9396
9397
9398
9399
9400
9401
9402
9403
9404
9405
9406
9407
9408
9409
9410
9411
9412
9413
9414
9415
9416
9417
9418
9419
9420
9421
9422
9423
9424
9425
9426
9427
9428
9429
9430
9431
9432
9433
9434
9435
9436
9437
9438
9439
9440
9441
9442
9443
9444
9445
9446
9447
9448
9449
9450
9451
9452
9453
9454
9455
9456
9457
9458
9459
9460
9461
9462
9463
9464
9465
9466
9467
9468
9469
9470
9471
9472
9473
9474
9475
9476
9477
9478
9479
9480
9481
9482
9483
9484
9485
9486
9487
9488
9489
9490
9491
9492
9493
9494
9495
9496
9497
9498
9499
9500
9501
9502
9503
9504
9505
9506
9507
9508
9509
9510
9511
9512
9513
9514
9515
9516
9517
9518
9519
9520
9521
9522
9523
9524
9525
9526
9527
9528
9529
9530
9531
9532
9533
9534
9535
9536
9537
9538
9539
9540
9541
9542
9543
9544
9545
9546
9547
9548
9549
9550
9551
9552
9553
9554
9555
9556
9557
9558
9559
9560
9561
9562
9563
9564
9565
9566
9567
9568
9569
9570
9571
9572
9573
9574
9575
9576
9577
9578
9579
9580
9581
9582
9583
9584
9585
9586
9587
9588
9589
9590
9591
9592
9593
9594
9595
9596
9597
9598
9599
9600
9601
9602
9603
9604
9605
9606
9607
9608
9609
9610
9611
9612
9613
9614
9615
9616
9617
9618
9619
9620
9621
9622
9623
9624
9625
9626
9627
9628
9629
9630
9631
9632
9633
9634
9635
9636
9637
9638
9639
9640
9641
9642
9643
9644
9645
9646
9647
9648
9649
9650
9651
9652
9653
9654
9655
9656
9657
9658
9659
9660
9661
9662
9663
9664
9665
9666
9667
9668
9669
9670
9671
9672
9673
9674
9675
9676
9677
9678
9679
9680
9681
9682
9683
9684
9685
9686
9687
9688
9689
9690
9691
9692
9693
9694
9695
9696
9697
9698
9699
9700
9701
9702
9703
9704
9705
9706
9707
9708
9709
9710
9711
9712
9713
9714
9715
9716
9717
9718
9719
9720
9721
9722
9723
9724
9725
9726
9727
9728
9729
9730
9731
9732
9733
9734
9735
9736
9737
9738
9739
9740
9741
9742
9743
9744
9745
9746
9747
9748
9749
9750
9751
9752
9753
9754
9755
9756
9757
9758
9759
9760
9761
9762
9763
9764
9765
9766
9767
9768
9769
9770
9771
9772
9773
9774
9775
9776
9777
9778
9779
9780
9781
9782
9783
9784
9785
9786
9787
9788
9789
9790
9791
9792
9793
9794
9795
9796
9797
9798
9799
9800
9801
9802
9803
9804
9805
9806
9807
9808
9809
9810
9811
9812
9813
9814
9815
9816
9817
9818
9819
9820
9821
9822
9823
9824
9825
9826
9827
9828
9829
9830
9831
9832
9833
9834
9835
9836
9837
9838
9839
9840
9841
9842
9843
9844
9845
9846
9847
9848
9849
9850
9851
9852
9853
9854
9855
9856
9857
9858
9859
9860
9861
9862
9863
9864
9865
9866
9867
9868
9869
9870
9871
9872
9873
9874
9875
9876
9877
9878
9879
9880
9881
9882
9883
9884
9885
9886
9887
9888
9889
9890
9891
9892
9893
9894
9895
9896
9897
9898
9899
9900
9901
9902
9903
9904
9905
9906
9907
9908
9909
9910
9911
9912
9913
9914
9915
9916
9917
9918
9919
9920
9921
9922
9923
9924
9925
9926
9927
9928
9929
9930
9931
9932
9933
9934
9935
9936
9937
9938
9939
9940
9941
9942
9943
9944
9945
9946
9947
9948
9949
9950
9951
9952
9953
9954
9955
9956
9957
9958
9959
9960
9961
9962
9963
9964
9965
9966
9967
9968
9969
9970
9971
9972
9973
9974
9975
9976
9977
9978
9979
9980
9981
9982
9983
9984
9985
9986
9987
9988
9989
9990
9991
9992
9993
9994
9995
9996
9997
9998
9999
10000
10001
10002
10003
10004
10005
10006
10007
10008
10009
10010
10011
10012
10013
10014
10015
10016
10017
10018
10019
10020
10021
10022
10023
10024
10025
10026
10027
10028
10029
10030
10031
10032
10033
10034
10035
10036
10037
10038
10039
10040
10041
10042
10043
10044
10045
10046
10047
10048
10049
10050
10051
10052
10053
10054
10055
10056
10057
10058
10059
10060
10061
10062
10063
10064
10065
10066
10067
10068
10069
10070
10071
10072
10073
10074
10075
10076
10077
10078
10079
10080
10081
10082
10083
10084
10085
10086
10087
10088
10089
10090
10091
10092
10093
10094
10095
10096
10097
10098
10099
10100
10101
10102
10103
10104
10105
10106
10107
10108
10109
10110
10111
10112
10113
10114
10115
10116
10117
10118
10119
10120
10121
10122
10123
10124
10125
10126
10127
10128
10129
10130
10131
10132
10133
10134
10135
10136
10137
10138
10139
10140
10141
10142
10143
10144
10145
10146
10147
10148
10149
10150
10151
10152
10153
10154
10155
10156
10157
10158
10159
10160
10161
10162
10163
10164
10165
10166
10167
10168
10169
10170
10171
10172
10173
10174
10175
10176
10177
10178
10179
10180
10181
10182
10183
10184
10185
10186
10187
10188
10189
10190
10191
10192
10193
10194
10195
10196
10197
10198
10199
10200
10201
10202
10203
10204
10205
10206
10207
10208
10209
10210
10211
10212
10213
10214
10215
10216
10217
10218
10219
10220
10221
10222
10223
10224
10225
10226
10227
10228
10229
10230
10231
10232
10233
10234
10235
10236
10237
10238
10239
10240
10241
10242
10243
10244
10245
10246
10247
10248
10249
10250
10251
10252
10253
10254
10255
10256
10257
10258
10259
10260
10261
10262
10263
10264
10265
10266
10267
10268
10269
10270
10271
10272
10273
10274
10275
10276
10277
10278
10279
10280
10281
10282
10283
10284
10285
10286
10287
10288
10289
10290
10291
10292
10293
10294
10295
10296
10297
10298
10299
10300
10301
10302
10303
10304
10305
10306
10307
10308
10309
10310
10311
10312
10313
10314
10315
10316
10317
10318
10319
10320
10321
10322
10323
10324
10325
10326
10327
10328
10329
10330
10331
10332
10333
10334
10335
10336
10337
10338
10339
10340
10341
10342
10343
10344
10345
10346
10347
10348
10349
10350
10351
10352
10353
10354
10355
10356
10357
10358
10359
10360
10361
10362
10363
10364
10365
10366
10367
10368
10369
10370
10371
10372
10373
10374
10375
10376
10377
10378
10379
10380
10381
10382
10383
10384
10385
10386
10387
10388
10389
10390
10391
10392
10393
10394
10395
10396
10397
10398
10399
10400
10401
10402
10403
10404
10405
10406
10407
10408
10409
10410
10411
10412
10413
10414
10415
10416
10417
10418
10419
10420
10421
10422
10423
10424
10425
10426
10427
10428
10429
10430
10431
10432
10433
10434
10435
10436
10437
10438
10439
10440
10441
10442
10443
10444
10445
10446
10447
10448
10449
10450
10451
10452
10453
10454
10455
10456
10457
10458
10459
10460
10461
10462
10463
10464
10465
10466
10467
10468
10469
10470
10471
10472
10473
10474
10475
10476
10477
10478
10479
0.6493112704545522 0.3543658971016936 0
0.3506887295454482 0.6456341028983068 0
0.6493299549784143 0.6455533884171969 0
0.3508055262775337 0.3547021355981196 0
0.991504647368968 0.2052863425948853 0
0.2053071557174919 0.008080611109141489 0
0.2050606211485803 0.9913748113801186 0
0.9923127725802603 0.7932656750973195 0
0.7853943940134523 0.008409812284737805 0
0.785000169008452 0.9913399880388007 0
0.00844079590676905 0.7849700314083407 0
0.00751717321814438 0.2144859230657287 0
0.2651159974280261 0.008899921321578241 0
0.265 0.9913397459621556 0
0.9913575205480483 0.2662015999016275 0
0.9921083002101792 0.7347614974069663 0
0.724999567140612 0.9913395608066551 0
0.7252623145989704 0.008530153553216624 0
0.008244153720884106 0.723924000149086 0
0.008191103484294471 0.2749376020633397 0
0.3827232986584257 0.3275299494255036 0
0.3824283612116846 0.6721991344281802 0
0.6166228702421448 0.6722208670118336 0
0.6174939636176616 0.3276680066698044 0
0.6752934548845073 0.3848642941101159 0
0.6766976423457307 0.6138599102927847 0
0.3247196516812568 0.6130886633741963 0
0.3250125392057733 0.3867276271987916 0
0.3249999531183445 0.9914838940786213 0
0.3263943686014178 0.00907194673706585 0
0.9903149755286617 0.6763429291406683 0
0.9913397459621556 0.325 0
0.664221016962156 0.9896021701798776 0
0.6649894890338104 0.008423004286063962 0
0.00866009229998016 0.664999233969547 0
0.008530652300875574 0.335018005043022 0
0.4188609092902474 0.6926051428910588 0
0.418880113513309 0.3079187645938624 0
0.6942825165952622 0.5755001491089097 0
0.6940161646075071 0.4241585177475856 0
0.581119889732222 0.692081232666407 0
0.5806646967748965 0.3075703601026966 0
0.3060027602867279 0.5760272166871987 0
0.3058545171645726 0.4239528448079802 0
0.3850013373413272 0.9913370558447302 0
0.3854188158324789 0.008418319151027864 0
0.9918210050171501 0.6163606291752906 0
0.9908481121899211 0.3837624741865935 0
0.604962813583937 0.9908813482371358 0
0.60420615973481 0.008735535692812435 0
0.8451190877983857 0.008618098242639538 0
0.008681062971803377 0.1540679152779102 0
0.008264491626444437 0.8450945315420172 0
0.8442195587550494 0.991287514905385 0
0.008681272167045895 0.6047277646875781 0
0.008659747398860662 0.3949991433981698 0
0.7054308340185802 0.4633844159069156 0
0.7053645274874246 0.5360701617862046 0
0.4586129337256045 0.295948116486622 0
0.4586964456573566 0.7042432420839105 0
0.5318051755464227 0.2943876025400647 0
0.5305216951407525 0.7059154508916978 0
0.2934659864430654 0.464470915787795 0
0.2948657390083316 0.5370617585118086 0
0.4949477969819612 0.008701491196499767 0
0.4940077157066742 0.9911843404420503 0
0.008883580337028907 0.503694869281161 0
0.9915964588964852 0.4947898294774322 0
0.9918271622264192 0.5550520594506702 0
0.5455149658012076 0.008064967356711361 0
0.5446929527004866 0.9913445307624854 0
0.4450005367538439 0.008660236966364587 0
0.4444042912730474 0.991993735825914 0
0.009024792032844509 0.554752877955893 0
0.007767005629880142 0.4549539680744196 0
0.9913398060778924 0.4450005026487684 0
0.1560651815716092 0.009830940231599639 0
0.1548909740869071 0.9917663586845471 0
0.9918379511408607 0.1550093463448206 0
0.9913397459621556 0.845 0
0.9915522859731272 0.1053682673755952 0
0.1058822536069177 0.008858275321840414 0
0.8961389850342018 0.9912973890819343 0
0.009747062331405987 0.8954385487335044 0
0.1053285256750142 0.9904373984844758 0
0.9901938793022175 0.8949191071273708 0
0.008660254037844373 0.1049999999999999 0
0.895217243525971 0.01013956647230796 0
0.4891189733627124 0.2917803891820611 0
0.4900204721154684 0.7101211479263023 0
0.2911244418823555 0.4947475684356143 0
0.7082743112162455 0.495036780579514 0
0.06510863531651312 0.9921323826453134 0
0.9906911141873582 0.9362031549997318 0
0.00959132703190485 0.06417551738307137 0
0.9350061758586441 0.008293224246060826 0
0.008660254037844317 0.9350000000000001 0
0.9353154472794151 0.9917558342124837 0
0.0644578374328032 0.007579976822305379 0
0.9922509569665278 0.06500992565102437 0
0.5750854403471651 0.007738385955485483 0
0.008660969913447836 0.4250011180350283 0
0.9913399213248316 0.5250008027283054 0
0.9913397459621556 0.585 0
0.9926925640237527 0.4152525769244818 0
0.008660254037844373 0.365 0
0.414783931393616 0.008505673391733248 0
0.4150007328247923 0.9913395979860031 0
0.5749994820594752 0.9913397626941689 0
0.6345280982394912 0.008387723189558993 0
0.9909367693797706 0.6433956103887596 0
0.9910505661804163 0.2958022867365632 0
0.9915214309775295 0.3561382244631955 0
0.008660254037844373 0.635 0
0.008074795068160001 0.3049999566081829 0
0.3550000040121244 0.991432797652064 0
0.2947399545137942 0.00733534556547405 0
0.3532968702742181 0.008036148697829482 0
0.6354081815807686 0.9910070752412742 0
0.6939235383680928 0.008094206712391139 0
0.008660254037844317 0.1850000000000001 0
0.008612780689738642 0.8142436099509437 0
0.008660254037844373 0.755 0
0.008662435115585398 0.6949989618974334 0
0.008692241277766966 0.2454460028403788 0
0.9915703893044956 0.2347571732692642 0
0.9908411316367539 0.7044453719387442 0
0.9897579335243214 0.7655765933691718 0
0.8138621306692905 0.009026764073297 0
0.2345870331665847 0.007782143104828165 0
0.7551678058248885 0.009101998368977904 0
0.816236896683123 0.990657837563372 0
0.7553129151907545 0.9915870349132958 0
0.694999547157596 0.9913397601566764 0
0.2950006379115607 0.9913396171268962 0
0.2350544863670604 0.9916919205521051 0
0.009065082482650755 0.03662614025801669 0
0.9649723738682896 0.008644300166344765 0
0.009678266913719424 0.9661174305343588 0
0.9908508291151342 0.9656652211921968 0
0.6342604804043892 0.6594839069275169 0
0.6620389582780476 0.3696305457656903 0
0.6629006379775828 0.6301917385687795 0
0.6856041950437159 0.5951537187603362 0
0.6869046762472374 0.4041872718798803 0
0.3659997843362586 0.3402045946857211 0
0.4000240138329499 0.6827705594177169 0
0.4004022558165769 0.3168172225875742 0
0.3662147274891781 0.6596598470127031 0
0.3125324865351841 0.5958023180547645 0
0.3365584666897294 0.6292073813753274 0
0.3370913841848264 0.3702114205240974 0
0.6341328969909539 0.3403629043664034 0
0.6001746472393514 0.3174210672840714 0
0.4381039519262729 0.3010045277026915 0
0.299580990097442 0.5563897264540189 0
0.3141856536407734 0.405418075443078 0
0.5995752044334846 0.6831420574472209 0
0.5602600360029802 0.6983824857011877 0
0.56123694068091 0.3013196804688785 0
0.438843535514955 0.6992101988157735 0
0.2993226986681348 0.4433937678957644 0
0.2910461060636954 0.5160648583262835 0
0.7004796715313064 0.4435962537259792 0
0.7079908659175904 0.5155867606191223 0
0.7006773003149583 0.5566062334725517 0
0.5103900676554703 0.7081847294756335 0
0.5104714467058941 0.2913488853203127 0
0.03503394652660052 0.990130859524592 0
0.9649999788213129 0.9917253606368712 0
0.03555125211548477 0.009345072114891939 0
0.9909414317482687 0.03461878615140429 0
0.4750000013341678 0.008340363217145208 0
0.5168502054600776 0.008122630265083586 0
0.5150103351694472 0.9916516680222848 0
0.475 0.9913397459621556 0
0.008231963919860252 0.5250645121238697 0
0.008905599775190676 0.4851452729774836 0
0.991940679854316 0.4650000524822749 0
0.008660109133823757 0.5749996933457393 0
0.9922342848546793 0.8151932067077494 0
0.1850000000000001 0.9913397459621557 0
0.1849136865418717 0.00879414951606694 0
0.9909269794610005 0.1845645672565123 0
0.00895619326046998 0.1343846341085968 0
0.008660247291178091 0.8649999900096315 0
0.8650000002869953 0.00840681426689005 0
0.8649999999999999 0.9913397459621556 0
0.1349252919952261 0.008250051266862291 0
0.1331979817800454 0.9923081044001772 0
0.9913397466440598 0.1350000430691882 0
0.9902886893864483 0.8655995887002916 0
0.008488423208347085 0.9160025021985208 0
0.008369564022515319 0.08540529991971657 0
0.9149689233147348 0.9912523496292636 0
0.9151925791456978 0.008549068234445123 0
0.08536868438169981 0.01011546313827677 0
0.9916392469900077 0.08484601851886636 0
0.08478529675718582 0.9914637050624564 0
0.9913397459621556 0.9149999999999999 0
0.008625046710067419 0.01479876341146763 0
0.9853506758003163 0.008237183468500997 0
0.008741400730473692 0.9842924805802641 0
0.9906200982060793 0.9849921492201972 0
0.6421092077945283 0.6527322218053753 0
0.6517496780757794 0.6552778268957355 0
0.6589540512070855 0.6480076714626134 0
0.6616304040798687 0.6576881543803434 0
0.6544357350370174 0.6649053186544946 0
0.6643254760594857 0.6673072715614545 0
0.6573595542406847 0.6744509741355258 0
0.6670816154064826 0.6768988722661986 0
0.6601071211523756 0.6840425255476098 0
0.6697822931887714 0.6865022736980051 0
0.662816290752827 0.693644059976637 0
0.6724860936131006 0.6961053381228223 0
0.6655194319081088 0.7032477301721604 0
0.6751886183215705 0.7057097673854658 0
0.6682215377986738 0.7128525268605348 0
0.6778913360083396 0.7153147718985744 0
0.6848520179221189 0.7081733057373519 0
0.6875603977101094 0.7177774358461335 0
0.6945214786547032 0.7106353171565063 0
0.6972401500855088 0.7202033858406726 0
0.7042002167993217 0.7130952272861842 0
0.7069089679753868 0.722681183984913 0
0.713866771124041 0.7155557219115392 0
0.7165857061376859 0.7251232668838354 0
0.6709156857165873 0.7224498529605259 0
0.7235459612549477 0.7180123963368295 0
0.7262507945619262 0.7276201405290013 0
0.7332192567107356 0.7204796573229322 0
0.7359231430803232 0.7300897620005187 0
0.7193053664013299 0.7346861495322543 0
0.7428931496658377 0.7229442296069185 0
0.7455972174359166 0.7325544863730121 0
0.7525677498769056 0.7254076693851416 0
0.7552720274130728 0.7350184150310912 0
0.7622431008488481 0.7278705910931725 0
0.7649475580635438 0.7374822118548663 0
0.7719191664176738 0.7303337419616747 0
0.774623849407454 0.739945822642073 0
0.7676518115086478 0.7470941996945821 0
0.7773286504168274 0.7495580933847115 0
0.7703561400485244 0.756706814043222 0
0.7800336438797608 0.7591708323531376 0
0.773060649464245 0.7663200553394989 0
0.7827387411523132 0.7687843039345387 0
0.7757649247490227 0.7759340411396285 0
0.7854440769833586 0.7783982853666325 0
0.7815957620050892 0.732797453898233 0
0.7788908811461741 0.7231851167948989 0
0.7784695283599182 0.7855485770951689 0
0.7881496231976006 0.7880129203536448 0
0.7885674482086648 0.7256485030369723 0
0.7858627407784373 0.7160364191705425 0
0.7955395491157757 0.7184996840363681 0
0.7928348101343792 0.7088875137562034 0
0.7811749319428009 0.7951635423410992 0
0.7908539302344623 0.79762709539857 0
0.7978295957531203 0.7904772820616101 0
0.8005337117058584 0.8000921803074811 0
0.8025120580921495 0.7113509263802233 0
0.7998070905776083 0.7017383706918022 0
0.7838793847583665 0.8047779611513718 0
0.8075101708733692 0.792941535376909 0
0.8102156476106198 0.802558401669247 0
0.8094846192415361 0.704201839160451 0
0.8067859411995043 0.6945951069760686 0
0.7741999267388985 0.8023140077102082 0
0.7769037936741291 0.8119282151683875 0
0.7672248773594231 0.8094646689564582 0
0.8164585328045031 0.6970536491754659 0
0.8137598492010688 0.6874467076079562 0
0.8171915607596986 0.7954062878106055 0
0.8198962502467415 0.8050218556265116 0
0.769928277764552 0.8190786801672049 0
0.7602496554278103 0.8166154748231463 0
0.823431715568294 0.6899043387032526 0
0.8207265599332033 0.6802906652550558 0
0.7629543552147826 0.8262308820881599 0
0.7532745166554742 0.8237666960962141 0
0.8268688214116888 0.7978720322958736 0
0.8295779704300505 0.8074882928345145 0
0.8304040497776237 0.6827536744199918 0
0.8276984778850965 0.6731393219818133 0
0.7559779725027281 0.8333811637476136 0
0.7463245653314075 0.8309428898077894 0
0.8365494803558643 0.8003405016707158 0
0.8392568687247693 0.8099557382317933 0
0.8373773723256572 0.6756033456581125 0
0.8346714932616111 0.6659889990888322 0
0.8400822070786758 0.6852181351326727 0
0.8249926428045324 0.6635248932117964 0
0.8319656429820016 0.6563747544906076 0
0.8222870140583625 0.6539112630808485 0
0.8292598084771839 0.6467611139561871 0
0.8389383722183461 0.6492243190889804 0
0.836232707411858 0.6396106192437869 0
0.7490062349257545 0.8405363893112154 0
0.7393383318135598 0.8380841123235132 0
0.7586710403626605 0.8430013887884711 0
0.826546941662436 0.6371577276296361 0
0.8335197313490332 0.6300044628850682 0
0.843203896874428 0.6324609892996976 0
0.8404992418624907 0.6228462864582747 0
0.8308012323729468 0.6203955646728683 0
0.8377708413067493 0.6132398850554879 0
0.8462357493807467 0.8028051204909176 0
0.8489436998588593 0.8124202417408402 0
0.8419632945648089 0.8195740169072157 0
0.8516506228650528 0.8220384251882979 0
0.8446703733323675 0.8291927602799549 0
0.8543575745906149 0.8316575208989497 0
0.8473769476267095 0.8388122941770723 0
0.857064539235932 0.8412772342573966 0
0.8474682972114687 0.6156968621039961 0
0.8447609269066453 0.6060832011668997 0
0.8350631907753689 0.6036256405327527 0
0.8420538571838814 0.5964695756741172 0
0.8323752249475814 0.5940068049608972 0
0.839351689861726 0.5868549684540694 0
0.8490298632873304 0.5893176819103337 0
0.8463234778357246 0.579704054390286 0
0.8366449086532535 0.5772414560519067 0
0.8436165535392788 0.5700907573655093 0
0.8500867219113553 0.8484313965700643 0
0.8597716322927288 0.850896817267871 0
0.7420291636513431 0.8476867893416147 0
0.7323765692825256 0.8452498979704465 0
0.8339381157104965 0.5676287760802079 0
0.8409095099367103 0.5604779698946916 0
0.8505881574653169 0.562939937445321 0
0.8478808235440167 0.5533269262791122 0
0.8382022566196715 0.5508648821956289 0
0.8451733839315776 0.5437140651340516 0
0.8354952837142366 0.5412524215045391 0
0.842466308955194 0.5341015290704545 0
0.8327883562413915 0.5316397261840193 0
0.8397591142616186 0.5244889162167951 0
0.8494375007088913 0.526950728212067 0
0.8467299940796762 0.5173381781432564 0
0.8370517937082808 0.514876532779647 0
0.844022427030533 0.5077258505641842 0
0.8343444935185655 0.5052646110725048 0
0.8413148833226509 0.4981138968052987 0
0.8316372514248797 0.4956527494159974 0
0.838607406809909 0.4885021934199584 0
0.8289300120339533 0.4860409915248755 0
0.8358999728585528 0.4788904313126535 0
0.8455777948196874 0.4813516947511254 0
0.8428701548346882 0.4717398652394885 0
0.8331924271021722 0.4692787957088311 0
0.8401623775823001 0.4621282582194134 0
0.8304848732469217 0.4596675187946743 0
0.8374546394066693 0.4525169211352151 0
0.827777349476015 0.4500562505971549 0
0.8347467283067325 0.4429058379890006 0
0.825069839368674 0.440445160321284 0
0.832039065562763 0.4332948845319897 0
0.8223623831968551 0.4308342451306233 0
0.8293278314845666 0.4236851199043612 0
0.8196543617853852 0.4212236540192782 0
0.8266196057102164 0.4140746650190589 0
0.8169467336612881 0.4116132922333127 0
0.8239117537800068 0.4044642653031559 0
0.8142392336493576 0.4020027484637503 0
0.8212042343681987 0.3948538305047101 0
0.8115149783964315 0.392396874358689 0
0.8184937355544447 0.3852442734965495 0
0.8088042734048393 0.382787393413991 0
0.8157852762410348 0.3756341945631968 0
0.806066628967181 0.3731855417918856 0
0.8130723789469949 0.3660253760388279 0
0.8033532699788066 0.3635768506227856 0
0.8103630869150716 0.3564155282920941 0
0.8007139256707209 0.3539472841903957 0
0.8076663815846938 0.3468020951715829 0
0.7980196023882247 0.3443331474399943 0
0.8049629617541203 0.3371904758574281 0
0.7952919523364607 0.3347282307483003 0
0.8022524713403314 0.3275807240677765 0
0.7925807728708633 0.3251187309494746 0
0.7995439143968441 0.3179703208197181 0
0.789872193004488 0.3155084308435735 0
0.7968352848331688 0.3083597916935824 0
0.7871641737686421 0.3058976279751091 0
0.7941315023660883 0.2987476674381814 0
0.7844569010704232 0.2962863067230433 0
0.7914205215383928 0.2891372495841895 0
0.7817485611043787 0.2866750046006858 0
0.7887118176664367 0.2795258826391599 0
0.7790052234641354 0.277093419519719 0
0.7860123133726986 0.2699115914615912 0
0.776273104029898 0.267531772231711 0
0.7833044950511855 0.2602991493986968 0
0.7735960125429506 0.2578973464206197 0
0.7805965439889243 0.2506862745359756 0
0.7709123680913129 0.2482349179869472 0
0.7778801690285774 0.2410766749109997 0
0.7682087849372007 0.2386116422891413 0
0.7751790731456218 0.2314597238928019 0
0.7655034684948706 0.2290013337736945 0
0.772472281447887 0.2218455204812632 0
0.7627919480332797 0.2193841358734287 0
0.782152459757287 0.2243065249597561 0
0.779444050396265 0.214691776018581 0
0.7891254013932232 0.2171534827848539 0
0.7864166453328922 0.2075380087951028 0
0.7960986041951175 0.2099999997664554 0
0.798398065644883 0.281984486765034 0
0.7933897255411344 0.2003840094338054 0
0.8030463658116473 0.2028209936345255 0
0.800358859299387 0.1932253663356634 0
0.8100312124965714 0.1956774120198517 0
0.8119345758088539 0.3300398745313303 0
0.7558213595225185 0.2265889923062701 0
0.75311097490565 0.2169319284452438 0
0.8073337948281136 0.1860715703603669 0
0.7976541090342432 0.1836131162987784 0
0.7461369573005756 0.2241337128005484 0
0.7434299415114722 0.2144733227278345 0
0.816991477828541 0.1885087565699967 0
0.7364469535850616 0.2216711488657434 0
0.7337483149993697 0.2120119949290968 0
0.8143058739012351 0.1789141475541435 0
0.8227638912551192 0.3684816758846964 0
0.7267652774945779 0.2192096183376138 0
0.7240680233228928 0.2095510693347964 0
0.8239895709038219 0.1813762985133002 0
0.8267160542869672 0.1908899452231329 0
0.7170840121973318 0.2167538324938808 0
0.7143883515372127 0.2070906591853406 0
0.7074044891931769 0.2142936952714307 0
0.7047090811760232 0.2046299607224211 0
0.7116823260868426 0.1974694381205844 0
0.7020029174460116 0.1950070272763352 0
0.708974795999357 0.1878528535771818 0
0.6992946155198597 0.1853910936383891 0
0.6923235562739867 0.1925438618351563 0
0.6896146026214961 0.1829297959450048 0
0.682643599491078 0.1900824256017376 0
0.6799330828802645 0.1804757008431527 0
0.6729531823787007 0.1876635215200244 0
0.6702513327593351 0.1780231222282078 0
0.6632714917945262 0.1852110582285895 0
0.6605716864300816 0.1755629853415834 0
0.6536022116522309 0.1827108856728233 0
0.6508939933018296 0.173095888909534 0
0.6439249108937077 0.1802425298751701 0
0.6412153156368565 0.17063314979938 0
0.6342428039497996 0.1777938040488866 0
0.6315357860009689 0.1681742065284605 0
0.624563172989664 0.175335438728186 0
0.6218564888351852 0.1657146110924745 0
0.6148837368536708 0.1728765444901984 0
0.6121773649800443 0.1632544847505106 0
0.6052046462607876 0.1704163199373366 0
0.6024982254269902 0.1607944527453806 0
0.595531098504251 0.1679334601804005 0
0.5928201100517033 0.1583302455338648 0
0.5858531417343112 0.1654685761140652 0
0.5831413043908206 0.1558687470348533 0
0.5761600092225747 0.1630633393179203 0
0.7062660996122808 0.1782377582177674 0
0.5734599265981433 0.1534171985628391 0
0.566478165778184 0.1606134978747356 0
0.5637798417748134 0.1509603097137107 0
0.5568031723898965 0.158171378994364 0
0.8212840345283209 0.1717618998079414 0
0.5541011788277166 0.1485033440653434 0
0.5471252153660519 0.1557772347816331 0
0.8309692012613848 0.1742251133052495 0
0.6675170932824854 0.1684032636646559 0
0.8335936789447858 0.4069232363328287 0
0.544422065234088 0.1460548194001356 0
0.5374553563800764 0.1531727708169386 0
0.8282603815697936 0.1646071442549041 0
0.5347442655434279 0.1435721348228557 0
0.5277706483183143 0.1507329358511149 0
0.8379456997210526 0.1670701347083121 0
0.5250639896291132 0.1411116746357715 0
0.518090004880247 0.1482757896717189 0
0.6288011218600735 0.1585596550442356 0
0.5153840031847455 0.1386514920394547 0
0.5084146904079845 0.1457969419556431 0
0.8352362004460594 0.1574512702410098 0
0.825553133849408 0.1549955118878955 0
0.8444241624604328 0.4453641664055649 0
0.5057047136939281 0.1361882043495628 0
0.4987355460742963 0.1433327761960866 0
0.8449218183417012 0.1599140801491055 0
0.7197632583714207 0.2264585651611453 0
0.4959993141989879 0.1337320741683883 0
0.4890528030318148 0.140874937057666 0
0.7720154526455826 0.2842613602153657 0
0.4917652686217171 0.1504826650624239 0
0.482084714774661 0.1480229765749744 0
0.4793736752630167 0.1384178588782201 0
0.472404839578238 0.1455633085182996 0
0.4696958127282694 0.1359499680218808 0
0.4627255692639867 0.1431018367870903 0
0.4654345724266076 0.1527146394418327 0
0.4557549776426899 0.1502543594790242 0
0.4530458376815922 0.1406412010051587 0
0.4460751674385272 0.1477942848215191 0
0.4433659217303789 0.1381811227680768 0
0.436395485482476 0.1453343002423803 0
0.4391048281343088 0.154947134523032 0
0.4294255026730278 0.1524874337503005 0
0.4267156384013789 0.1428744768668603 0
0.4197456549165821 0.1500278563731093 0
0.4170354604863573 0.140414736799179 0
0.4100654386788467 0.1475683154855364 0
0.4127496187538426 0.1572608976040614 0
0.4030763972155202 0.1547849360410346 0
0.4003448370281896 0.1451325502273774 0
0.3934023121622101 0.1522901294935184 0
0.396163462103209 0.1620272263081976 0
0.3865055497101734 0.1595003468029743 0
0.383701952806185 0.1498490360805016 0
0.3767667586517544 0.1569924451131026 0
0.3795420786940538 0.1666439936004635 0
0.3698073915691389 0.1641295903042652 0
0.367083244921338 0.1545172255376125 0
0.3601179792414383 0.1616595796525341 0
0.362837795092892 0.1712672668208753 0
0.3531571686294361 0.1688062916180449 0
0.3504401248848161 0.159195481826206 0
0.3434687768470797 0.1663494400545739 0
0.3462168910860893 0.1759878537791493 0
0.3365119596349833 0.1735384084677163 0
0.3337895898778812 0.1638963472769561 0
0.3268186634989138 0.1710523898292046 0
0.3295843705976614 0.1808276084047605 0
0.3198788892507813 0.1782961626289518 0
0.3171400819297404 0.1686047249362765 0
0.3101710368662742 0.1757617348113651 0
0.3129370958282073 0.1854863417972463 0
0.3032382004290036 0.1829544809060017 0
0.3004910805376997 0.1732974661714289 0
0.2935220534329991 0.1804523370938959 0
0.2962663725540112 0.1900966119635748 0
0.286552491668887 0.1876057505368925 0
0.289265056355319 0.1972186490076746 0
0.2795753188601779 0.1947526058262777 0
0.2768638841921977 0.1851406212279874 0
0.2698935667496387 0.1922955259235014 0
0.2726062358176332 0.2019088714728304 0
0.2629242805910846 0.1994514994533353 0
0.265637110158966 0.20906468475812 0
0.255955147993324 0.2066074586651131 0
0.2532421243086197 0.196993934901392 0
0.2462729079665075 0.204150399314096 0
0.2489861032984048 0.2137642298130452 0
0.2393037605828894 0.2113069764958703 0
0.242016440129604 0.2209207791848815 0
0.2322853810301321 0.2184754564838096 0
0.2350395313834841 0.2280789999865278 0
0.2295116686432632 0.2088775427129703 0
0.2253008344903359 0.2256580071286786 0
0.2280664629453376 0.235240130355085 0
0.2183966701261594 0.2327763851729868 0
0.2211075158559636 0.2423910313180576 0
0.2114272419533952 0.2399329208262336 0
0.2141401949498518 0.2495465188068516 0
0.2044586283005037 0.2470891609573945 0
0.2071716638802582 0.2567027396131337 0
0.1974892986745947 0.2542454941705581 0
0.2002029203693069 0.2638591833107933 0
0.1947762450206174 0.2446317754977069 0
0.190520223547327 0.2614020268265959 0
0.1932345647142676 0.2710157940128468 0
0.1835513425945707 0.26855855627098 0
0.1862652704607559 0.2781724062186471 0
0.176584589458222 0.2757144049568743 0
0.1792984573697421 0.2853281561935197 0
0.1889795305248613 0.2877866990556789 0
0.1820100831852787 0.294943164377603 0
0.1723126226363088 0.2925625498493234 0
0.1750398034663154 0.3020995408548063 0
0.1847650332749184 0.3045990185156049 0
0.1778029855824623 0.3117616850375359 0
0.2238217175203296 0.252003709052598 0
0.1680975392077635 0.3092820564015806 0
0.170797648241817 0.3188820717279199 0
0.1804908470734266 0.321352799925026 0
0.1735017958326392 0.328490204772017 0
0.1637702905314465 0.3260554084804946 0
0.1665306857051419 0.3356397483437386 0
0.1762095315460147 0.3381013721694145 0
0.1692443871852455 0.3452538040661615 0
0.1595655355061905 0.3427991803116698 0
0.16227745359353 0.3524101477922925 0
0.1719590158882313 0.3548659396257991 0
0.164991476646723 0.3620226477188963 0
0.1553093467925518 0.3595667808329113 0
0.1580239950209414 0.3691794326515745 0
0.167705746765706 0.3716350331911755 0
0.1607386114784879 0.3787918052485451 0
0.1704200226739593 0.3812470961833777 0
0.1634531779320496 0.3884039832671334 0
0.1537716723069858 0.3859486901530347 0
0.1564864212314645 0.3955607416507133 0
0.1661677326003085 0.3980158644455525 0
0.1592012505053008 0.4051725416488615 0
0.1688822515913035 0.4076273397528598 0
0.161916030877111 0.4147841406936079 0
0.1522348917297692 0.4123293176786101 0
0.1549498424669261 0.4219408394734223 0
0.1646308371235928 0.4243954850571517 0
0.1576649064467651 0.4315521292123732 0
0.1673456298336961 0.4340064738783843 0
0.1603799428124825 0.4411632836391334 0
0.1506989583065053 0.438708896558307 0
0.153414228627763 0.4483200075708597 0
0.1630950280197635 0.4507742116094902 0
0.1561295780415413 0.4579308983495994 0
0.1658101189396512 0.4603848060275856 0
0.1588449028676223 0.4675416862413957 0
0.8422120129546211 0.1502944375840856 0
0.1491639856518439 0.4650877326945442 0
0.1518796035438476 0.4746985069316146 0
0.1615602980517881 0.4771522796393834 0
0.154595266709786 0.4843090820683121 0
0.1642756479915588 0.4867623938399068 0
0.1573108750486074 0.4939191743512082 0
0.1669909262278116 0.4963724172779445 0
0.1600264165578533 0.5035290404402409 0
0.1697062222836959 0.5059822379874128 0
0.1627417762131119 0.513138691840577 0
0.1530616760911342 0.5106855142176009 0
0.1557352161372173 0.5203072638191539 0
0.1654502892520903 0.5227503545593341 0
0.1584427939292834 0.5299192557431258 0
0.1681768568210054 0.5323568738704486 0
0.1611592872994948 0.5395284871127166 0
0.1708943301153686 0.5419656696087872 0
0.1638754327119317 0.5491375230288075 0
0.1735967460806312 0.551578362776486 0
0.1665893183956532 0.5587469337223245 0
0.1763245724734569 0.5611836381678283 0
0.1693066576728594 0.568355139450033 0
0.1790423242931268 0.570791735623018 0
0.1720283818581831 0.577961944267498 0
0.1817442137728649 0.5804040304719961 0
0.1747426265698061 0.587570679098211 0
0.1844733248311854 0.5900084271857113 0
0.1774606952091635 0.597178188165122 0
0.1871913834831977 0.5996159709497624 0
0.1801769658455769 0.6067861156268495 0
0.189891018041983 0.6092285159729741 0
0.1828905346593841 0.6163947206832208 0
0.1926034077263544 0.6188374186701394 0
0.1856050731375561 0.6260030048774565 0
0.1953181418568308 0.6284458233851002 0
0.1883783289840693 0.6355947118062365 0
0.1980420497932564 0.6380513725732496 0
0.1911047149585378 0.6451996351497844 0
0.2007616400112513 0.6476583204197384 0
0.1938393898535447 0.6548022812834025 0
0.2034809467231639 0.6572653480106971 0
0.1965585793517622 0.6644093780361302 0
0.2061976612092198 0.6668731918024682 0
0.1991526825191378 0.6740519485307738 0
0.2088931251553234 0.6764871719492841 0
0.2018445013544895 0.6836670303373357 0
0.2116013860487741 0.6860976508507413 0
0.2045938176964367 0.6933159922664699 0
0.2143214152260596 0.6957133507810659 0
0.2073349532477883 0.7029514806292106 0
0.2170421198660661 0.7053278379351817 0
0.2100895205332768 0.7124761171022033 0
0.2197652484652428 0.7149238441904467 0
0.2127618002882855 0.7221419526660359 0
0.2224983881024589 0.7245413784392154 0
0.2154933620317946 0.7317821681932899 0
0.2252387962030189 0.7341547160966868 0
0.2182562657838226 0.7413342608419247 0
0.2279670576446273 0.7437583611228827 0
0.2209492133889959 0.7509062006699552 0
0.230639919820247 0.7533610852773961 0
0.2236557656287618 0.7605381350180854 0
0.2333477557537607 0.7629744431161398 0
0.2263824731310167 0.7701319122294006 0
0.2360641053398451 0.7725834465396026 0
0.2290979031246009 0.7797415639249453 0
0.2387803588180872 0.7821945633568695 0
0.2194197876386121 0.7772923494255977 0
0.2221322158220691 0.7869007603355925 0
0.2124704528167289 0.7844678071093778 0
0.2151686222278791 0.7940629668538381 0
0.2055066360502744 0.7916302586610723 0
0.203039580199921 0.7198376479646653 0
0.2082025562166523 0.8012236982954413 0
0.1985408277709325 0.798791672039773 0
0.2012355331844865 0.8083843572458054 0
0.1915584678532165 0.8059376729068128 0
0.1894636437171847 0.6714512756744981 0
0.2457463907468718 0.7750359480660057 0
0.2484755631644548 0.784597320457831 0
0.1942653225350816 0.8155427111921819 0
0.2039476657623843 0.8179938004066278 0
0.1846021926649221 0.8131101348859729 0
0.2554306877098469 0.7774807429552543 0
0.2581602821528731 0.7870406065808346 0
0.2651107139150778 0.7799422143122436 0
0.2678296800688569 0.7895433270237676 0
0.178664201740876 0.6332220391475601 0
0.2747900311217262 0.7824049752257971 0
0.2775089158058393 0.7920059944216358 0
0.1872986563864835 0.8227053452192784 0
0.1776376541154212 0.8202752278491195 0
0.174861428212878 0.8108040832610045 0
0.2844733888251452 0.7848502705370618 0
0.2871902344370474 0.7944595534591643 0
0.2941548914972699 0.7873021840082133 0
0.2968713661688371 0.7969124477808767 0
0.2899061760123161 0.8040701255853033 0
0.2995880386387577 0.8065232575681593 0
0.2926228768507982 0.8136815592378173 0
0.3023049381223619 0.8161345958730168 0
0.30927004359876 0.808976107723071 0
0.3119870246031597 0.8185874128633668 0
0.3189522136917936 0.8114290221069509 0
0.3216786979831366 0.8210018484242398 0
0.328635536105374 0.8138754936695196 0
0.3313623255702687 0.8234470657842516 0
0.3383177207370662 0.8163259833373886 0
0.3410436007624304 0.8259008337833714 0
0.3479992172205431 0.8187785431607163 0
0.350724974025781 0.8283535954533578 0
0.3576805424160656 0.8212312329115614 0
0.3604055680720756 0.830808934174801 0
0.36736164914073 0.823684351409266 0
0.3700866282940865 0.8332620457811913 0
0.3770427574632647 0.8261371374951446 0
0.379767060650574 0.8357173921935366 0
0.3867237365856523 0.8285902315042037 0
0.389448025191047 0.8381705079327884 0
0.3964047800092217 0.8310429880429264 0
0.3991284116234298 0.8406258361271254 0
0.4060856565885678 0.8334957977716151 0
0.4088093459907551 0.8430789200312285 0
0.4157664670015304 0.8359482466945296 0
0.2953394921086293 0.8232934095874551 0
0.4184897233416454 0.8455341867530257 0
0.4254476315203643 0.8384015078212371 0
0.428170760915358 0.847987366981992 0
0.4351291311668868 0.8408545461177754 0
0.4378513735995969 0.8504426901197687 0
0.4448103604722804 0.8433076431860249 0
0.1803309517264685 0.8298677226538622 0
0.1706693172382908 0.8274373597773796 0
0.1676946643714039 0.594813545116015 0
0.447532574856713 0.8528959073863127 0
0.454491731951933 0.8457603931475396 0
0.3338272412925453 0.8329732251092505 0
0.4572133766336275 0.8553512139381707 0
0.4641731857314984 0.8482134534673416 0
0.1733621890803524 0.8370298130316713 0
0.1637004632752645 0.8345997332072707 0
0.4668948708598278 0.8578045063202198 0
0.4738548901151667 0.8506662387027069 0
0.4765761120697351 0.8602596326339162 0
0.4835367699763606 0.8531193143649289 0
0.1568757950936791 0.5563380816297719 0
0.3725499696875087 0.8428108637986714 0
0.4862580570788576 0.8627129975347814 0
0.4932191503481289 0.8555720820585844 0
0.1663929157526485 0.8441921479916119 0
0.1760742114636247 0.8466407170429886 0
0.1567306653900021 0.8417619198994699 0
0.2817576719896337 0.7752381034929989 0
0.4959426981460399 0.8651569312922542 0
0.5029020772592233 0.8580233654207459 0
0.2295173344086011 0.7174065546447348 0
0.5056389772524549 0.8676042281024694 0
0.5125867578904801 0.8604750542720915 0
0.5098658140751634 0.8508704200290828 0
0.5195491349998482 0.8533219426287223 0
0.5222662777926095 0.8629335880274152 0
0.5292314005731391 0.8557752191992286 0
0.5319485777629556 0.8653873639764437 0
0.5389137585782798 0.8582280791746433 0
0.5361965588111106 0.8486164829689973 0
0.545878693600253 0.85106896676809 0
0.5485964462538837 0.8606805914107971 0
0.555561556899309 0.8535209846587735 0
0.5582794959130236 0.8631329016808509 0
0.5652445405425678 0.8559730948008669 0
0.5625266765620069 0.8463613130699978 0
0.5722096796866507 0.8488133039488897 0
0.5749275858528945 0.8584250534776726 0
0.5818923584910329 0.8512651627950448 0
0.5791744721892917 0.8416538295407217 0
0.5846108309086415 0.8608769698637225 0
0.5888566840668321 0.8441054284996095 0
0.5861388255301027 0.8344947633078551 0
0.5958207154764715 0.8369460458633284 0
0.7305018541021142 0.7108676944566246 0
0.159423155677697 0.8513547221117901 0
0.1497610769669373 0.8489250057331688 0
0.1469872160755117 0.839460755191456 0
0.590080850461871 0.1487171701548765 0
0.8518980417988662 0.1527575000963636 0
0.854650651140249 0.1622967798640011 0
0.4112721908727623 0.8526482457367868 0
0.1460968665565421 0.5178423031231703 0
0.5931028999846182 0.8273359449879831 0
0.6027825062996843 0.8297854887687504 0
0.3452804935935097 0.8091769359075093 0
0.6562802942978212 0.1924190879191336 0
0.7350553068566981 0.8548410782522399 0
0.8559210351989744 0.8052668373727673 0
0.856408858927881 0.5197996556036967 0
0.7254060640187767 0.8524076156452534 0
0.7228734778264123 0.8426909839802108 0
0.8491880930570963 0.1431373616899356 0
0.8527936570089478 0.8580516106910309 0
0.8624792470814769 0.8605159198245449 0
0.8588746519717505 0.1456004683484667 0
0.4711338891153333 0.8410598779462863 0
0.1524531231900749 0.8585177134599161 0
0.1427905904026923 0.8560878874382738 0
0.5304797303828621 0.1604436773273045 0
0.5513589603972574 0.1388830157594236 0
0.7280804169900226 0.8619947208626152 0
0.7184307040436629 0.8595610447854264 0
0.3840053240201728 0.8189878333860543 0
0.4502419340394739 0.8625350130933912 0
0.6175969110205769 0.1825743317999067 0
0.5788871369790988 0.1726853318713355 0
0.4324108555607211 0.8312506103349446 0
0.7829040474766045 0.3226584097085509 0
0.8561645509337633 0.135979853273612 0
0.2185823172462664 0.6789366863735349 0
0.8658515255096717 0.1384431262110761 0
0.600066446823795 0.8201771774915763 0
0.5903856963574863 0.8177262453744106 0
0.8667507039197714 0.8437405597388921 0
0.1454826718577541 0.865680963170705 0
0.1357936744386226 0.8632257145652492 0
0.6097414614369729 0.8226254558904726 0
0.5973483637656128 0.8105684574230704 0
0.8555007704326072 0.8676725474336393 0
0.8651871901424705 0.8701372426796892 0
0.7211034383620308 0.8691467283161117 0
0.7307631845785558 0.871611077340481 0
0.7114243272183236 0.8666845958310605 0
0.1421982366782479 0.4722449108541644 0
0.5126365097939843 0.1290357941934946 0
0.8631425419222049 0.1288268786816773 0
0.8534635001811747 0.126368736380226 0
0.8728286737871979 0.1312854814319864 0
0.5876688929094853 0.8081173882745325 0
0.1384370422620746 0.8727717156451141 0
0.1479655764813509 0.875171944174078 0
0.1288056185128374 0.8703728072135135 0
0.4889690616211081 0.8723471907365306 0
0.8532094484497486 0.7956558277881648 0
0.8628964496912823 0.7981130217622059 0
0.1766703253455187 0.498826017498266 0
0.7936818281998179 0.3610290977249258 0
0.7971018837670331 0.6921254321544501 0
0.7141239043174167 0.8762965553351065 0
0.7044414176963607 0.8738319488025952 0
0.2077203187123044 0.6405039286669347 0
0.821960246455507 0.4931912515851223 0
0.5946307625966688 0.800960430614658 0
0.8701250740687503 0.1216747166035325 0
0.8582080212433694 0.8772938796316285 0
0.8678942169269159 0.8797602604617993 0
0.1806250519180497 0.5444208275153518 0
0.8180877825905205 0.4476115932608642 0
0.8601862704201151 0.7884994436386621 0
0.8698736527334685 0.7909582361499736 0
0.1313556824042003 0.8799475496369215 0
0.1218444545100124 0.8775465163766745 0
0.1190698268138073 0.8680821458694613 0
0.8797790660578245 0.1241016770239649 0
0.8825099786062806 0.1336026576162165 0
0.8045090733692136 0.3995714994619889 0
0.8485216859168502 0.8748276754826155 0
0.8671685035975635 0.7813396339670658 0
0.8768511341521724 0.7838037835643841 0
0.8741453917204609 0.7741853456115705 0
0.1968845262928121 0.6020798005569939 0
0.5849523007235262 0.7985095668865251 0
0.7071433124455558 0.8834461323180635 0
0.6974627387840053 0.8809835580174017 0
0.883827675041206 0.7766489021201763 0
0.8811224393570349 0.7670309897751282 0
0.8865364278034382 0.7862598229159983 0
0.8512285671626321 0.8844489721987279 0
0.8415427030596614 0.8819829517488768 0
0.8770975602838655 0.1145081516982961 0
0.8867680097940784 0.1169537513593312 0
0.1244381349158645 0.8871839655301224 0
0.1148726390898229 0.8847105440219618 0
0.5919137449168799 0.791353275159023 0
0.8908060817893685 0.769495717335134 0
0.888099787576615 0.7598768104282557 0
0.7001646435577631 0.890597928870885 0
0.6904849507981834 0.8881362057396364 0
0.8442494675804997 0.8916043105564807 0
0.8345635114649474 0.8891382512043858 0
0.188772716045886 0.5732458552506117 0
0.2447277820874441 0.2305344872285009 0
0.8258177408352857 0.5387903835544953 0
0.7436340206949209 0.8212940921169216 0
0.7017957795996733 0.864135861969089 0
0.8525485033534554 0.4742008328755247 0
0.6015919479182209 0.7938036833696028 0
0.5988749101458245 0.7841971668679754 0
0.8470567966730326 0.6780670981169195 0
0.8748736496998537 0.8726033200376829 0
0.8775807351142568 0.8822266431106019 0
0.8845600726895181 0.8750706969925777 0
0.8872675363419006 0.8846933314828856 0
0.7098255106071139 0.8930666144445745 0
0.6740229084304606 0.6697636155818276 0
0.1957566761878146 0.7893149684155614 0
0.8057328114505868 0.2123424598684906 0
0.1738689888852042 0.2661008696236028 0
0.608552614392206 0.786647221967381 0
0.6054958362650152 0.8393925651975639 0
0.8840725028296341 0.1073500434388999 0
0.8744036872234404 0.1049078559478715 0
0.5822360354926536 0.7889025057369113 0
0.8937306232039784 0.1097807177788175 0
0.8942471217785528 0.877537140404228 0
0.8969547270457947 0.8871599750255086 0
0.8899749312043872 0.8943162088930029 0
0.8996625160319136 0.8967828912402126 0
0.1174965939963248 0.8942617917665872 0
0.1079126423423725 0.8918905829530894 0
0.1268251265179092 0.8966359175935109 0
0.6058357441539441 0.7770410221056324 0
0.8977826174520759 0.7623403197514782 0
0.8950777079792398 0.7527224512850124 0
0.6931689739536904 0.8977509203296374 0
0.6835063362508043 0.895288937497962 0
0.8372701369691783 0.898759592309273 0
0.8275842615157374 0.8962935807998202 0
0.8910519621091727 0.1001904040654404 0
0.9007060822936466 0.1026188754059552 0
0.9034079916702845 0.1120909006416964 0
0.1104326093572465 0.901442655421676 0
0.1008990960717828 0.8990333200460421 0
0.09821892370051533 0.8894845151687838 0
0.6808016601676916 0.8856707539543298 0
0.6738244399090373 0.8928240135787673 0
0.8926823545012639 0.9039394227778274 0
0.9023703869958077 0.9064061557677707 0
0.6765259094944044 0.9024389670144819 0
0.6668461493065656 0.8999767596016504 0
0.661252493328301 0.7199941430528827 0
0.6155130968391768 0.7794911609419662 0
0.9039343869851598 0.8800037051006723 0
0.9047600280612476 0.755185396189149 0
0.9020547287208175 0.7455673651701269 0
0.9074686347027882 0.7647936177617247 0
0.8302908440567591 0.9059151198412846 0
0.820604781530813 0.9034490919909504 0
0.8052151436952799 0.7209673583380001 0
0.8980296489778096 0.09302937355470203 0
0.878415539419422 0.75741179803075 0
0.9077020008467893 0.09547649064207253 0
0.1035119252790861 0.9086784040962087 0
0.09392824535660083 0.9062061986163037 0
0.6695523357545754 0.9095966302785961 0
0.6598685001799091 0.9071308363247679 0
0.9117392673902569 0.7480319550009412 0
0.9090329760048532 0.7384121919140968 0
0.8248774775607002 0.8866718132516008 0
0.6711189165067266 0.8832050361503729 0
0.8953898320549343 0.9135630507732186 0
0.9050781659774159 0.9160298528677562 0
0.9120587193214869 0.9088727823189544 0
0.9147666266273358 0.9184967957610657 0
0.8233119709450836 0.9130713384798839 0
0.8136252002965102 0.9106048428464751 0
0.8329966256886336 0.915537322581007 0
0.9050111264173281 0.08587269497972905 0
0.8953501040662946 0.08343000212775442 0
0.9146658672894459 0.08830262221704777 0
0.5752745779314653 0.7960584034268885 0
0.5725585989115638 0.7864519166787525 0
0.5655974441050157 0.7936073509000957 0
0.5628816703869746 0.7840010137785148 0
0.5559206971626197 0.7911565462514213 0
0.5532058359968479 0.7815493362477393 0
0.5462441723257283 0.7887058995805375 0
0.5435282796645686 0.7791008003309876 0
0.5365682375363467 0.7862553091061439 0
0.5338527278518084 0.7766509639572854 0
0.5268935100339904 0.7838015071483375 0
0.5698438236790334 0.7768451099909646 0
0.9012266412225928 0.8703807858002021 0
0.9109141495812222 0.8728471205592934 0
0.9082064375987472 0.8632241293248504 0
0.8575598896510661 0.5557892785940286 0
0.8129117754662291 0.8121773145820866 0
0.2606995923763441 0.7966012237940424 0
0.7407225096424569 0.2048543195551999 0
0.8241563493501411 0.788260373094399 0
0.8497620079938937 0.6876831057105437 0
0.8567371956555352 0.6805311504437646 0
0.6127960424623841 0.7698857509100463 0
0.6224731359739837 0.7723355208590894 0
0.6251902095146259 0.7819410663144015 0
0.6321504508401095 0.7747852112460099 0
0.6348677849698667 0.7843911288661406 0
0.6418284347793084 0.77723498277894 0
0.6445457345348075 0.7868414228979678 0
0.6515068915370439 0.7796847369777766 0
0.6542241489504106 0.7892917177665129 0
0.6611856268591179 0.7821346802713639 0
0.6639030667365582 0.7917421757438172 0
0.670864394734231 0.7845848429378462 0
0.5241802441124287 0.7742024734333937 0
0.5172178680499986 0.7813525813016271 0
0.6625750408976229 0.9167512924628795 0
0.6528903459743278 0.9142848042023352 0
0.6722598218792177 0.9192178053957325 0
0.6501842369796701 0.9046645723430844 0
0.6432059131313155 0.9118182232019396 0
0.09657063110459152 0.9157540195347988 0
0.1058889739240109 0.918123817873532 0
0.08696089131709578 0.9133576595957417 0
0.9178941171655197 0.8656906087449265 0
0.9151861858151029 0.8560675400173373 0
0.918716236120155 0.7408756630007096 0
0.9160108237943154 0.7312564660720446 0
0.5145051358212857 0.7717527352525212 0
0.5075438324992293 0.7789007209845247 0
0.8163325203733685 0.9202272938488186 0
0.8066456083922763 0.9177605644767319 0
0.8039383756311522 0.9081383310144844 0
0.7969588346784822 0.9152938184915594 0
0.7942517063229684 0.9056717625784325 0
0.7872722002465806 0.9128271420383492 0
0.9217473931444071 0.9113394372641457 0
0.9244553931219566 0.9209638073534563 0
0.7639000541135199 0.2554873748830305 0
0.2377224136720925 0.7461816184709371 0
0.7660870273344953 0.7734691152868381 0
0.6569413066785859 0.7988994449847175 0
0.9119864448894173 0.07870988198543194 0
0.9216415560160083 0.08113992463366326 0
0.9243424328934912 0.09061028445395858 0
0.5048266543197493 0.7693003685918405 0
0.49786875815536 0.7764495205936819 0
0.4951507127039785 0.7668502580141612 0
0.4881940220679755 0.7739991927454974 0
0.6459118495205429 0.9214386865119593 0
0.6362270697676944 0.9189719674874985 0
0.6666207883279104 0.8013499842546343 0
0.6596585699444318 0.8085078784644114 0
0.6405000650133508 0.9021980332377401 0
0.7899792888039169 0.9224492760906604 0
0.7802925369285054 0.9199825434105593 0
0.4854760603586534 0.7644003126526762 0
0.4785198015471419 0.7715487492866501 0
0.08933920833351577 0.9227969928673806 0
0.07997290856098555 0.9205060433550805 0
0.0772909415437536 0.9109131106319089 0
0.8980976148310482 0.9231868194525573 0
0.8594432253922166 0.6901475664004419 0
0.8664184222433119 0.6829958474450356 0
0.8524676025911571 0.6972993789413404 0
0.5408208070524987 0.7694914603068231 0
0.9248740986414945 0.858533980766514 0
0.9221661824980859 0.8489107020317823 0
0.925696957376492 0.7337225693373972 0
0.9229898029812624 0.7241015392685585 0
0.9284024943582434 0.7433380399080594 0
0.4758022209923065 0.7619503026248408 0
0.4688458583299936 0.7690986687457 0
0.6197560923947276 0.7627304634601093 0
0.6100798267759133 0.7602808235482573 0
0.6170394279389648 0.7531262622879219 0
0.6073645844892578 0.7506765993728923 0
0.6143228971750732 0.7435229310292363 0
0.4661295380216879 0.7595009418225958 0
0.4591723632501823 0.7666484056621186 0
0.4564559836863171 0.757050418462511 0
0.4494987724736902 0.7641983538598439 0
0.4467816820353309 0.7546006497815553 0
0.4398252123488868 0.7617480420493308 0
0.4371080244815045 0.7521508150292519 0
0.4301516939681679 0.7592981483866695 0
0.4274347529806578 0.7497009619448332 0
0.420478388170714 0.7568478382928348 0
0.4177613542719639 0.7472510835105453 0
0.4108049509784492 0.7543979725500487 0
0.4080883602999271 0.7448011694179152 0
0.4011316677849154 0.7519475880669733 0
0.3984147148707883 0.7423512304443878 0
0.3914571611787769 0.7495015967486809 0
0.3887409193905805 0.7399019651768505 0
0.3817842440180083 0.7470484360204606 0
0.3790674951248202 0.7374515611273648 0
0.3721107311538385 0.7445972791210892 0
0.3693935662555362 0.7350012529882255 0
0.3624367240022027 0.7421471616149944 0
0.3597194525162969 0.7325511030433056 0
0.3527626173590959 0.7396965504122315 0
0.3500450939355441 0.7301006569673059 0
0.3430881167152395 0.7372464374937531 0
0.3403703524486467 0.7276501854015868 0
0.3334134868070329 0.734795657855605 0
0.330695645926795 0.725199933982194 0
0.4231403581385814 0.7664442189967577 0
0.3360652203577396 0.7443853736608601 0
0.3237371642245531 0.7323508763412687 0
0.3210206643375536 0.7227505882426699 0
0.3279796915458626 0.7155976778456297 0
0.3183050927739228 0.7131480519832019 0
0.3113454201183868 0.7203012158463786 0
0.3086300046759584 0.7106969402412517 0
0.3016702351607481 0.7178509356061359 0
0.2989551986782949 0.7082464628298983 0
0.3059146395511398 0.7010926342008625 0
0.2962402422081686 0.6986422733553304 0
0.30319946653837 0.6914891124854192 0
0.2935252736839079 0.6890386289480249 0
0.3004846953918953 0.6818861168700383 0
0.290810723535609 0.6794354060231143 0
0.918965624044821 0.0715503148614296 0
0.2838511753362154 0.6865879644838438 0
0.281136595881543 0.6769844877229894 0
0.2880962747490796 0.669832365997953 0
0.2784222505166107 0.6673811831796772 0
0.2853816258922063 0.6602292162969179 0
0.2757080195366841 0.6577781506504055 0
0.2826670101909948 0.6506264258052072 0
0.2729938450276182 0.6481753783204991 0
0.2919950974466025 0.7154005410020746 0
0.3747663673691383 0.7541900903590524 0
0.07031270927941247 0.9180748677828418 0
0.06759536601013238 0.9084611880643604 0
0.07284794468049172 0.9276486762533338 0
0.4618861318595967 0.7762568336431149 0
0.5005828106988801 0.7860578612580735 0
0.7845653643569671 0.9032052393780625 0
0.9286384607194432 0.07399757680299096 0
0.6389330351789845 0.9285929177624992 0
0.6292478093079525 0.9261261163015069 0
0.7829996231834444 0.9296049631708887 0
0.7733126798532775 0.9271381232308398 0
0.6693392644089922 0.8109586768321557 0
0.6623761981086111 0.818117314623219 0
0.9326762364333099 0.7265677256271479 0
0.9299685722166481 0.7169460475171086 0
0.9202823567639511 0.7144802412637759 0
0.927260819899987 0.707324588354627 0
0.9314363790080393 0.9138061842709193 0
0.9341445090524534 0.9234307451951275 0
0.9271633616218534 0.9305884066836577 0
0.9368526410732336 0.9330554649269915 0
0.3101582002036863 0.6843361727067562 0
0.8403974443667133 0.8459669402512165 0
0.7014671371875126 0.7034898445443026 0
0.2111985650983886 0.7486247508136765 0
0.7902757505323815 0.2531474907421203 0
0.7897118384533568 0.7616346371977067 0
0.2799579157466465 0.6410238542450233 0
0.2702846873598382 0.6385715962932862 0
0.8621490669007505 0.6997641294787345 0
0.8551739497826401 0.7069156979881768 0
0.9318542498968824 0.8513771867355797 0
0.9291461551906852 0.8417538790456847 0
0.9345622582116443 0.8610007152782764 0
0.919458293361209 0.8392874767734102 0
0.9264380915451282 0.832130790403688 0
0.7760197903070034 0.9367608523672781 0
0.7663327467564049 0.9342937900446991 0
0.7636258325637388 0.9246712331647484 0
0.7566458456837082 0.9318267420991515 0
0.7857067411792186 0.9392278391096676 0
0.9361260051191546 0.8345969507674322 0
0.9334177477031016 0.8249740034741755 0
0.2741766576964534 0.6841372802951342 0
0.2633213503319126 0.6457245087672774 0
0.2606074659452076 0.6361215815986376 0
0.2675707779690185 0.6289686121310105 0
0.257893583208869 0.626518700407328 0
0.2648517874556345 0.6193660991652852 0
0.2551790133146196 0.6169160219190349 0
0.2621368955373491 0.6097635700899369 0
0.252464984929799 0.6073137346740367 0
0.2594230621071922 0.6001614049316134 0
0.2497512132383871 0.5977113369140996 0
0.2567092335198364 0.5905590896957116 0
0.2470374222291914 0.5881089927404841 0
0.2539961058969117 0.5809575071666937 0
0.2443238800967801 0.5785065780777151 0
0.2512820801827449 0.5713548449429039 0
0.2416103187525082 0.5689041107327663 0
0.2485683012677998 0.5617524087353349 0
0.2388963223419365 0.5593018690541618 0
0.2458546445525195 0.5521501295750574 0
0.2361827176992812 0.5496992638972235 0
0.2431409165303782 0.5425475806614724 0
0.2334691496833189 0.5400965624664235 0
0.240427271206176 0.5329449476290098 0
0.23075415523993 0.5304942272354481 0
0.2377132677384177 0.523342122803143 0
0.2280410898787614 0.5208908838919386 0
0.2349996335677408 0.513738787415475 0
0.9175747585947405 0.7048588171668763 0
0.9245530467021388 0.6977031141446597 0
0.9342393929522439 0.700168906167928 0
0.9315314409093539 0.6905474658258608 0
0.9218452340972557 0.6880818158790065 0
0.9288233762226743 0.6809262458954559 0
0.919135961624551 0.6784612475876968 0
0.9261151305718749 0.6713053940000089 0
0.9164279583499533 0.6688404847650415 0
0.9234069734551056 0.661684806589202 0
0.9137217316708861 0.6592196026525527 0
0.9206992729437919 0.6520644113966376 0
0.9110144405260471 0.6495992481668806 0
0.9179917767524743 0.6424442592588885 0
0.9083069817134897 0.63997931443433 0
0.9152841227661709 0.6328243769802432 0
0.9249691329963088 0.6352892777446004 0
0.922261330849101 0.6256692355691018 0
0.9125763660667763 0.6232044491073019 0
0.9195533785484928 0.61604935805421 0
0.9098686094773698 0.6135845151506032 0
0.9168454100928451 0.6064294060048232 0
0.9265305304604571 0.6088942630043032 0
0.9238223149995856 0.59927435916963 0
0.9141373678336907 0.5968096494011375 0
0.9211140571205891 0.5896546568078187 0
0.9114292719819348 0.5871902764734653 0
0.9184058758822234 0.5800351256728429 0
0.9280909287563258 0.5824994814736236 0
0.9253822449189739 0.5728798013904307 0
0.9156973313388774 0.5704155480418533 0
0.9226735639228116 0.563260285495064 0
0.9129890484829788 0.5607961047356506 0
0.919965239471694 0.5536409716029651 0
0.9102806621961079 0.5511768980151708 0
0.9172566424275713 0.5440216400364948 0
0.9269416380967574 0.5464857379913363 0
0.9242328963328555 0.5368663986072668 0
0.9145480671550937 0.5344022122526116 0
0.9215240197194112 0.5272472291861348 0
0.9118395786321538 0.5247832532693369 0
0.9188152666247221 0.5176283583268607 0
0.9091309651979507 0.5151648389564011 0
0.9161066088955166 0.5080096544846407 0
0.9257910234807548 0.5104724922373818 0
0.9230818807761193 0.5008537459204877 0
0.913397456349955 0.4983908480120564 0
0.9203672822088144 0.4912369667107661 0
0.9106877563137329 0.4887724051901485 0
0.9176607585645753 0.4816177746984101 0
0.9079520650097638 0.4791480018978352 0
0.9149442932488051 0.4719994073630597 0
0.9052624463355179 0.4695332798420204 0
0.9122460398270937 0.4623805954039341 0
0.9219183030844939 0.4648609337892299 0
0.9192141954533055 0.4552294332308644 0
0.909535740937443 0.4527628200338636 0
0.9165060667965392 0.445608923832314 0
0.9068266183281619 0.4431444991798349 0
0.9137999221999116 0.4359895579413329 0
0.9040955520617665 0.4335500324461509 0
0.9110932060182397 0.4263710065631745 0
0.9013741251205507 0.4239732015620061 0
0.908378007005253 0.4167642931508258 0
0.89868457089409 0.4143405527711452 0
0.9056710596742104 0.4071462069760764 0
0.8959888190497616 0.4046814401704839 0
0.9029647386690122 0.3975218593953401 0
0.8932826204670442 0.3950563000837731 0
0.9002565400880039 0.3879019711482701 0
0.9099400971998062 0.3903646931367874 0
0.9072310054443684 0.3807467737323308 0
0.8975474534963904 0.3782842279199733 0
0.9045194032510984 0.3711298538990767 0
0.8948378133051396 0.3686670142148757 0
0.901809573970302 0.3615126770767971 0
0.8921283855678129 0.3590499021030492 0
0.8991007362057839 0.3518953610753324 0
0.8894194326188771 0.3494325384781119 0
0.896391531191424 0.3422782100954157 0
0.8867101547977791 0.3398154706414609 0
0.8936838182814459 0.332660723982792 0
0.8840008247531751 0.3301987010888663 0
0.8909747744117027 0.3230436984519494 0
0.8812880308759656 0.3205771176232592 0
0.8882652623811949 0.313426262862338 0
0.8979490442405951 0.315888703492039 0
0.8952387071262264 0.3062714535919997 0
0.8855554481903766 0.3038080797908969 0
0.892529393136485 0.2966538325147182 0
0.8828459299025916 0.2941912774476123 0
0.8898193746492358 0.2870362781788783 0
0.8801361248228092 0.2845740590937873 0
0.8871104117990408 0.2774184227437354 0
0.8967942589734011 0.2798829828178899 0
0.8940849264383113 0.2702625826282995 0
0.8844002022627163 0.2678002308221297 0
0.8913748158135648 0.2606436988666355 0
0.9010601037389003 0.2631058957406757 0
0.8983497859158363 0.2534867697924121 0
0.9049237949912285 0.3087370370285847 0
0.8816898299405672 0.2581816906870426 0
0.9080358361689482 0.2559492276210133 0
0.9053250936128385 0.2463292205079721 0
0.9087838793720606 0.3543683859521467 0
0.9150116834300563 0.2487918095208764 0
0.9123009670709757 0.2391716309751267 0
0.9026141876907835 0.236709144930257 0
0.9095901402403539 0.2295513788080947 0
0.9177223021799144 0.2584121367864859 0
0.8999032426972976 0.2270888508816535 0
0.9068792510405805 0.2199309518143775 0
0.9169151065962345 0.3832091229471939 0
0.9165665108090688 0.2223933908834849 0
0.9138553996871741 0.2127724805799446 0
0.9180636245956593 0.4192310370108142 0
0.8731588820400971 0.291727858428223 0
0.8971922554009358 0.2174686046373766 0
0.9235431625402574 0.2152350986487588 0
0.9208318863098452 0.2056136626459505 0
0.9246985817780125 0.2512544190562511 0
0.9274092071788281 0.2608752997455693 0
0.9261875070104959 0.4480941723762433 0
0.8770272576915279 0.3373538743360125 0
0.885155012218708 0.3662045265347683 0
0.9300494770031618 0.4937138584871729 0
0.9305201511654417 0.2080764599365685 0
0.9278088291392013 0.1984547262325801 0
0.9181203754489172 0.1959920758898173 0
0.9250973656699084 0.1888329048790475 0
0.9154088293216502 0.1863703851607411 0
0.9223855496420872 0.1792109515926561 0
0.9320746044731414 0.1816736557154655 0
0.9293626997700144 0.1720512414183825 0
0.9330929744220451 0.6641498928947271 0
0.9343859468028151 0.2537171670074306 0
0.937096741803228 0.2633386560519973 0
0.9350667075490662 0.5753423600143449 0
0.9339181340291751 0.5393298979728591 0
0.5295840673806997 0.793409160141604 0
0.8884091299425217 0.9207199326682632 0
0.8911169327188765 0.9303438466609826 0
0.8889925884265627 0.4119011893642049 0
0.3570024827993721 0.7229455865834207 0
0.6319478255769914 0.9357415047318292 0
0.6222676157698153 0.9332782585646662 0
0.6195621731093075 0.9236586894792651 0
0.6125828752424558 0.9308124526025057 0
0.6098766994076942 0.9211916820786138 0
0.6028977795795905 0.9283447534041477 0
0.6001914808155276 0.9187246779432996 0
0.5932126513638984 0.9258779724058793 0
0.5905065915201473 0.9162577590213923 0
0.5835278743522148 0.9234108031634931 0
0.641609671048574 0.9382057764178979 0
0.5959217916880049 0.9354976691934238 0
0.5808219640190213 0.9137909005282732 0
0.5738433042997773 0.9209440070127972 0
0.6046491499740545 0.7410734585032115 0
0.6116066791626891 0.7339205434149876 0
0.9259415672865541 0.06438730210563975 0
0.9162661806996861 0.061942016460935 0
0.9356016113691545 0.0668218713875412 0
0.9390520278373633 0.1745140095141278 0
0.9363403754072739 0.1648914579929558 0
0.06331323028132924 0.9252360093165837 0
0.06592279472524143 0.9348856032538304 0
0.2253260302277969 0.5112879269963899 0
0.2322855947697682 0.5041357534361093 0
0.2226116409524782 0.5016846090470403 0
0.2295715617830933 0.4945320271464625 0
0.2198974081534953 0.4920810277199632 0
0.2268574734779884 0.4849286414500251 0
0.236531314691854 0.487379704810842 0
0.2338175682576829 0.477776226840119 0
0.2241435494607433 0.4753249244506823 0
0.2311038997638021 0.4681724920096838 0
0.2214296599864621 0.465720994709577 0
0.2283901620116462 0.4585688349844912 0
0.2380640584292831 0.4610204059087776 0
0.235351223107251 0.451416658174841 0
0.2256766222535574 0.4489648673088248 0
0.2326380445914333 0.4418125928020046 0
0.2229630549763852 0.4393604769202586 0
0.229924157696929 0.4322084963919653 0
0.2396014535916297 0.434658301894357 0
0.236885655224746 0.4250562280386018 0
0.227211700096366 0.4226046791424562 0
0.234172163031289 0.4154521746574387 0
0.2438468626085328 0.4179033237652716 0
0.2411337920558155 0.4083002054149577 0
0.2314598580065417 0.4058480155388694 0
0.2384209515568116 0.3986960311189673 0
0.2480950655763346 0.4011493253998304 0
0.2453828528636032 0.3915445704991647 0
0.2357086325823302 0.3890913945318 0
0.2426704207340198 0.3819398721431459 0
0.2523448269380227 0.3843930982489213 0
0.2496326956896157 0.3747884195857408 0
0.2399582461632039 0.3723348477726424 0
0.2469206435102602 0.3651834730772784 0
0.2565949193474977 0.3676372713855101 0
0.2538830774991973 0.3580324029947291 0
0.263557237518215 0.3604863329161041 0
0.2608457854693284 0.3508812892339708 0
0.2511711978719261 0.3484271755313043 0
0.2581339826783176 0.3412761448679654 0
0.2678084810478985 0.3437302461123877 0
0.2650967754943521 0.3341252424951515 0
0.2747708790108401 0.3365795028443218 0
0.2720670808085345 0.3269820094928161 0
0.2817344824115184 0.3294302393704846 0
0.2790310943286447 0.3198329078083145 0
0.288697340368148 0.3222801140737131 0
0.2859862061838209 0.3126752614399751 0
0.2956585597139179 0.3151284630565422 0
0.2929471811713563 0.3055234042271107 0
0.3026204356563427 0.3079776591820861 0
0.2999171742627808 0.298380378432988 0
0.3095840420981463 0.3008283960629201 0
0.306823011513803 0.2911889456178471 0
0.3165374152118502 0.2936710282459931 0
0.3137664842801997 0.2840226451796498 0
0.3234952350438872 0.2865167305078662 0
0.3207657814460463 0.2768706910843647 0
0.3304631740888465 0.279365286748237 0
0.3276954028268685 0.2696680866884477 0
0.3374212643930682 0.2722058048914263 0
0.3346690171574646 0.2625475716006436 0
0.3443827086914968 0.2650593398705509 0
0.2624348217320974 0.3244798768126723 0
0.341673386820858 0.2554539347223322 0
0.3513492559043903 0.2579217912944536 0
0.2902346815203207 0.295858300610649 0
0.3109711689478055 0.2742427991717268 0
0.3486438176783315 0.248314574443552 0
0.3583165901296991 0.2507742156021027 0
0.3319761067520497 0.252946577827375 0
0.3556088867471888 0.2411657007649008 0
0.3652839144949572 0.2436210110489633 0
0.367985954895035 0.2532365983845289 0
0.3749594537578046 0.2460754487741407 0
0.372248221099579 0.2364698141612623 0
0.3819226869406307 0.2389247403626734 0
0.3846339459061631 0.2485301282153846 0
0.3915969498470966 0.2413797885554878 0
0.3888858009440602 0.2317753109726303 0
0.3985601193233824 0.2342299646619843 0
0.4012625993343144 0.2438405329248907 0
0.4082281934480418 0.2366905112179091 0
0.4055220802940129 0.2270806069688533 0
0.4151964261970552 0.22953608987362 0
0.4178919396432535 0.2391590168328079 0
0.4248673688422294 0.2319992454000093 0
0.4221604578426748 0.2223864606965299 0
0.4318344648929093 0.2248426491658638 0
0.4345431148807714 0.2344534617641626 0
0.4415084194504512 0.2272985191794747 0
0.4442179874360859 0.2369037496713121 0
0.4511820431139137 0.2297535330958405 0
0.4484727021234151 0.2201477100181534 0
0.4581456710879948 0.2226059016752779 0
0.4608556585326017 0.2322095594507868 0
0.4678189093888655 0.2250626200084512 0
0.4705288389759141 0.2346657407954772 0
0.4774924090750299 0.2275172498873654 0
0.4747781934667943 0.2179158372617858 0
0.484455425751991 0.2203703115571286 0
0.4871657654721676 0.2299735918541985 0
0.4941294406082606 0.222825937224022 0
0.4968383470055984 0.2324301635870987 0
0.5038023684108797 0.2252825158166289 0
0.5065115875619338 0.2348867232142552 0
0.5134752221217489 0.2277385602714012 0
0.5161843745411432 0.2373430398572524 0
0.5231476557603267 0.2301951399417521 0
0.525856729449809 0.2397994387089503 0
0.5328198891411833 0.232651485548817 0
0.5355284482661702 0.2422558711333904 0
0.5424920056507556 0.2351079343449254 0
0.5397833744108962 0.2255030686011898 0
0.549455920512161 0.2279599040756392 0
0.552164504465769 0.2375647853292063 0
0.5591284786185681 0.2304168926597188 0
0.5618370670984051 0.2400218809214849 0
0.5688007889558566 0.2328745339998317 0
0.5715093344827695 0.2424789956377018 0
0.5784731491135274 0.2353316477642948 0
0.5811822575746161 0.244935869062621 0
0.588145519826311 0.237789063092747 0
0.5908547476966928 0.2473929173988894 0
0.5978179672491708 0.2402461057739774 0
0.6005267760362349 0.2498500814431626 0
0.6074902821664747 0.2427035867972422 0
0.6101992029157921 0.2523072516612874 0
0.6171628474993055 0.2451606646768588 0
0.6198717374562971 0.2547643666324889 0
0.6268354425965781 0.2476182003893211 0
0.6295446831977651 0.2572218469425074 0
0.6365089150993201 0.2500728175957346 0
0.6392176682317189 0.2596785984181276 0
0.6461815279093795 0.2525321516239011 0
0.6488908584920304 0.2621362566122655 0
0.6558554436805822 0.2549873891484158 0
0.6585639147522002 0.2645931176629164 0
0.651599639423472 0.2717416379398144 0
0.6612724873576348 0.2741989999541924 0
0.6682370184031577 0.2670504610444775 0
0.6709454686058826 0.2766565915740668 0
0.6779103947553826 0.2695079563896314 0
0.6806184518973381 0.2791141106901742 0
0.6736537360505848 0.2862624211379526 0
0.6833264401877519 0.288720051916952 0
0.6902915383233568 0.2815719458133873 0
0.6929994625699821 0.2911780890668036 0
0.6999648616703147 0.2840298175428078 0
0.7026726288052026 0.2936362811538037 0
0.6957074583498275 0.3007844049240065 0
0.7053801364626804 0.3032425424616055 0
0.6984153372577526 0.3103903985734793 0
0.7080876359465573 0.3128483972157546 0
0.7011229675800734 0.3199957276180807 0
0.7107948469253149 0.3224536346353936 0
0.3471069957762043 0.2746789979600333 0
0.7038304447372291 0.3296005662546462 0
0.7135019204420192 0.3320585061370673 0
0.4914152486079713 0.2132224480539728 0
0.717759854670338 0.315306468384733 0
0.7096387772673964 0.2864883491252745 0
0.2844441896010961 0.3390340186516968 0
0.6914511066385944 0.317537816390422 0
0.3192537349613969 0.3032810240055441 0
0.7065378589197073 0.3392051438799024 0
0.7162090396692777 0.3416629869968372 0
0.624136254688943 0.2380174515755814 0
0.5854423688554102 0.2281860256888431 0
0.5467478139248226 0.2183544243395533 0
0.6225806260241635 0.2643695920941062 0
0.7092452138569505 0.3488095630826726 0
0.7189161962125348 0.3512674985910995 0
0.7258811290888901 0.3441224714404237 0
0.7285871131611052 0.3537269381055035 0
0.7216229278112609 0.3608718142685539 0
0.7312938768270163 0.3633300822977661 0
0.7243299434526042 0.3704757930350435 0
0.7340005898989455 0.3729340612660225 0
0.7382611824319198 0.3561872761100853 0
0.7270368038528324 0.380079796265548 0
0.7367073741562442 0.3825380127977134 0
0.5117811943133577 0.7621460910433224 0
0.5711373268143989 0.9113240529171192 0
0.5641588077822264 0.9184775012036359 0
0.5668654053276874 0.9280975808362537 0
0.5571799721779248 0.9256308897355475 0
0.554474323281647 0.9160103782328136 0
0.5474949255022254 0.9231635020241391 0
0.5502006598464952 0.9327844942201962 0
0.5405158028931608 0.9303169949072579 0
0.537810362835907 0.9206959672699391 0
0.5308311438930383 0.9278493273927042 0
0.5281258388663935 0.9182285475951419 0
0.5211463973169008 0.9253816296297125 0
0.5238512486067336 0.9350026723682621 0
0.5141666882084974 0.9325347143331317 0
0.5114617204872185 0.9229137870229885 0
0.5044835695093353 0.9300617660577128 0
0.9013300189813616 0.6471338574775891 0
0.7297426825772331 0.3896887277969556 0
0.7394138607873246 0.3921427053881096 0
0.732449897530387 0.3992963107456212 0
0.7421207634570237 0.4017466023375199 0
0.749084804248706 0.3945999761251585 0
0.7517914102532648 0.404204096955998 0
0.744827728227839 0.411350994807161 0
0.7544980619158312 0.4138086756640225 0
0.7475336753192626 0.4209547763291467 0
0.7572042416330227 0.4234131081916074 0
0.7502403481414242 0.4305595421198751 0
0.7599107132404879 0.4330176295021818 0
0.752946828219802 0.4401641054219806 0
0.7626168878259427 0.442622265397096 0
0.7556527718632191 0.449768178526615 0
0.7653233132925762 0.4522268112693095 0
0.7583593813165148 0.4593731562221991 0
0.7680295475281488 0.4618317083541885 0
0.7610658384583363 0.4689781055732307 0
0.7707361524448902 0.4714366719325757 0
0.7637722076268152 0.4785833445052059 0
0.7734437820271849 0.4810415541689085 0
0.7664788719300895 0.4881880702391159 0
0.7761507426637438 0.4906467335967185 0
0.769185511140406 0.497793814763504 0
0.7788575326894442 0.5002522072177923 0
0.7718921790493913 0.5073990602431805 0
0.7622204785089164 0.5049406670055094 0
0.764926994102923 0.5145456358366897 0
0.7745987599152142 0.5170045249212153 0
0.7676333067162028 0.524151082376704 0
0.77730526265179 0.5266103088365786 0
0.7703394712303719 0.5337567976591325 0
0.7606679550483368 0.5312976085919998 0
0.7633739601534216 0.5409029386365171 0
0.7730454042213896 0.543362487477468 0
0.7660798274080347 0.5505087384145085 0
0.7757516402447988 0.5529683771796944 0
0.7687856241825393 0.5601150801572946 0
0.7784580414434354 0.5625747281472554 0
0.7714915700369001 0.5697213538569317 0
0.7618195155402494 0.5672614060033818 0
0.7645251377345246 0.5768676346486417 0
0.774197238711661 0.5793278237768619 0
0.7672307297533585 0.586474251281805 0
0.7575586622290591 0.5840134538389972 0
0.7602639196643326 0.5936200994562575 0
0.769935709429832 0.5960809138789722 0
0.762969274952751 0.6032270825424443 0
0.7532969486663004 0.6007634733341676 0
0.7560023454490252 0.6103725994304185 0
0.7656744550766464 0.6128338515202377 0
0.758707108289949 0.6199799006920711 0
0.7490356312371127 0.6175185487604333 0
0.7517397848646269 0.6271257510921562 0
0.7420683365686757 0.6246644720590118 0
0.744764798858181 0.6342638120156427 0
0.7350972531705363 0.6318066871146033 0
0.7544637759388917 0.6367273221673584 0
0.7377957426628819 0.6414072994497614 0
0.728129479630474 0.6389512289218452 0
0.730836187910109 0.6485595853102748 0
0.7323961691354377 0.6221936563429431 0
0.5017776753522585 0.9204451414065081 0
0.4947986699900285 0.927595965371024 0
0.4920933568701555 0.917977592133784 0
0.4851152378439471 0.9251254353892158 0
0.4824094406309026 0.9155095248709968 0
0.4754300649336452 0.9226619829311833 0
0.4781502746743596 0.9322737133705322 0
0.4684540413766895 0.9298092624295592 0
0.4657461914006908 0.9201937431057327 0
0.4587677749332731 0.9273421658057139 0
0.4560617515600053 0.9177257137747784 0
0.4490826246029237 0.9248768126402147 0
0.4463777141967602 0.9152581474249936 0
0.439399354688664 0.9224066831539037 0
0.4366928659586193 0.9127901782634597 0
0.42971549397073 0.9199388296862473 0
0.4270090827758446 0.9103222489427898 0
0.4200316080271924 0.9174728328980459 0
0.4173267650783511 0.9078543611396831 0
0.4103487618053009 0.9150032197089911 0
0.407641249440552 0.9053846821380471 0
0.4006643445714443 0.9125376604241868 0
0.4033793901396071 0.9221532030076369 0
0.3936877537489721 0.9196866572817064 0
0.3909809542193591 0.9100696535077075 0
0.3840027627198211 0.9172191429677128 0
0.3812977820314554 0.9076017949258401 0
0.3743187533379571 0.9147524191938383 0
0.3716140784423073 0.9051334317609554 0
0.3646356485716523 0.9122829855513641 0
0.3619309847780144 0.9026650803666834 0
0.3549519385958914 0.9098164880850679 0
0.3522476801713942 0.9001968725160538 0
0.3452686597998685 0.9073484260415073 0
0.3425644704095443 0.8977286329440027 0
0.3355854894869719 0.9048802657662961 0
0.3328815663435095 0.8952603789017117 0
0.3259021991021017 0.9024119599268686 0
0.328606213079203 0.9120323030317738 0
0.3189226428318122 0.909563827841916 0
0.3162186918805545 0.899943355868576 0
0.3092392417527622 0.907094407829805 0
0.3065351727041563 0.8974744744590737 0
0.2995556912132058 0.9046255584774815 0
0.2968402305919626 0.8950505459324117 0
0.2898701461541563 0.9021644509620991 0
0.287154343351139 0.8925905183801094 0
0.2801857900237682 0.8996984372498177 0
0.2774816038461173 0.890078804953386 0
0.2705035936213772 0.8972236501500818 0
0.2678000330937518 0.8876018876346414 0
0.2608202424975502 0.8947524886975858 0
0.2635245306772719 0.9043725897664802 0
0.2538401183571077 0.9019039985632948 0
0.2511361871755839 0.8922826483992374 0
0.2441556785540759 0.8994347739448794 0
0.2468595662729529 0.9090564714091743 0
0.237174459199977 0.9065870340365205 0
0.2925785515499025 0.9117790272784304 0
0.2414519478243902 0.8898131901728201 0
0.2398786846587141 0.9162095323807857 0
0.2301929553470604 0.9137399380688822 0
0.3216265784847884 0.9191846781413 0
0.3576634500975522 0.9194345122950173 0
0.2328973822128559 0.9233631194581151 0
0.223211468072541 0.9208935999573442 0
0.220507020350281 0.9112702527196542 0
0.2135254165564067 0.918424005007211 0
0.242583895780056 0.925831682535216 0
0.2108211307216857 0.9088007838462459 0
0.2038388825147235 0.9159540421937754 0
0.2065435883633416 0.9255777804698291 0
0.1968563493016475 0.9231074883160215 0
0.3867211170227056 0.926839488522499 0
0.4324380568303675 0.9295578097206869 0
0.3038313913410208 0.887854116420963 0
0.2011348584990055 0.9063304995250608 0
0.2749299868074769 0.8804570688572042 0
0.1995614041748425 0.9327319720956269 0
0.1898740414709649 0.9302617361336272 0
0.2356018128175182 0.9329863468056088 0
0.2452889515646758 0.9354550675884861 0
0.3785936508940557 0.8979818694386829 0
0.3398606645771203 0.8881088017894219 0
0.4614933963818082 0.9369604813294572 0
0.88142841105967 0.9278768323476143 0
0.8841361798881031 0.9375009636946405 0
0.8744475019727609 0.9350339066573214 0
0.9009290493509887 0.486280947658283 0
0.5974851493227392 0.909106117912874 0
0.6531491571594662 0.2453862800059196 0
0.8971216033851038 0.4407320061350687 0
0.6720573891703685 0.8205682955450588 0
0.6790206764520709 0.8134092338942291 0
0.6650939564490123 0.82772724344472 0
0.9167503600141472 0.8296645953162033 0
0.7539390234339979 0.9222043821431469 0
0.7469591521989369 0.9293598259209772 0
0.7496658935250327 0.938982298321077 0
0.7399790461379079 0.936515291572652 0
0.7211664123587227 0.6460998774953584 0
0.7238712574194766 0.6557063640753945 0
0.7335425409506118 0.6581674768585664 0
0.6681469654754415 0.7749776012162667 0
0.6778255757435845 0.7774276375612251 0
0.9266507753455382 0.1624286514582247 0
0.9336284719895871 0.1552686311405473 0
0.9412181340942815 0.6930129726373667 0
0.9298713734750932 0.9402132664743712 0
0.9395609046597511 0.9426804218981661 0
0.507194548776198 0.9396792845394567 0
0.6249457751635413 0.9428889036945098 0
0.5935649791317703 0.2570004354393144 0
0.7069303562245461 0.2768807956505334 0
0.7166053328304772 0.2793395034590644 0
0.1925788028346114 0.939886356354547 0
0.1828914852298724 0.9374162857930657 0
0.180186750905578 0.9277914835138885 0
0.1732040852847379 0.9349461130107892 0
0.1704995602189567 0.9253213876502997 0
0.1635167425283654 0.932475924041819 0
0.7695821691910207 0.4354788913493677 0
0.2947100984075074 0.7250053563668425 0
0.2850338933258028 0.7225549244525497 0
0.8648552916922527 0.7093808758617747 0
0.8578797645731207 0.7165328074968282 0
0.5645454369590969 0.2496267387507539 0
0.9440738558519866 0.2561800530580393 0
0.9467847176224269 0.2658017852534201 0
0.9398074429378871 0.2729603971151894 0
0.7915444428071985 0.8960502284015515 0
0.7818587651226386 0.8935838196696579 0
0.7888371589870692 0.8864292098995042 0
0.8902164502065283 0.2246263696831881 0
0.8875055124964417 0.215006444962508 0
0.8805299415278214 0.2221640288098886 0
0.8778190953086076 0.2125443792055949 0
0.8708438665991609 0.2197016855003524 0
0.2081169402841583 0.8991776409860052 0
0.198431320024723 0.8967077130837002 0
0.2054129434960731 0.889554802523457 0
0.8574757300756699 0.7788873146223201 0
0.8637121080238226 0.6733790313185166 0
0.2022662663745685 0.9423563736795589 0
0.7795984397088185 0.82153938659989 0
0.2856564285228223 0.8208400267326157 0
0.2883735708657289 0.830452731879294 0
0.2786316237490267 0.8280157116980469 0
0.7159470044759203 0.180699154368182 0
0.7132379653495948 0.1710842806668491 0
0.7229191696209534 0.1735456865390103 0
0.7202103445103682 0.1639303343652436 0
0.7298924779798809 0.1663920899609711 0
0.7271830975851522 0.1567761406254164 0
0.717500831701476 0.1543144646381227 0
0.7244740988610021 0.1471599632427309 0
0.714790975065982 0.1446980864648605 0
0.7217648206308669 0.1375431383694918 0
0.7120808963180597 0.1350811642558611 0
0.7190549476163197 0.1279257603714461 0
0.7093710285161373 0.1254638546405493 0
0.7287391167001938 0.1303879261548317 0
0.7260289427798925 0.120769895907701 0
0.7357137431146257 0.1232322027388076 0
0.7330034390364703 0.1136135770052086 0
0.7426888799032099 0.1160761054876442 0
0.7399787464010034 0.1064572380384267 0
0.7496651150863765 0.1089203137863933 0
0.730292364569616 0.1039947979213961 0
0.7469540645867587 0.09930030914690946 0
0.7566416554646901 0.1017641074557881 0
0.7539299599534174 0.09214287790564318 0
0.7636174132772926 0.09460635645633836 0
0.7523742824341473 0.1185390621899177 0
0.7609062996486018 0.08498516437606207 0
0.7705933985662423 0.08744812967077897 0
0.751218852027924 0.08252220844908259 0
0.7733043993195414 0.09706954913417476 0
0.7802807270526582 0.08991126834394936 0
0.7775700052168208 0.08029036955704283 0
0.7872576519740404 0.08275331827768134 0
0.789968141267806 0.09237458657531439 0
0.7969457845904331 0.08521686689629115 0
0.7942346708340695 0.07559496984112773 0
0.8039236124058433 0.07805889532308263 0
0.7996560602980001 0.09483862332011989 0
0.8012122446442359 0.06843628024113951 0
0.8109012527776468 0.07090015592388837 0
0.7368655412600825 0.1592382296017491 0
0.7023969791887694 0.1326193741383175 0
0.6996870567255721 0.123002050703668 0
0.6927131336049429 0.1301576993673592 0
0.6900031414931448 0.1205402889954323 0
0.683018285480125 0.1276969443229272 0
0.680316425563776 0.1180788899262712 0
0.6872927648169125 0.1109226314067187 0
0.6776069033545437 0.1084612513436877 0
0.6845827741278654 0.1013044619765476 0
0.6748975222313651 0.09884265359545286 0
0.6818727753784101 0.09168564785425426 0
0.6721872585085985 0.0892235517900668 0
0.665211870646132 0.09638076108440286 0
0.6625013436554777 0.08676236812810195 0
0.6555264742759457 0.09391877275271643 0
0.6528156402904398 0.08430054127645326 0
0.6458408069709602 0.09145685978025753 0
0.6431298717022405 0.08183883851341517 0
0.6361550656960213 0.08899497987442262 0
0.633444272234193 0.07937641856250333 0
0.6264693146447692 0.08653299068629505 0
0.6237583228306081 0.07691499197668761 0
0.6167834626072757 0.08407114327884102 0
0.6140723094151853 0.07445363950651507 0
0.6070975280556062 0.08160932693058015 0
0.6791625435905047 0.08206637826460278 0
0.6043868763128514 0.07198987101280996 0
0.5974116151213484 0.07914710138579406 0
0.5947003937117981 0.06952951292217657 0
0.5877254666020558 0.07668536644464163 0
0.5850146373898809 0.06706599776914535 0
0.5780394205474511 0.0742231846912923 0
0.6501006889403946 0.07468204570279846 0
0.5753285186792969 0.06460363087551291 0
0.5683531260484022 0.07176109077999671 0
0.5904355521347902 0.08630349552918343 0
0.6291788326791061 0.09615058419556888 0
0.5656421716927325 0.06214148259957092 0
0.5586669195470988 0.06929914304012419 0
0.561377773262714 0.07891860798475392 0
0.551691503736041 0.07645632054748902 0
0.5489807208907571 0.06683726712932803 0
0.5420054205686567 0.07399465440771202 0
0.5392945556374004 0.06437574356203712 0
0.5323191761903254 0.07153304829676255 0
0.5296081397587066 0.06191404798580369 0
0.522632819148747 0.06907147480751086 0
0.6210407810149279 0.06729719402446432 0
0.5199215704722722 0.05945260630866556 0
0.5129462178546115 0.06660984421406191 0
0.6733356168720164 0.1252340659115417 0
0.5447170371908332 0.08361396135561122 0
0.5102350074587406 0.05699074186811726 0
0.5032598559321145 0.06414830373998304 0
0.5059701199686381 0.07376817298559724 0
0.4962846498038443 0.07130624248217698 0
0.4935733805946689 0.06168677463649508 0
0.4865983823988283 0.06884480381683777 0
0.483886793286381 0.05922530176337459 0
0.4769119561391505 0.06638351076440457 0
0.4796235210594236 0.07600261665166064 0
0.4699375824474297 0.07354142101643857 0
0.4672255248695044 0.06392245423417553 0
0.4602513725413395 0.07108058452480298 0
0.4575390504787019 0.06146135133018699 0
0.4505645480257218 0.06861972532034899 0
0.4478523770809758 0.05900016101428568 0
0.4408777891705753 0.06615863158679786 0
0.4435898863975971 0.07577789517149247 0
0.4339031110889993 0.07331705912080694 0
0.4311911028711003 0.06369777804375415 0
0.4242164441947743 0.07085638148897633 0
0.4215043587690154 0.0612370169434529 0
0.414529986425446 0.06839570156961172 0
0.4172420800898032 0.0780147761250366 0
0.4075559365499257 0.07555434101311476 0
0.4048433277838628 0.06593512858635642 0
0.3978692844995678 0.07309401177059882 0
0.3951563695720305 0.06347461135934107 0
0.3881822549739712 0.07063367538053605 0
0.3908924758179404 0.08025445341219822 0
0.3812067553246993 0.07779400999704655 0
0.3784944129794865 0.06817395926416159 0
0.3715209680323948 0.07533318188933275 0
0.3742322003204235 0.08495369644102679 0
0.3645478000690716 0.08249176513606021 0
0.3618343875847217 0.07287305183319298 0
0.3548605949280745 0.08003223345420407 0
0.3521473658900242 0.0704129845516096 0
0.3451736752696436 0.077572494315717 0
0.3478868786796541 0.08719149329970283 0
0.3382000151595821 0.08473197185994907 0
0.3354865324225029 0.07511284992486472 0
0.3285128393499614 0.08227256215238316 0
0.3257991187625115 0.07265325309296417 0
0.3188255262959941 0.07981316403298749 0
0.3215393331912532 0.08943212808477008 0
0.3118520035689454 0.08697297907331514 0
0.3091381206654604 0.07735393394857626 0
0.3021646845131093 0.08451388129296594 0
0.3048786568866136 0.09413289435998029 0
0.2951914784553252 0.09167391163813021 0
0.2924772296692937 0.0820547430717864 0
0.2855039645419507 0.08921499473784078 0
0.2827894982470666 0.07959561982684171 0
0.275816133982361 0.08675605199960013 0
0.2785354111750359 0.09635708779586916 0
0.2688482029953767 0.09389546524885189 0
0.2661291387802572 0.08429381467218938 0
0.2591561134275673 0.09145372877358771 0
0.2619178029688617 0.1010506761599214 0
0.2521901792399232 0.09861333103633058 0
0.2494672296500167 0.08899927483414177 0
0.2424955737341591 0.0961591193085074 0
0.2452539610342576 0.1057975596098772 0
0.2355340926807937 0.1033295428214324 0
0.2328063072719087 0.0937016718218277 0
0.225835316917946 0.1008647301622935 0
0.2285595513648295 0.1104946834074209 0
0.2188644813391837 0.1080281844684128 0
0.216143737308348 0.09840738120362874 0
0.2091724647364787 0.1055677599155566 0
0.2118855311801243 0.1151933248728529 0
0.2021975187994613 0.112730440684803 0
0.1994835949812619 0.103108538640625 0
0.192510559067816 0.1102697943233161 0
0.1952233992265812 0.1198914133455624 0
0.185538108514102 0.1174306701179081 0
0.1828222650381046 0.1078111273733254 0
0.1758493690570319 0.1149729854778139 0
0.17856511534516 0.1245925719602676 0
0.1688764802479755 0.1221348654118217 0
0.1715923403901978 0.1317543257549225 0
0.1619035520995757 0.1292966554071474 0
0.1591872404787663 0.1196776453046703 0
0.1522144405999632 0.1268394151539406 0
0.1549307101586967 0.136458831936308 0
0.145242286271923 0.1340018574853187 0
0.1479575625093189 0.1436211391604968 0
0.1425237628552311 0.1243849751786398 0
0.138269484001978 0.1411640633813646 0
0.1409846425773752 0.1507832846602696 0
0.1312965730228174 0.148326146257996 0
0.1340120226699811 0.1579453085971838 0
0.124323728984687 0.1554882204349357 0
0.1270391958374426 0.1651074006442219 0
0.1173502419469306 0.1626497305675444 0
0.1200662858235397 0.1722693454718735 0
0.1146322857478506 0.1530333191018786 0
0.1103772204564579 0.1698117298050769 0
0.113093352843506 0.1794314703134393 0
0.1436999081166668 0.1604042073375191 0
0.1034042491823418 0.1769738888740856 0
0.1061204533138211 0.1865936747468716 0
0.1158093597911011 0.1890511860172203 0
0.1088366552044503 0.1962133119915844 0
0.09914770635117565 0.1937558960740211 0
0.1018639802688314 0.2033755425522706 0
0.1185253879688455 0.1986705844508796 0
0.09217484236664525 0.2009181220714704 0
0.09489117954683568 0.2105381188946165 0
0.0852032257376879 0.2080818419776447 0
0.08791868914783313 0.2177006522564165 0
0.09760757600512826 0.2201580660778231 0
0.09063509612751236 0.2273202477733621 0
0.08248354873835795 0.1984666660128737 0
0.1003238171955464 0.2297776332111273 0
0.09335139991883973 0.2369397141211115 0
0.1030547678112813 0.2393868226227044 0
0.0961203050258701 0.2465431532554078 0
0.08638772766106451 0.2440991737011989 0
0.08910573512101339 0.2537179847851291 0
0.09884462809519418 0.256160837381318 0
0.09182384908136809 0.2633366940435731 0
0.1015123882973758 0.2657936676213709 0
0.09452852598119049 0.272958884113796 0
0.08484201012931919 0.2705014934375375 0
0.08755705329918839 0.2801208058907876 0
0.09724500208376896 0.2825777597647389 0
0.09027345432880107 0.2897395177338965 0
0.09996143268202684 0.292196013315311 0
0.09299004681394374 0.299357845278988 0
0.08330194055059298 0.2969014267347235 0
0.08601860683627061 0.3065198894827206 0
0.09570676334469558 0.3089763143357691 0
0.08873541514113514 0.316138270368525 0
0.07904711042541768 0.3136819273528521 0
0.08176420014969199 0.32330039474467 0
0.09145226418822466 0.3257565641093648 0
0.08448130176371726 0.3329186449696128 0
0.07822915684408777 0.2152506704471269 0
0.09416920797004147 0.3353745208669203 0
0.08719840862130512 0.3425365767595061 0
0.07751033405514474 0.3400807724023016 0
0.08022755949765514 0.3496988084925352 0
0.08991548926118265 0.3521545458336591 0
0.0829448440294176 0.3593167066929314 0
0.0926325142711153 0.3617724712040207 0
0.08566209199134261 0.3689345901805677 0
0.07597421207638155 0.3664788186268381 0
0.07869166006697509 0.3760966110343394 0
0.0883793790840377 0.3785522489141779 0
0.08140916655799013 0.385714221110722 0
0.09109669650621866 0.3881693590211371 0
0.08412667984866384 0.3953314418768025 0
0.07443897930222754 0.392876296981813 0
0.07715652622243119 0.4024938554863903 0
0.08684423113750217 0.4049485371282993 0
0.0798745535520522 0.4121109514688341 0
0.08956174250493765 0.4145657731590647 0
0.08259232222310237 0.4217279058985639 0
0.09227920942977363 0.4241829060471979 0
0.0853096876666849 0.4313448378579669 0
0.07562263181132234 0.4288893972682742 0
0.07834020074997983 0.438506898779068 0
0.08802751948711196 0.4409613079047133 0
0.08105826257576182 0.4481237402941072 0
0.07137054431763723 0.4456693206941119 0
0.07408871897147185 0.4552863976700877 0
0.08377633195898831 0.4577409549665863 0
0.0768070844614569 0.4649033187175932 0
0.08649430540918324 0.4673579558961196 0
0.07952531976799199 0.4745200015442665 0
0.08921242723904527 0.4769741871292364 0
0.08224346771223473 0.4841364125431704 0
0.07256253739923396 0.481681336275695 0
0.0752822043854286 0.4912968858243102 0
0.08496304920947795 0.493752538673894 0
0.07800054846139071 0.5009132819274629 0
0.08768164248195831 0.5033688751890548 0
0.08071514853205092 0.5105306150401224 0
0.09039900448152616 0.5129867349367535 0
0.08343654922374827 0.5201458952347828 0
0.09311689125311484 0.5226012412843751 0
0.08614969538862016 0.5297631944290111 0
0.07647404115529594 0.5272916149858976 0
0.07918794286450193 0.5369210597264813 0
0.08886857937300174 0.5393785277207699 0
0.08190526996609149 0.5465392620919569 0
0.09158694382350391 0.5489944441592095 0
0.0846205450315255 0.5561562988347413 0
0.09430487217473726 0.5586101298999392 0
0.08734153751136975 0.5657709740139388 0
0.09702361186974573 0.5682253498687329 0
0.09005967331460141 0.5753862477329954 0
0.0997419733967394 0.577840448913042 0
0.09277570010934838 0.5850019531776233 0
0.1024598899194618 0.5874554580273493 0
0.0954958510623497 0.5946161650269148 0
0.1051784332002716 0.5970699470000835 0
0.09821132117985987 0.6042316153710181 0
0.08853096421460671 0.6017676340889235 0
0.09124742811242192 0.6113910356417839 0
0.1009293742898459 0.6138467598004638 0
0.09396516139686145 0.6210075418905031 0
0.103648086267554 0.6234615761888255 0
0.09668222267091009 0.6306230335298361 0
0.1063667808913924 0.6330767126983032 0
0.09940212249305858 0.6402373725781128 0
0.1090854168935909 0.6426908063201064 0
0.1021190653162546 0.6498522933675045 0
0.1118040565829593 0.6523052580859986 0
0.1048374736231156 0.6594667486993973 0
0.1145226203258488 0.6619195143734311 0
0.1075557661206731 0.669081153002547 0
0.1172411584086519 0.6715338084565957 0
0.1102743410613405 0.6786954204117602 0
0.1199615700542428 0.6811502010026536 0
0.1129931538559514 0.6883099057802273 0
0.103307132116686 0.6858570834346227 0
0.1060259713647103 0.6954718468711151 0
0.115712188242944 0.6979249667691616 0
0.1087454680255412 0.7050865788526851 0
0.1184312652870611 0.7075394560747972 0
0.1114645758929328 0.7147013577464003 0
0.1211503841993191 0.7171540273766727 0
0.1141831796014851 0.7243163497609092 0
0.1044972551215928 0.7218621586246473 0
0.107216156821342 0.7314789337637729 0
0.116902840810574 0.733931920220718 0
0.1099351891882527 0.7410950199553862 0
0.1002481740488929 0.7386412731967528 0
0.1029672779490836 0.7482586528545209 0
0.0963394878323558 0.6930191282491192 0
0.1196224759884294 0.7435475794897204 0
0.09327925510580981 0.745804690836769 0
0.09599905414108911 0.7554227106835487 0
0.09243412397856676 0.6473911795627713 0
0.08631023185955333 0.7529695954128723 0
0.08903021424047525 0.7625871898013239 0
0.09871927609478626 0.7650401897827396 0
0.09175037040219247 0.772204742694247 0
0.08359048040384276 0.7433512285526798 0
0.1014395573125405 0.7746575346164435 0
0.09447098222034045 0.7818224236557768 0
0.08478116470172375 0.7793694211972604 0
0.08750188843681389 0.788987648855993 0
0.08427940492718733 0.6185397661898658 0
0.1281186005104759 0.7099925752389237 0
0.0803764145914968 0.5729133835031984 0
0.07781160664115533 0.7865344290373733 0
0.08053215697351751 0.7961529420338804 0
0.09022263688261167 0.7986061021593402 0
0.08325282025482517 0.8057715644578338 0
0.07662115148190257 0.7505166287443685 0
0.07390113455284431 0.7408987459096494 0
0.07356221422779141 0.8033184704428099 0
0.07628305775476268 0.8129374991452232 0
0.07222222962168695 0.5440621039687206 0
0.1242075589923252 0.6643729235124691 0
0.113334741799109 0.6259164892225464 0
0.09294322123230275 0.8082246208155894 0
0.06746833429045984 0.4000387049769382 0
0.06831965133361922 0.4984319643569718 0
0.06693141818402959 0.7480636201751343 0
0.06421126342055306 0.7384447366925877 0
0.06659205308601501 0.8104843199996827 0
0.06931309292656213 0.8201039538002118 0
0.1012720687215254 0.5514484898269201 0
0.1121448343518516 0.589909003519329 0
0.06440068488843015 0.4528322795697584 0
0.09736695472558582 0.5058233730112585 0
0.6888485384980736 0.08452863976633285 0
0.6861381212641855 0.0749087970644991 0
0.6958248948950785 0.07737126167985797 0
0.6931141364696406 0.06775077925497608 0
0.7028013829249573 0.07021347214377149 0
0.7000904923840714 0.06059245101687155 0
0.690402750758655 0.05812982044965698 0
0.7097761824487957 0.06305582235798907 0
0.09924848415377852 0.417021016624049 0
0.4726490376415113 0.08316038017076172 0
0.8081902814674033 0.06127737342900552 0
0.8178791463899786 0.06374112286933886 0
0.8205900968156049 0.07336408485131163 0
0.8275680808415107 0.0662049778175029 0
0.7985010098097911 0.05881368151314437 0
0.8302788371044251 0.07582787079310632 0
0.8372569643720875 0.06866884497359738 0
0.05962165643103523 0.8176505250360567 0
0.06234265748622603 0.8272704003900554 0
0.07203435246463641 0.8297237406271735 0
0.06506388649811573 0.8368902911966594 0
0.05690106128599709 0.8080310868693802 0
0.07475563030345683 0.8393436312733153 0
0.06778514549775688 0.8465104157918626 0
0.5919849105342578 0.05991066884640395 0
0.8248571044556903 0.05658213759966813 0
0.1100195676730539 0.2322068336006026 0
0.9411255839255538 0.916273078176191 0
0.1759088318409553 0.9445707795895676 0
0.292341145941504 0.6530780469200144 0
0.4995463549344335 0.2420347643651394 0
0.05809314478417277 0.8440570508949742 0
0.06081451872775467 0.8536774424478283 0
0.7537026507565068 0.5384438066941244 0
0.9431060413127794 0.8274399877749767 0
0.9403976877400413 0.8178167201511424 0
0.057241220073731 0.7456100080582385 0
0.05452101681017119 0.735991024758759 0
0.06149120684657605 0.7288257176061219 0
0.05180114545991077 0.7263718618324252 0
0.05877119130116071 0.7192066401464601 0
0.7541009995286513 0.4761251135015041 0
0.6531672637358577 0.6911414769209341 0
0.2383064794778872 0.9426096316255484 0
0.2479933739119309 0.9450790760439949 0
0.3860257880595349 0.7303003025206762 0
0.9329175720459031 0.05722399382222854 0
0.942607703100633 0.05968768627791782 0
0.9452886292140712 0.06920731478060843 0
0.9433182173073803 0.1577315003503474 0
0.940606198147228 0.1481083530099485 0
0.7426858632637672 0.9461380796507931 0
0.7329987249166876 0.9436708031107757 0
0.05637097368483468 0.9324098736195325 0
0.05906660535750413 0.9420354100515002 0
0.06846442223616189 0.9444736532799654 0
0.244672886250093 0.5161896362143463 0
0.7070668761206502 0.05343386080935247 0
0.7167507869927571 0.05589792058870419 0
0.8771552849054221 0.9446582210322124 0
0.8674664701380701 0.9421910675835272 0
0.8868442394276058 0.9471253441967098 0
0.4243037577870612 0.9007019816263893 0
0.9494955149530552 0.2754236412157654 0
0.942518223159618 0.2825824919127119 0
0.2427895980481146 0.604860220477075 0
0.2536437127855404 0.6432701702917358 0
0.09618107386517649 0.4698124502658142 0
0.7804081800315804 0.4738985002813439 0
0.4548268185520666 0.05184152087318611 0
0.7787268381021291 0.9463839935600972 0
0.7884143677829251 0.9488511272389022 0
0.4634141157160214 0.749898741446231 0
0.7587560063876739 0.3970576885060709 0
0.2346470879309057 0.57605119450039 0
0.2265061462253433 0.547244627460056 0
0.2183626889787255 0.5184269493891874 0
0.7791522764098874 0.8839629345139688 0
0.7861301776535987 0.8768087673079525 0
0.7302918753231118 0.9340478353178306 0
0.7233116501782801 0.9412034202678693 0
0.5586325431316203 0.8007638693978809 0
0.5268943164621478 0.05229458766972289 0
0.9033049889248442 0.5583319382030723 0
0.938417291487782 0.9066483484207077 0
0.2549761206023275 0.9379240103614304 0
0.2576804127998706 0.9475482935963233 0
0.9021555900082732 0.5223194937654999 0
0.6554123985861924 0.8252760756626121 0
0.6581301169131172 0.834886530298558 0
0.7265761343513386 0.6653133025029545 0
0.7362478973149291 0.6677744160904449 0
0.6639464667048492 0.7295918355399247 0
0.868132290935882 0.2100813875586277 0
0.8611568496750862 0.2172379673697232 0
0.8751059758148509 0.2029220109938656 0
0.453356835317174 0.908106413387323 0
0.9239389729517375 0.1528060405306053 0
0.07747697258398889 0.8489635483399299 0
0.08444727888805253 0.8417969425440245 0
0.04908109739440458 0.7167527708778221 0
0.05605112923087602 0.7095875198306903 0
0.6817390314397056 0.8230192976303463 0
0.6887025347886411 0.8158598839892025 0
0.1957275677665662 0.8870852130356598 0
0.2027088462275941 0.8799324646074976 0
0.2690961239437177 0.6026093803153022 0
0.4150464155661896 0.7376501280507584 0
0.6019334970972126 0.731471281102859 0
0.5949760388764451 0.7386237920097101 0
0.5285655533447908 0.2494034500106275 0
0.9481067239353799 0.9091151528338135 0
0.6088909249392404 0.7243190488242436 0
0.6995745155958762 0.3463517659499539 0
0.05112219906511689 0.8512240041125732 0
0.05384369029663028 0.8608446219003583 0
0.9522062523739404 0.2850455437249302 0
0.9452290522955156 0.2922045545401825 0
0.9549170255775367 0.2946674565378428 0
0.9479396223431928 0.3018260512051961 0
0.7138963563862755 0.2697308734208432 0
0.745982038721793 0.4473096676782292 0
0.7235717496989669 0.2721893951337241 0
0.7262806660306098 0.2817985301387049 0
0.7854243407425436 0.5554282020579283 0
0.8733938085473896 0.6758437375617583 0
0.8706872282803961 0.6662268882510614 0
0.8638685434000795 0.2268583991867278 0
0.8541808948862027 0.2243930916884332 0
0.8568933343997632 0.2340139266878419 0
0.8472080674497199 0.2315510959995446 0
0.8499193530143008 0.2411702764746321 0
0.840235697395026 0.2387085996920081 0
0.842945517979291 0.2483254802714088 0
0.8332627512894693 0.2458646319209993 0
0.8359724510310862 0.2554806227426493 0
0.845656421329541 0.2579437376184726 0
0.838681826141626 0.2650967334581995 0
0.2624283827860021 0.770351433253062 0
0.4827620430439871 0.754798021825273 0
0.7391303171574205 0.2313768012578757 0
0.67564045042971 0.197265045571611 0
0.3259168598528387 0.8042701453965269 0
0.106708523913884 0.5706794477754893 0
0.8153148005668713 0.6610607881331376 0
0.7184586520982773 0.6364913638942968 0
0.7114963548788843 0.6436391741093901 0
0.6369576702977202 0.1874762669440606 0
0.2983692831065284 0.3247324831791532 0
0.7509971043456043 0.5288384753419688 0
0.3646430756722449 0.8140825167229975 0
0.403367448679295 0.8238923198830129 0
0.8126731026520613 0.4283902722467547 0
0.5595057908470649 0.1678917373938004 0
0.4343932942024335 0.7425496873587329 0
0.5781159025894902 0.904171013316875 0
0.5982379816541991 0.1776830993220117 0
0.3331764612591003 0.2889772139206356 0
0.4823346203329898 0.08562114063259929 0
0.4517734355010121 0.8361555628185026 0
0.511121893234522 0.1555119471955091 0
0.9105966169352719 0.7120143094560067 0
0.2098853428398273 0.2663159062581574 0
0.1187708014768914 0.6451437045090956 0
0.1774307042438371 0.3741368558079404 0
0.6098073565222812 0.09122708385494666 0
0.1758899008139443 0.4005140901259602 0
0.2501001851011575 0.5353964977716411 0
0.6485513254206458 0.1010753713775178 0
0.5253445141202047 0.07869098852881512 0
0.7721729871211719 0.8911171869575858 0
0.7990605027025955 0.3803859084836638 0
0.4372553892435098 0.2440515866048744 0
0.8254078395098532 0.6011559140038988 0
0.1743114584772618 0.42684992466914 0
0.1727754591390565 0.4532281990588019 0
0.3592270462576604 0.8930453368482811 0
0.8269188978249711 0.5748081971957324 0
0.202289671080678 0.6212878590391361 0
0.1712406463708483 0.4796062719955211 0
0.2662685164436591 0.3700910895475099 0
0.2990179260660245 0.1997682632081889 0
0.4635645941118383 0.2418142623556598 0
0.4904975192470684 0.8459650048263078 0
0.2131511910748341 0.659720110203002 0
0.8273212116417749 0.5124526958835354 0
0.7883567335759178 0.341832487225046 0
0.1254978140780581 0.19150909269592 0
0.1282136052825384 0.2011277734923221 0
0.1351856272371882 0.1939667438196901 0
0.1379014092755675 0.2035852333084889 0
0.1448730357027009 0.196424345327517 0
0.1475887898601076 0.2060420573731813 0
0.1545600440887983 0.1988816462397787 0
0.1572753414808516 0.2084990285333235 0
0.1642463854364042 0.201339009421344 0
0.1503045126354249 0.2156592924515246 0
0.1599906161950541 0.2181161147408863 0
0.1530200464222927 0.2252762225334068 0
0.1751895315662312 0.5252196263414302 0
0.1615313011591618 0.191721583127953 0
0.1712175625807363 0.1941789608024535 0
0.1685025096109604 0.1845615819961912 0
0.1781886774805753 0.187018881578516 0
0.1809036812689855 0.1966359332212859 0
0.1878745008537904 0.1894761094271915 0
0.1851597001823484 0.1798592411975891 0
0.1948454566975434 0.1823164895051912 0
0.192130745209439 0.1726997520621159 0
0.2018165677137766 0.1751569196590992 0
0.1991021459445624 0.1655405716447 0
0.2087904306130619 0.1680001675891808 0
0.1905893735594416 0.1990926488321615 0
0.2060736978815809 0.1583814815957453 0
0.2157620748261972 0.1608411231674922 0
0.9097707790536496 0.8368205344348111 0
0.9070631652131622 0.8271981742837894 0
0.7146585248537279 0.3680166252609283 0
0.275318929001672 0.2115218844350406 0
0.8235002858547678 0.4668576347422278 0
0.9044529178219907 0.5943454326254196 0
0.5351047086652007 0.9110755809888261 0
0.9028919388491214 0.6207394097684994 0
0.5088052843411691 0.9132956551897824 0
0.09960286095590004 0.354610532943443 0
0.09806665339478837 0.3810073255468044 0
0.2745298436107667 0.6218050853417488 0
0.1011398545773801 0.3282128443389463 0
0.1084722720597461 0.2586353515461542 0
0.1069326973789566 0.285034676045117 0
0.7774881147448833 0.3034369768519053 0
0.2240138444899474 0.6981537981976278 0
0.7378628195661259 0.4184989464786555 0
0.7831435012244014 0.7064208372345437 0
0.8126088922006279 0.6514478985096954 0
0.8056336860095897 0.6586148864050226 0
0.8029310354027227 0.6489878421320507 0
0.7959558019308572 0.656154722715615 0
0.7932535559001749 0.6465287485094 0
0.786283107853527 0.6536747290506756 0
0.8001887513330943 0.6393774536605952 0
0.4753609033922759 0.09277834379149258 0
0.4850452898574226 0.09523900268685692 0
0.1483415608990655 0.3667239093183338 0
0.6266784421235773 0.7556142433496833 0
0.109649019410654 0.2946522320453713 0
0.1166198302284848 0.2874914137271843 0
0.1193359858784324 0.2971083385029638 0
0.1262815220417292 0.2899548962524022 0
0.128993241787411 0.2995727076796398 0
0.8544433688445028 0.6085452669555931 0
0.1467568007039714 0.3931190733799447 0
0.7926787478410626 0.1019960866136242 0
0.8023658969841634 0.1044596881303302 0
0.7953891543153425 0.1116172124406031 0
0.805076270851117 0.114080505102565 0
0.7980980698528864 0.1212365607647128 0
0.1019656367609761 0.4266373391571301 0
0.1089347388861097 0.4194751390421942 0
0.1116514778092303 0.4290932569931546 0
0.07207558136852921 0.3208442412741035 0
0.4291248458263396 0.2152353078550264 0
0.1265900380475953 0.7363845491952181 0
0.1293094996680979 0.7459998628512824 0
0.1362765309866593 0.7388372296443109 0
0.1389960415295254 0.7484520416063043 0
0.1459630175444532 0.7412899729821492 0
0.1486822563963392 0.7509041412840101 0
0.1417159121512221 0.7580665890592788 0
0.1556486007752166 0.7437419300007202 0
0.1514019106089206 0.7605186725898119 0
0.1444354854749123 0.7676812887829995 0
0.152929683965382 0.7341283170140045 0
0.1541216522703284 0.7701335467365469 0
0.1471547571496736 0.7772962912281616 0
0.162614761676599 0.736580337262438 0
0.1598957839139705 0.7269670800297009 0
0.1653336984992102 0.7461935488265724 0
0.2484323289260532 0.8826611575783746 0
0.2387483250165451 0.880191853844262 0
0.2457285631985081 0.8730398197407354 0
0.2360449292584855 0.8705709071271118 0
0.2430245858356537 0.863419182509374 0
0.2333415007424143 0.8609503445115648 0
0.2403212026525776 0.8537991877758864 0
0.250003795915702 0.8562677494559441 0
0.2473001983493297 0.8466480044427627 0
0.7575449306361486 0.8069998472311724 0
0.5684321125624999 0.9017044268527592 0
0.07786839605385726 0.2776640995663281 0
0.9169613715897955 0.1599658320057182 0
0.9319468154530225 0.6281343329435239 0
0.07053916878801253 0.347242982608245 0
0.9140424042155298 0.8200422170729342 0
0.09991290676660086 0.8010592514909103 0
0.1026334242458226 0.8106773671098143 0
0.1096026626455739 0.8035122710026128 0
0.4554326978078636 0.2130020682042575 0
0.2372457479911342 0.362729485971674 0
0.5432209612073879 0.9399384363607037 0
0.8120534591388326 0.1069232892859864 0
0.1887455956377195 0.8942373018658353 0
0.2484592169999028 0.3388214871367619 0
0.2908037984876258 0.1708310520164811 0
0.1731330144447384 0.1053535123379391 0
0.484794482070647 0.1576347924390242 0
0.1668950930874296 0.2733062660386723 0
0.07940981796000329 0.2512629711317428 0
0.1801064792110285 0.09819109381170854 0
0.170417010267789 0.0957331488661371 0
0.1773908817673969 0.0885705291975134 0
0.1677011077027356 0.08611241713724116 0
0.1746750771985439 0.07894966322898739 0
0.1649848516644867 0.07649141989195141 0
0.1719589221820969 0.06932859211210063 0
0.1622685032101421 0.06687022078400462 0
0.1552943311967169 0.07403325185380527 0
0.1525778756404906 0.06441183510144793 0
0.1456034165994817 0.07157513498628743 0
0.142886961774952 0.06195334934070285 0
0.1359124624049994 0.06911683851900269 0
0.1816493206275756 0.0717869211884048 0
0.1331958622355673 0.05949484419300383 0
0.1262211053455954 0.06665857040218903 0
0.123504925459485 0.05703670133554739 0
0.1165300688243309 0.06420046893244691 0
0.1192464006184282 0.07382244407516403 0
0.1095553086318755 0.07136432372964435 0
0.1122716726411682 0.08098621409106876 0
0.1025802690230382 0.07852782858172969 0
0.09986485590727401 0.06890556865141412 0
0.09288910519945459 0.07606970897838544 0
0.09560530922228583 0.08569186415890662 0
0.08591404884288417 0.08323364500747704 0
0.08863047296811688 0.09285591496559514 0
0.08319830663939748 0.07361062163038701 0
0.07893928611211498 0.09039765215991641 0
0.08165589748751761 0.1000199314937023 0
0.07196449071183608 0.09756159006607301 0
0.07468127658033802 0.1071838111974712 0
0.09134692840926312 0.1024788761858508 0
0.06498967223173213 0.1047255014867883 0
0.06770649718843974 0.1143479338198095 0
0.06227317359964107 0.0951026709675703 0
0.1789340256903536 0.062166456780061 0
0.1886238474788128 0.06462425180496972 0
0.05801482731101743 0.1118895350513886 0
0.06073175405720427 0.121511923782084 0
0.07042329871143682 0.1239702855577598 0
0.0634486690879254 0.1311342248658183 0
0.0731401004586632 0.1335924026580444 0
0.0661655439395008 0.1407562856123907 0
0.05647406472749095 0.1382983864189223 0
0.059191164963868 0.147920271314716 0
0.1859085238832011 0.05500352185919377 0
0.1955984536856327 0.05746128891426627 0
0.1498615688689666 0.05478989820116398 0
0.06888285150351625 0.1503768412883502 0
0.06190816991556025 0.1575418844556212 0
0.05221682841428238 0.1550841601920447 0
0.05493382637956645 0.1647060109906562 0
0.121962851841254 0.08344452044416995 0
0.05103995127991195 0.1190536200002102 0
0.1138155427810436 0.05457758364135928 0
0.2671807900489787 0.1826816852270669 0
0.05368589450118799 0.9229293691595754 0
0.4366153345731262 0.08293579109695903 0
0.9396552997110292 0.7194121058201859 0
0.458453435459055 0.1599086271890392 0
0.9508150792844774 0.9187401151707056 0
0.05265079669197703 0.8248164309309569 0
0.243559620449747 0.194536400784937 0
0.1609250533376765 0.8251336646831626 0
0.432135282930419 0.1620997384567239 0
0.8116013637361321 0.1693013035560157 0
0.4102684798245554 0.0851729295041459 0
0.2977713919651039 0.1636719709905837 0
0.2880890406603406 0.1612134559681407 0
0.295058936395644 0.1540564003285643 0
0.2853755275454812 0.1515979039044772 0
0.2923459081401273 0.144440836855358 0
0.2826619430027791 0.1419823916254958 0
0.2756914042446609 0.149139481197114 0
0.9374973783541301 0.2009175678984318 0
0.9402087805814401 0.2105396721214399 0
0.9471864493630897 0.203380506517555 0
0.9498972172675977 0.2130023887168636 0
0.1329916639871023 0.8537325008820815 0
0.1900117013214035 0.832316502338741 0
0.8686033404924463 0.1479826203017371 0
0.9415426722840311 0.8538436390199358 0
0.9442507688180669 0.863467589286161 0
0.06900345016260573 0.3736409306672424 0
0.7498631392395179 0.7157976275205999 0
0.8054794196110384 0.05165449432356195 0
0.7957900290223571 0.04919076442332182 0
0.5168195046162674 0.8437051300002451 0
0.2434908188601945 0.4802279109353524 0
0.3409136821474642 0.09435052582234305 0
0.3505997774984705 0.0968100046648902 0
0.3436271284730604 0.1039685141237515 0
0.3533124438559943 0.1064278134703055 0
0.3463441380301098 0.113570129647476 0
0.3366557724175431 0.1111241353461732 0
0.8560027473879204 0.5821665706910291 0
0.5431610831875816 0.8414578621316091 0
0.143686522011265 0.4458788164811541 0
0.2897631546527107 0.07243512308739913 0
0.280074832400756 0.06997593241712707 0
0.2870490429540332 0.06281498037894606 0
0.2773600257834901 0.06035569015907438 0
0.2843343755278842 0.05319522798749754 0
0.2746450080781844 0.05073607370185607 0
0.7881309386383162 0.5650346452621208 0
0.3591206849915221 0.06325408402367966 0
0.9335074462505345 0.6017383809240008 0
0.04832302653825904 0.1094310323765072 0
0.8706013349104584 0.889382643240236 0
0.3327729013267768 0.06549334834533754 0
0.654308011900854 0.2813467505294844 0
0.7386264243753295 0.7397016052031553 0
0.6751078012193006 0.7678208160953782 0
0.684786498847836 0.7702705690016851 0
0.06935842145665289 0.3112252450202498 0
0.06238641610468354 0.3183879101761057 0
0.05966927728708654 0.3087683446299607 0
0.05269677214710677 0.315931458205888 0
0.04997939926619499 0.306311121426104 0
0.7581955623284896 0.07536409781121944 0
0.157645518950702 0.1460799179944842 0
0.7600829463307071 0.209773574667507 0
0.7837091613243454 0.1979240947709128 0
0.4451400574926855 0.04937990589750885 0
0.4021306817900668 0.05631551681180247 0
0.3924431142248961 0.05385482923548696 0
0.865604282564117 0.8077268072911605 0
0.1456268594489863 0.3571107496180372 0
0.1386584178152558 0.364268354096163 0
0.1359436339739404 0.354654218189686 0
0.2450261058123628 0.4538647055142779 0
0.4240057283344648 0.1332611034149715 0
0.4143250149075144 0.1308010920888679 0
0.6628211135853541 0.2478386592880292 0
0.6601154047272012 0.2382345934922637 0
0.6697875212497464 0.2406888643769776 0
0.4503341573232785 0.131036395218014 0
0.5529068381129795 0.9424060859002541 0
0.2413174115538421 0.7916786737419709 0
0.2178819306955335 0.8036726698679992 0
0.490862023724952 0.05206670627691928 0
0.06168232952062502 0.4432141079246485 0
0.05471185725739447 0.4503777654224466 0
0.05199340520655704 0.4407586091868397 0
0.8571507515407065 0.6181595123661204 0
0.1285777102516609 0.1387104506141331 0
0.2676706000710429 0.05789667795477066 0
0.2649558386647789 0.04827542001406354 0
0.2579808841726602 0.05543729160259547 0
0.2302829663998446 0.3698812170119412 0
0.2275702500392524 0.3602747919913501 0
0.2206066405776745 0.3674278018039159 0
0.2178938789513271 0.3578198583631905 0
0.784271086768588 0.519463544252965 0
0.1607261508532433 0.09327622588745466 0
0.2160018669615443 0.446512755388896 0
0.2132879052757704 0.4369077151081117 0
0.4194507883090811 0.2127786739728716 0
0.4264150198855333 0.2056278062717963 0
0.4167394702709894 0.2031715551815182 0
0.2144689555421571 0.4728732816813142 0
0.151443079586292 0.5371191728119777 0
0.9423630561890242 0.7290341319966289 0
0.9493426222016732 0.7218780854625896 0
0.9520504457753165 0.7315009640930156 0
0.6868866333015309 0.1733245054956684 0
0.3146606082902605 0.8281006253009096 0
0.3020295132705457 0.1468993694510217 0
0.1622556944662074 0.5755915904785195 0
0.8390116743992529 0.4261204328223696 0
0.9033653656167201 0.3351286380556432 0
0.1731274338897505 0.6140304094891552 0
0.8065199507851261 0.3108183352777064 0
0.1947388498923505 0.6910211758678871 0
0.3230850834589872 0.06303352651876726 0
0.3300592980540548 0.05587315057440145 0
0.8173491807350574 0.3492608999554553 0
0.1840534347895148 0.6524465959955454 0
0.8281786841343719 0.3877023842071501 0
0.09787008082700266 0.6666272247290475 0
0.8469539399611503 0.9012265306135019 0
0.6481612587880785 0.163480259010863 0
0.7436716722736457 0.37539199679297 0
0.6875044389173744 0.7798777385478796 0
0.6944658091677235 0.7727201394990677 0
0.6971837425923029 0.782327846666187 0
0.7041454332906474 0.7751697783201693 0
0.7068633860631103 0.7847781733489765 0
0.7138254196224696 0.777619826665109 0
0.7165435371925144 0.7872287008840371 0
0.1475908352052476 0.491521456455882 0
0.4812340082002566 0.7811571520265075 0
0.353188681064981 0.8378919771875832 0
0.5107639745546728 0.2181344437514238 0
0.2482172715214409 0.6240657559179444 0
0.8509929622071866 0.500574769947205 0
0.8191617070626749 0.7066683704491634 0
0.2687484277390588 0.6649300030309003 0
0.5726177694372265 0.05498345112445441 0
0.2646625914805117 0.9403939866168259 0
0.2673670438121515 0.9500184372149778 0
0.2743490604367484 0.9428639757960691 0
0.2770541101608411 0.9524873421973297 0
0.2840360039911204 0.945333410320248 0
0.6094408245444281 0.1536392601088832 0
0.5707195878420839 0.143799909248024 0
0.3919110607383197 0.8477295890273434 0
0.5319982819014483 0.1339569375682574 0
0.4696050753639846 0.8674409153287425 0
0.4425388539620249 0.7713569011957319 0
0.5629308485473264 0.05252113877741893 0
0.5660949345186308 0.223270370795185 0
0.2763460367712134 0.3101046380241816 0
0.6047892435305051 0.2331016547826747 0
0.7641693833751014 0.4162681111960898 0
0.4037909186881202 0.7615426021160548 0
0.3459352492533727 0.23871110570632 0
0.3528988281606364 0.2315592064055895 0
0.3432225551150055 0.2291042155443382 0
0.3501873817089464 0.2219514778716573 0
0.3405103126487054 0.2194962633715412 0
0.3335454388231927 0.2266495019020254 0
0.3554163076720274 0.7492878222950226 0
0.774994957702595 0.4546900242704725 0
0.05996157273835778 0.7552290885468718 0
0.7395748932625147 0.168854256214178 0
0.7465482392678573 0.1617001252871723 0
0.3203708938094318 0.0534132388923621 0
0.6375827410462698 0.7939978295403289 0
0.8993473584003302 0.735947080728268 0
0.8761002266120217 0.6854608923652596 0
0.7492572497844563 0.1713164111163099 0
0.7562310616609578 0.1641619335587836 0
0.3560296896607209 0.116026568946396 0
0.7206046601584535 0.9315808369946463 0
0.7136247660279396 0.9387361567713768 0
0.7163314413846894 0.9483590127308007 0
0.7066443550328476 0.9458915871963713 0
0.7447187109223223 0.8573057940330352 0
0.4306332547061428 0.8575668439413393 0
0.3394455698644143 0.1207358992578423 0
0.2993167431164948 0.1372836301737524 0
0.6484481329098075 0.832435044317327 0
0.6511660625540353 0.8420460508539919 0
0.6608443614927041 0.8444933614199874 0
0.8641246289158191 0.6110079091155607 0
0.8668317398423269 0.620623184865816 0
0.2729777162359529 0.1395239332786515 0
0.2660065100630856 0.1466814603498682 0
0.2877496715454326 0.7321607673397836 0
0.2780722681177509 0.7297095046894938 0
0.275357682784406 0.7201038883246242 0
0.7442519157333195 0.9197378523062902 0
0.4212958708206522 0.123646845018385 0
0.839501645575092 0.1406743794196824 0
0.6686159500973707 0.6505434677029456 0
0.8399675640141919 0.07829171264311102 0
0.8469460052259558 0.07113276038434135 0
0.8442353379849061 0.06150969046625487 0
0.8539248475226868 0.06397368642326312 0
0.8512138574158379 0.05435012489196439 0
0.8609037861632036 0.05681431699060135 0
0.7169047956924925 0.6628511431198806 0
0.112323241269517 0.813130102962156 0
0.1192922389650609 0.8059643436457473 0
0.4115898842310042 0.1211886763593574 0
0.2555275316042196 0.5546016305492155 0
0.06353599350611006 0.8632978424900061 0
0.1641847301935841 0.2636511886602853 0
0.2552656960131944 0.04581704995486291 0
0.2482908716758188 0.05297812140747443 0
0.9399008507665533 0.05006741322867858 0
0.9495923834728248 0.05253233634877896 0
0.9302120985553957 0.04760531434774679 0
0.6185636526167638 0.7267677778148165 0
0.6158478834625796 0.7171669058300993 0
0.2813387174686307 0.8376315648953927 0
0.2910795588302577 0.8400690273836073 0
0.648787289523481 0.770115922420365 0
0.8406983840375167 0.1766093425826319 0
0.6903457505395683 0.7272741731982083 0
0.05653587633456442 0.8704367819535624 0
0.7235057622028481 0.7800700569817927 0
0.5249828236714468 0.8725470079483144 0
0.950296252917266 0.1505712498005226 0
0.9475840810710137 0.1409479156519565 0
0.953007841909679 0.1601942149241322 0
0.9378940853220439 0.1384852215345717 0
0.9448718001567823 0.131324423983478 0
0.6538498439898676 0.8516244365930477 0
0.6441956583232149 0.8492001856931491 0
0.6468789491017024 0.8587790152508779 0
0.6372281414402097 0.8563585223339211 0
0.5346661294053969 0.8749999554104135 0
0.1952834057442678 0.9495110895587768 0
0.2049712427528203 0.9519811730263477 0
0.04942356285467098 0.9396057734540173 0
0.05211678604500836 0.9492022502112891 0
0.2636688041181437 0.5834055567436018 0
0.2306383205884992 0.8513302825981134 0
0.9325794750479344 0.9498383425074653 0
0.9422692690244743 0.9523055330355912 0
0.9492507198900784 0.9451476249859998 0
0.1621351779002345 0.8609663695475467 0
0.160812388630904 0.9228512341969952 0
0.1538292472805241 0.9300056894737452 0
0.1565336687363413 0.939630581702613 0
0.1468457105778168 0.937160269299341 0
0.1495504471179656 0.9467856458844037 0
0.1398620789497677 0.9443151407488932 0
0.5459264571378278 0.9495606180678128 0
0.5556132952331846 0.9520283220137469 0
0.0463610721215526 0.7071335924115696 0
0.05333082896811436 0.699969563585253 0
0.05027084144290428 0.7527753382661982 0
0.05299139720515766 0.7623949472269349 0
0.9500860572831991 0.8202826441954273 0
0.9473780020142587 0.8106591265047256 0
0.9376893826678457 0.8081933745637244 0
0.9446695015324454 0.8010357638820739 0
0.934981249194889 0.7985696534666329 0
0.9419611542837337 0.791412389113614 0
0.9527945974932197 0.829905327364167 0
0.5919396680947742 0.7287355065597692 0
0.5852544663295765 0.7361078557822118 0
0.1304812110480109 0.04987220909358248 0
0.9512315586062141 0.8563101271187207 0
0.9539393396884597 0.8659339293903208 0
0.9519592113420818 0.9547727993549103 0
0.2868340203567341 0.9550871733227633 0
0.2937384974056102 0.9478245520227655 0
0.2964279112501818 0.9574267084275458 0
0.3034113307108451 0.950276255597004 0
0.3994180721891598 0.04669509236984204 0
0.389729656290533 0.04423427507750594 0
0.192882242117416 0.04783952041352529 0
0.2025714925037021 0.0502984186164101 0
0.1831943685961974 0.04538246317097444 0
0.2052835132555141 0.05992373537303125 0
0.04382008846982344 0.6974639296793629 0
0.05064055930936656 0.6903421120138858 0
0.9516493769826131 0.7938784272244033 0
0.9489409024260699 0.7842550825347911 0
0.9537623025810728 0.2586431667732166 0
0.04483060290910135 0.7335361114243936 0
0.7087909588296779 0.6340342404957376 0
0.9576277217281868 0.3042893144225338 0
0.9506502228373066 0.3114477002987905 0
0.2507012428984144 0.9547036567360201 0
0.8798631106900741 0.9542828835107767 0
0.04524240190767892 0.1622481286668841 0
0.04795944673169428 0.1718701567759497 0
0.04686763761867352 0.8680072052562744 0
0.04957740182340559 0.87761656984666 0
0.04092043335609347 0.6878952794123183 0
0.04745191356662909 0.6808542609599729 0
0.05751561857341414 0.6832120351373766 0
0.05477922160663307 0.6735941159952565 0
0.04464025342090128 0.6712619480544766 0
0.05203928902035887 0.6639759949970352 0
0.04245143508306864 0.6614919921702531 0
0.04940470265471941 0.6543318786993504 0
0.8895524209398589 0.9567500287857644 0
0.7440321905837884 0.5359848557856872 0
0.7357057173305827 0.953293992649657 0
0.7453932205515088 0.9557613430023856 0
0.9468818884370827 0.04290838587816737 0
0.72007127730154 0.3872327122656309 0
0.2455770329944202 0.0433575830486807 0
0.04252536558068803 0.1526263854450832 0
0.7140434585181008 0.04627494725832493 0
0.7237296661673761 0.04873872669892432 0
0.7043556014606545 0.04381183893655954 0
0.8581928016615287 0.04719049314448592 0
0.8678828114991315 0.04965470424376439 0
0.8485026883331002 0.04472632447334862 0
0.04242350398069378 0.9467419192795998 0
0.3273456455370957 0.04625242619451231 0
0.3176565683072998 0.04379238737677632 0
0.7093509761355667 0.9555148060217883 0
0.6996636288474106 0.9530471697217096 0
0.0431949530110548 0.3136581773047772 0
0.0457555646032114 0.3231257946345854 0
0.04028913582551102 0.3038543005168945 0
0.04726217325862503 0.2966904081367265 0
0.1425668062900571 0.9539407732678052 0
0.1328783666993742 0.9514702341107175 0
0.1522553648418299 0.9564112630597846 0
0.04134789274320072 0.1165953970245631 0
0.9590304275351971 0.7243441983451873 0
0.9545622427429039 0.1337872814644072 0
0.9518498248083269 0.1241634846219217 0
0.2816158160838994 0.04357600694919722 0
0.7413269575107175 0.5263788768546138 0
0.3061581329057181 0.9597282929222745 0
0.3131032437865942 0.9527147426375218 0
0.1722993807594354 0.7390325684248193 0
0.1750182769032012 0.7486451855780888 0
0.3474752326397369 0.2123431218432598 0
0.3571525575748415 0.2147987546150779 0
0.1572075435787752 0.2708593287268035 0
0.1545000306383168 0.2611963444757165 0
0.2129369606995479 0.4992336463252054 0
0.733247379590601 0.2746480561325412 0
0.7359561381007502 0.2842572264628707 0
0.7208632496196034 0.2625806112043029 0
0.7111871376481027 0.260122105888803 0
0.5699068635231843 0.04536270787671848 0
0.5602191414166855 0.04290006804057989 0
0.3308328774928818 0.2170409549727282 0
0.3238678056436445 0.2241945912123681 0
0.1627060104765584 0.2277326970861007 0
0.8289997127638318 0.2626351383831249 0
0.8317090914053848 0.2722505997826905 0
0.04507816319208552 0.4479067318793796 0
0.04775042598609563 0.4575392643500966 0
0.04236882938327535 0.4382848290781808 0
0.7950981915721071 0.5578874989020516 0
0.2683948526948755 0.7272584648526178 0
0.2656813241581917 0.7176523738884573 0
0.7858233014429012 0.4931051033035458 0
0.6399457993232331 0.8659711415114133 0
0.6302670883440382 0.8635241312713469 0
0.263293028447985 0.1370652710234946 0
0.2563216081647073 0.1442234216957627 0
0.2115284465235187 0.1776092695981264 0
0.2086389076056498 0.2303547761769512 0
0.2799489971917445 0.1323660601763923 0
0.8413906322320448 0.2747120740806309 0
0.8344182227645052 0.2818658030258779 0
0.2130444984012549 0.1512215492354467 0
0.5880101359910569 0.7457649725805595 0
0.5783361574562521 0.7433131077848216 0
0.575625814991235 0.7336929833171308 0
0.5686709349010131 0.7408687076899243 0
0.9121474740428045 0.6856263404416281 0
0.1006879295180877 0.1673538583073768 0
0.0871685821822038 0.8514165585202793 0
0.09413871011109209 0.8442501345781552 0
0.8675580168898775 0.7189945435569587 0
0.8605818750256224 0.7261464011730046 0
0.8509033358238177 0.7236844322995155 0
0.8536079286068108 0.7333003021117486 0
0.8439278822178883 0.7308366180050547 0
0.846630635800562 0.7404504236425143 0
0.8369523038065374 0.737987831975718 0
0.8396578667686092 0.7476045462252978 0
0.8299774335609669 0.7451397379752738 0
0.8745332502694647 0.7118257440352037 0
0.940962465830132 0.3089845038538093 0
0.9436730042671878 0.3186057583524895 0
0.953360721246961 0.3210693109055949 0
0.9463833912037273 0.3282272621879231 0
0.9560710770464689 0.3306909839096063 0
0.9490937505043739 0.3378492436717759 0
0.9587814254696896 0.340312746705136 0
0.9518041017468454 0.3474711256972174 0
0.7884125252799814 0.1187746275633379 0
0.7911147412207982 0.1283922950402205 0
0.7292803856677404 0.6749204110474082 0
0.7389529590335538 0.6773815667219691 0
0.7459251076160017 0.6702149360666898 0
0.7486267576822649 0.6798396718810467 0
0.7555997529060234 0.6726718503541869 0
0.06846116679788905 0.7216602605231698 0
0.932830102987237 0.2801187145113199 0
0.9392527838523744 0.7817891100793424 0
0.9462322718990273 0.7746318602645181 0
0.955920746062487 0.7770977225742708 0
0.8985187412810053 0.8607579511367385 0
0.5764569794507687 0.8320432687875352 0
0.06620953208652169 0.8728177542648884 0
0.9206017690537793 0.8753133567277174 0
0.1894182350193786 0.1630802900090306 0
0.7109183337104579 0.9291136515509286 0
0.137469049492811 0.7748447963868239 0
0.7535222428099697 0.1545455735194726 0
0.7632053700409369 0.1570072307965704 0
0.6942661578282943 0.1037671429880473 0
0.6857158921993651 0.1373132583123094 0
0.04928599715391291 0.43113613230079 0
0.9510511301018242 0.2490209158029379 0
0.8647587712877473 0.9325668579680233 0
0.8577777639538314 0.9397239092244555 0
0.8604853869443139 0.949348159996964 0
0.850796612480718 0.9468809742967428 0
0.7124827858328016 0.07267803738419593 0
0.06462909761587937 0.1671615296273489 0
0.9043557591612694 0.8175748926029609 0
0.8973765343491363 0.8247317147309576 0
0.9394062797412183 0.3353855102870911 0
0.0618035799917564 0.6664172798125956 0
0.7659143971647455 0.1666244410409119 0
0.772888885579018 0.1594696082686262 0
0.7764458996121941 0.8743426379866566 0
0.7834235351960996 0.8671887022922522 0
0.7931077619309558 0.8696546807531716 0
0.7904012339737845 0.8600350196783567 0
0.800085136900008 0.8625007716956288 0
0.7973785149377434 0.8528815244257232 0
0.5659576840085323 0.7312688094817488 0
0.559001434388299 0.7384263782141461 0
0.0433000938692702 0.7599410278955429 0
0.0460208380601842 0.7695611613466324 0
0.953211956936223 0.76747424791122 0
0.8077830369446422 0.1236996989996799 0
0.8566357707390194 0.07359732391249396 0
0.7814698187901639 0.9558671192928601 0
0.7911639690277741 0.9583108996101379 0
0.7981090598300429 0.9512907681185816 0
0.280788150895476 0.7393162484990072 0
0.2904661526239996 0.7417673510089609 0
0.4893880499991348 0.908357873996946 0
0.8375252878901112 0.2290914155051806 0
0.914249645119465 0.1503435112471836 0
0.9072723967780475 0.1575031130947535 0
0.2979056747123853 0.1012925942776312 0
0.6917491194694606 0.7631120859119732 0
0.9351816367565013 0.1288619973078002 0
0.3090008617520766 0.1397422004669204 0
0.6254945629919784 0.719622574738457 0
0.6228002586030827 0.7100161379668823 0
0.7262243465111899 0.7896790102007629 0
0.719261550450001 0.796838050076259 0
0.1568413277539582 0.7797483067053675 0
0.1498743612272871 0.7869113379865499 0
0.45211497922995 0.04222075318953022 0
0.4424272243104865 0.03975903272416159 0
0.8584452343943701 0.2076178685688618 0
0.6914212776054218 0.8254704225306094 0
0.04035978342028196 0.8750452639865105 0
0.04266695813144816 0.8847469432396842 0
0.7207874249771 0.7704614751598404 0
0.7304677426380776 0.7729115312977419 0
0.04514275942670948 0.9563651956713892 0
0.0548358350869258 0.9588216653367512 0
0.9565731486444152 0.04537296305918137 0
0.04020503021875349 0.6521040847502517 0
0.04677819258398652 0.64474732383101 0
0.05640182015580086 0.6471693789428928 0
0.05368693007948167 0.63755079613166 0
0.04399773936746704 0.6350967739755742 0
0.05095332164928373 0.6279244312454708 0
0.04126576772263602 0.6254712677871856 0
0.04823430672900919 0.6183054501635811 0
0.03953906585482286 0.9371758257370327 0
0.1441410420009972 0.9275348722045795 0
0.1930238604793511 0.8774629027754626 0
0.2000055187124065 0.8703110405589268 0
0.8535042681536404 0.9565054487144578 0
0.8438153273839616 0.9540381538847619 0
0.9592845151859632 0.05499786666625406 0
0.8027685973862623 0.04203135065780728 0
0.957065571668906 0.8131247313644977 0
0.04000068016110292 0.4290721967334048 0
0.9607401741278445 0.2514841253562144 0
0.9577963957327923 0.9115821116173275 0
0.9550879261810553 0.9019570219644806 0
0.9568758213185897 0.2058434873237229 0
0.9594537401358306 0.2153400759983361 0
0.0376484293764201 0.2939302068952159 0
0.04455845970181149 0.2870225229010298 0
0.9605047695733013 0.9212071927447016 0
0.4237048209812712 0.196020036616996 0
0.4140285742701472 0.1935635090056792 0
0.4070630424073795 0.2007155535161586 0
0.1452211195465228 0.4194994555999614 0
0.6670779980784366 0.2310800754305767 0
0.6574055735071518 0.2286265432783916 0
0.6767672260473114 0.2334857171631055 0
0.575409827369972 0.8945517683865878 0
0.2227768554023377 0.1536698603600685 0
0.2255041478318641 0.1632680901886869 0
0.197988058342397 0.9591361048451551 0
0.2076762770099309 0.9616063017681904 0
0.9589408950567071 0.9476146853262499 0
0.8008187035995262 0.9609101293419954 0
0.8077927146959536 0.9537750530536676 0
0.2063260886442601 0.4440606808669423 0
0.2109296807573293 0.3649734088539606 0
0.2136428593252382 0.3745814856573506 0
0.2082164461593636 0.3553652041453451 0
0.2151812856166797 0.3482113420594149 0
0.7928421765159944 0.03933668729683937 0
0.7860610615594532 0.04668862905117643 0
0.7830218626094907 0.03654146352388454 0
0.7763435639402726 0.04416322097550185 0
0.9591836080946733 0.2778867158918732 0
0.0386309295030493 0.1069723720423018 0
0.9067412383006762 0.6663825088306393 0
0.7583026949864784 0.6822928152894741 0
0.7683798329062996 0.622441098147495 0
0.7753478083079105 0.6152944576075756 0
0.9617384553163238 0.7339675047607025 0
0.8070623696682282 0.8553470987264864 0
0.8043557867725371 0.845728016814641 0
0.1433337750809919 0.2228195108976578 0
0.06302136341095071 0.7024224379967815 0
0.8965336685214291 0.9495923136038366 0
0.8992416894514021 0.9592170173295673 0
0.2386022504333086 0.05051978397078305 0
0.2358931835085772 0.04089719671682557 0
0.4766516341976823 0.1288084764098768 0
0.7485080078894839 0.07290121062422988 0
0.8326830318508137 0.754756394672486 0
0.8230022606381042 0.7522915134673145 0
0.6969645662599792 0.9434220107867423 0
0.689977344798856 0.9505790941465231 0
0.3967053872922555 0.03707394831122784 0
0.4063927746504719 0.03953568856943102 0
0.7018273979991546 0.6411790304843261 0
0.8705936420809063 0.05927867659869768 0
0.8775729749651785 0.05211906616269946 0
0.8748621050711594 0.04249493220806888 0
0.8845523649064706 0.04495924163619947 0
0.2840477731335492 0.8472473154565289 0
0.2937938171300487 0.8496834520423935 0
0.1220128431994784 0.8155825290329213 0
0.5562870771970767 0.7288249639274909 0
0.5493302251493246 0.7359765639078828 0
0.03826784720115856 0.169412211799562 0
0.04098503104442036 0.1790343769368545 0
0.05067651399625817 0.1814922495991891 0
0.04370223987027616 0.1886564030376181 0
0.6064974510856965 0.7147326852315616 0
0.03632916226994132 0.7671072962178519 0
0.03905003471292884 0.7767275761428704 0
0.9615405592904092 0.1266264452579075 0
0.9588280964519346 0.1170025316158729 0
0.949137270138509 0.1145396245519724 0
0.9561155271047788 0.1073786020180739 0
0.961491937967748 0.3499346077463604 0
0.9545143182409861 0.3570927359641768 0
0.9448267237100023 0.3546292541744065 0
0.9475368271321762 0.364250654187846 0
0.9572244992899838 0.3667144019273746 0
0.9502476901544692 0.3738691393466968 0
0.959934698870418 0.3763356515541814 0
0.9529578410046461 0.3834904384977452 0
0.9626449246605275 0.385957354855743 0
0.9556671426904789 0.3931154639721333 0
0.8825710415983279 0.9639078489978647 0
0.1301737879783204 0.9418444773807634 0
0.1231898012620695 0.9489995615519558 0
0.1258944833075197 0.9586255408270944 0
0.1162057705075478 0.9561548182754931 0
0.03854415973122455 0.6158509533683839 0
0.04551463769663378 0.6086861108235674 0
0.03717949573053275 0.865558246766307 0
0.28021265903838 0.9625604077099041 0
0.9609206738345907 0.8587768101730496 0
0.963481184574142 0.868257677663144 0
0.9616493753969398 0.957240113569364 0
0.03686160602425831 0.7052219206134465 0
0.3544663622852323 0.2051104519466946 0
0.3641219067705112 0.2076340725008407 0
0.4043518711276696 0.191107074405562 0
0.3973861255609094 0.1982594764596198 0
0.6633958727741504 0.8540701116241969 0
0.1475146087803231 0.2684122118210366 0
0.1448139373535366 0.2587404989224011 0
0.1501827171942655 0.2780777891252346 0
0.2036119900447244 0.4344546575146021 0
0.2055054626426261 0.3457558249066787 0
0.2124549233596349 0.3385243919247137 0
0.9641472164298258 0.136279983428731 0
0.9653549920261938 0.3955800069266843 0
0.9583769814519633 0.4027379484746759 0
0.948685071786616 0.4002654506766889 0
0.9513984871227685 0.4098945526799238 0
0.9610867553473742 0.4123597735546486 0
0.9541087911861252 0.4195176564171964 0
0.963796662690789 0.4219820654185504 0
0.9568184511496163 0.429139658585995 0
0.1289370638161353 0.3618369606262003 0
0.126258108587654 0.352203867860242 0
0.1332287325453072 0.3450403076893066 0
0.1378279400871991 0.2659566918904155 0
0.1351282434742981 0.2562830016124446 0
0.5486326778193871 0.9591833146512418 0
0.5389458880165661 0.9567152689724984 0
0.5583196249748912 0.9616513070558605 0
0.5653002449709638 0.9544958255015992 0
0.7978049326224519 0.5674954435944289 0
0.3158102550054992 0.9623332494110652 0
0.3227851486562882 0.9552016632663379 0
0.1998564921959306 0.04067603774127998 0
0.5657254401822085 0.8920909212253125 0
0.3062837317679407 0.130142813830568 0
0.4185818439051712 0.1140321354588747 0
0.765271998787753 0.6751493857885523 0
0.2587172118550231 0.7248071286937938 0
0.2614471144868015 0.7343967658236054 0
0.256002683391143 0.7152003101067426 0
0.05520446692856545 0.6111407202060231 0
0.05248525035157303 0.6015217911450366 0
0.04279552645114348 0.5990671066975465 0
0.04976674363626055 0.591902899503057 0
0.0400764344906388 0.5894480428911149 0
0.04704732328600136 0.5822836422283643 0
0.9352876603506366 0.959463638561636 0
0.2033612725444887 0.1487612983897895 0
0.0533935592763386 0.191114248284776 0
0.04641937083311132 0.1982783050366201 0
0.03672795226646053 0.19582050924525 0
0.03944521984390076 0.2054424330610658 0
0.04913652673242885 0.207900136976935 0
0.04219527555400304 0.2150549612262725 0
0.05186000918369427 0.2175177124387503 0
0.04491906976702797 0.2246743212883882 0
0.05458861802245574 0.2271283026933218 0
0.04760788237772706 0.2343011873063235 0
0.8440995422699602 0.284327228512638 0
0.8371271646230618 0.291480633280234 0
0.8510738723834537 0.2771752032584535 0
0.9339856405837039 0.3161423658882285 0
0.1819833656153995 0.741484352886828 0
0.1847023511733144 0.7510967513603966 0
0.1792647640024894 0.7318722080049687 0
0.7701796839817771 0.1498518462653077 0
0.2200228509308189 0.1440598020583426 0
0.8468083167779948 0.293942189427178 0
0.839836116703194 0.3010955713393295 0
0.8495171322067107 0.3035570030807971 0
0.8425451143477085 0.3107103578040541 0
0.8522259798844165 0.3131716980589864 0
0.8452537720361097 0.3203246311840129 0
0.7889548295221781 0.6633169431002152 0
0.1289817436495915 0.8084165614727732 0
0.2462045289959279 0.4898302515317651 0
0.2531632216400429 0.4826795134052309 0
0.255876746086101 0.4922806856706488 0
0.2628346180183997 0.4851302690456669 0
0.6446360499795609 0.2788898998315472 0
0.6473440173310656 0.2884938592636308 0
0.6376731054362845 0.2860374091434115 0
0.6403809017709233 0.2956407354624511 0
0.6500513411670727 0.2980971485537497 0
0.6307108791048844 0.2931842471329033 0
0.6430889617452391 0.3052434899737759 0
0.652758412432711 0.3076999565393683 0
0.6763621380810392 0.2958682789545306 0
0.7512318806650062 0.9125825090060558 0
0.7415452475519207 0.9101160613507241 0
0.748524696087903 0.9029611441634614 0
0.1220474204558796 0.3067261647443867 0
0.1317324847331858 0.3091822900381409 0
0.1386900569171871 0.3020608692417438 0
0.2601215333914551 0.4755296283883403 0
0.4463066392891922 0.08538589452244366 0
0.8411110357199127 0.9444114724330114 0
0.4732370705634253 0.2442702240454644 0
0.4662741320542238 0.2514180580417326 0
0.4759457903835981 0.2538738794308281 0
0.4689838049502433 0.2610211395086187 0
0.4592944640763516 0.2585794922105887 0
0.1007838182283085 0.3906241671531113 0
0.1077532790952708 0.3834631971578529 0
0.1104701441498201 0.3930789527298798 0
0.1174315665489851 0.3859205241698881 0
0.1201543339555279 0.3955338960301453 0
0.8242274377576082 0.5651996366015068 0
0.3629979120556771 0.1088843417554722 0
0.3657104399586961 0.1185002616758221 0
0.3726815703218159 0.1113457872874076 0
0.3587646120155146 0.1256297041747345 0
0.3074437411651825 0.6747342055049876 0
0.3171162677855313 0.6771839416583376 0
0.3144020332871095 0.6675828010251401 0
0.3240737846586267 0.6700327163407027 0
0.3267882710974883 0.6796332640342657 0
0.3337452863223029 0.6724823487395892 0
0.3364597494943746 0.6820825209225962 0
0.32135951627309 0.6604321452556254 0
0.8994473513009036 0.512701757326964 0
0.8924536388612139 0.5198753475442489 0
0.8897342475456405 0.5102915940472843 0
0.9005966480476105 0.5487123491086169 0
0.8936216124298816 0.5558675308666627 0
0.8908958527190952 0.546265860860629 0
0.9017451632153023 0.5847264015394804 0
0.8947692568374361 0.5918809976423745 0
0.8920614877784743 0.5822615896819983 0
0.2732304786632951 0.362940588403716 0
0.2759414124515448 0.3725444202930818 0
0.282902512014038 0.3653947254200533 0
0.2856132738454318 0.3749974431678871 0
0.2925735626967718 0.3678484071026381 0
0.2786531254240789 0.3821469518600896 0
0.2883243324056354 0.3845995497554811 0
0.2813649270142833 0.3917482482684504 0
0.09889878030890575 0.4794279303547486 0
0.1058538782438121 0.472253837337223 0
0.1085847366825926 0.4818815731737461 0
0.1031472713711015 0.4626494818069019 0
0.1128191713199924 0.4650904473019852 0
0.5382365036515473 0.251859519806801 0
0.5312740489448758 0.2590065838831158 0
0.5409564932893965 0.2614697547150548 0
0.5216037394074131 0.2565506301003987 0
0.1248077702298833 0.3163434042075942 0
0.4797047990280162 0.9058904095411909 0
0.5961580891572946 0.7745913796639012 0
0.1696762722808094 0.2205730966140657 0
0.1148629900526951 0.5995226945122096 0
0.1218293625047391 0.5923623888083791 0
0.1245472270967369 0.6019751885268452 0
0.1315176501485409 0.594822183907591 0
0.1342344064257154 0.6044330550832338 0
0.1287961986069794 0.5852040745077786 0
0.7467380701254995 0.5455886356036426 0
0.7370684330872357 0.5431298002572659 0
0.7397737090037126 0.5527329795867882 0
0.2683491301177811 0.2186773661663462 0
0.2780308621458488 0.2211343549605798 0
0.2710617779277988 0.2282894794733774 0
0.2807424337926147 0.2307463100018211 0
0.2737752679553564 0.2379006924585131 0
0.2834543107225856 0.2403573811274741 0
0.276487785864862 0.247511168569359 0
0.2861663496256515 0.2499677489300208 0
0.2792000419499315 0.2571208826117557 0
0.269521790426224 0.2546649513402036 0
0.2722337552967658 0.264274284771717 0
0.2625557500650306 0.2618184390581972 0
0.2652678520700763 0.2714275824512316 0
0.255590138526374 0.2689721998557553 0
0.2583018590011751 0.2785810871053759 0
0.2486236239978942 0.2761251753300595 0
0.2513504713208471 0.2857490406431417 0
0.2416605447078088 0.2832814728927215 0
0.2443873667294132 0.2929054080965703 0
0.2346956585175313 0.2904361207191392 0
0.2374595767627998 0.3000962555810786 0
0.2277360354020757 0.2975960430052944 0
0.2305008955531352 0.3072571959686541 0
0.220772533341183 0.3047524144458922 0
0.2931326391812556 0.2428143297465314 0
0.2819115535192244 0.2667303654924629 0
0.2877118464794401 0.2235905600260791 0
0.6168558907830608 0.9140377149273642 0
0.3038358444942533 0.7897548087272619 0
0.301119680482782 0.7801449866509905 0
0.3107998623204982 0.7825975878509834 0
0.308084202210815 0.7729884028890311 0
0.3177633559031806 0.7754409334184325 0
0.315047764529373 0.7658327930489511 0
0.6977386630152225 0.2117818664601621 0
0.7004060005490468 0.2215490149016136 0
0.3301780413413408 0.8856407672216264 0
0.3371564235736555 0.87848959835897 0
0.3274745944010714 0.876021611458575 0
0.3344529190389562 0.8688711603032105 0
0.3441341987789172 0.8713387891674175 0
0.3247714059777899 0.8664031879452783 0
0.9113352878049604 0.8104161908761739 0
0.08011460805732956 0.126428709169221 0
0.08283122872189858 0.1360504590019417 0
0.08980554909047889 0.1288870127894857 0
0.1677951484117911 0.9156968987301746 0
0.1581081236949348 0.9132267118654935 0
0.1650912544214759 0.9060731289105879 0
0.8329894860290581 0.08545054699408422 0
0.8426780748294551 0.08791442473562572 0
0.8357001233562328 0.09507293001833345 0
0.1149878552771094 0.09060814515854032 0
0.1246793888244229 0.09306637806225332 0
0.117704478290894 0.1002298206535914 0
0.8388352910835642 0.8723615498436043 0
0.1638080093300391 0.7725857642175931 0
0.241316169979542 0.06014022106150002 0
0.11504391493148 0.822747796452902 0
0.8787201415068728 0.9182531094898572 0
0.5617142559855955 0.7480276495517252 0
0.9084319475818372 0.1935294223890131 0
0.9057204969592554 0.183907949881673 0
0.1913365329880741 0.07424732385680477 0
0.6281503329934706 0.7292725472226456 0
0.679452148424597 0.6889631825392664 0
0.2590355329691462 0.1538391449149578 0
0.6457303844276328 0.8228246541792976 0
0.09371469007333111 0.1745162959893889 0
0.8349800911481704 0.8267293257795129 0
0.1165712853704462 0.7963464638995468 0
0.7078133213140229 0.1518706589003221 0
0.8047979755740335 0.7833287494887946 0
0.7607052577676275 0.7541524307215872 0
0.9563220745074467 0.7147216339584082 0
0.6794641001208077 0.2431374259180721 0
0.2097497708916582 0.7749481669561514 0
0.676451478385351 0.07244635174676839 0
0.7918336894866379 0.2267687460381755 0
0.9316749064754627 0.2440965417333696 0
0.1223422857861872 0.7531631148286213 0
0.6652812514855797 0.9263723144423518 0
0.9541642498463314 0.1962205117781715 0
0.3370346540682301 0.048712607332146 0
0.3343207360869875 0.0390912875893773 0
0.3440101367272173 0.0415516260278026 0
0.4811746557971479 0.04960508590547841 0
0.4881504718474302 0.04244608291859508 0
0.4333809188430107 0.1984766288940527 0
0.7912692039359428 0.7352643331187138 0
0.9346548646261943 0.6377548775940032 0
0.9416330269949439 0.6305992073211741 0
0.9443411964391967 0.6402210588110957 0
0.9513199393374739 0.6330642640842372 0
0.9540282486419178 0.6426870431671677 0
0.9610074633682177 0.6355299599479879 0
0.9582988860518802 0.6259070787554881 0
0.9637158630114895 0.6451527074455012 0
0.9366270601538106 0.5489502511799588 0
0.9436042159869871 0.5417937574110829 0
0.9463132379074015 0.5514151490064871 0
0.9536936767656479 0.543821275410406 0
0.9506488142012796 0.5345638031949825 0
0.9577938600686945 0.5537476396388251 0
0.9602158038041533 0.5366474753041846 0
0.9574133844047072 0.5274015052744042 0
0.1711555781457079 0.2564858798257224 0
0.3313107420037552 0.9216531754774318 0
0.6844572714613582 0.8326301409958243 0
0.7554848128494862 0.06574270624512912 0
0.7869779022842212 0.5290699089449752 0
0.7939444210605253 0.5219224874480364 0
0.8591164595219946 0.5294129632756076 0
0.375393793922529 0.1209620438958368 0
0.3823652551646363 0.1138057888832559 0
0.9567363602939549 0.6523100291775218 0
0.6112700349983305 0.7962534781492442 0
0.4282665899935547 0.1164925435193191 0
0.9196244084942992 0.3928273567758601 0
0.2528740467379206 0.2593654739842736 0
0.9469588208160544 0.87309046298723 0
0.5370740582024162 0.2158974711365556 0
0.5440391560958304 0.2087480213228551 0
0.5343638874935045 0.2062909286219455 0
0.5413292972768429 0.1991409818072621 0
0.5316537273977989 0.196683566106714 0
0.5510057934335721 0.2015988125147394 0
0.538619895514354 0.1895327935587575 0
0.5289439306562036 0.1870753833761759 0
0.5219776858962274 0.1942265205637784 0
0.5192677236299018 0.1846182453228823 0
0.4784627284569569 0.03998460832561324 0
0.0466276281568776 0.4215846638262259 0
0.03575491995787183 0.4201996224941059 0
0.04366513012334899 0.4121022537527324 0
0.7625851006728088 0.6655262755504054 0
0.7966509855867014 0.531529298364684 0
0.9312752771009447 0.3065217204662578 0
0.2716448210053458 0.9332399989683866 0
0.5123015200726094 0.1917696158238327 0
0.5095968279796518 0.1821387903175983 0
0.5026255044678134 0.1893089704383628 0
0.04874139360694402 0.7791809274955042 0
0.6983847782379045 0.8183106109385559 0
0.04177099488255515 0.7863478905855514 0
0.7798637723189557 0.1523144271705869 0
0.7814290695954156 0.1259302023425274 0
0.7178977632035801 0.9219586899168014 0
0.3007047962619415 0.9406520491001651 0
0.7415312742566441 0.08005945876327381 0
0.2180458007136725 0.2951380214149051 0
0.6387662698922171 0.8299834155066785 0
0.8946692603008946 0.8151088278600116 0
0.8876902491007232 0.8222657419313342 0
0.8903976561831753 0.8318872880954071 0
0.2536079517452117 0.1346066895852626 0
0.873805781293879 0.6134708224628022 0
0.8765130046112006 0.6230868751602336 0
0.8695386631477803 0.6302385888537254 0
0.8710982202846309 0.6038559366231435 0
0.6360483452318406 0.8203732382292253 0
0.7429217824992898 0.2771050615641465 0
0.7456358418695302 0.2867077856930935 0
0.7402148584110824 0.267497227710664 0
0.7386652315142269 0.2938647740118127 0
0.7483468802609459 0.2963172035153513 0
0.741374052440035 0.3034731162753408 0
0.7510493616555535 0.3059320825655349 0
0.7440814834938386 0.3130824447248018 0
0.7537562112320327 0.3155415419534451 0
0.7467893394797593 0.3226907971748003 0
0.7564638231457302 0.3251497055805047 0
0.9378504561526194 0.3617841474289865 0
0.06336609157214895 0.6399998008470315 0
0.7876948065588117 0.8504158944731344 0
0.9365442223302486 0.7721661903384007 0
0.9295650589227569 0.7793230280638241 0
0.8493376724752228 0.7500551995255119 0
0.324726481884748 0.76828506532918 0
0.3274420963658565 0.7778928762081465 0
0.3344048285528826 0.7707373673118721 0
0.3371203867155392 0.7803447580763014 0
0.3440827117736328 0.7731893093204736 0
0.3467984396603477 0.7827963458393288 0
0.353760565512752 0.7756412132633412 0
0.3564762658535521 0.7852480701201981 0
0.3634382626166199 0.7780931013766946 0
0.3661539878703986 0.7876995413256509 0
0.3731160048464467 0.7805448801460504 0
0.3758315460170329 0.7901512013869664 0
0.382793221118537 0.7829965932430896 0
0.3855089919909993 0.7926025717723764 0
0.3924707510253119 0.7854484552422866 0
0.3951863397074282 0.7950542243062265 0
0.4021480053639177 0.7879001936923271 0
0.4048636821176984 0.7975055539503135 0
0.4118253481900408 0.7903518474438356 0
0.4145407711977241 0.7999577820933395 0
0.4215025296488705 0.7928036181398472 0
0.4242181795607053 0.8024088280159283 0
0.4311798320088487 0.7952552016605074 0
0.43389560479384 0.8048599273483313 0
0.4408571679532751 0.797706766768156 0
0.4435729552986477 0.8073115678527694 0
0.4505345590565228 0.8001584102693651 0
0.4532504864855412 0.8097629151282334 0
0.4602120876470951 0.8026100331584003 0
0.4629280580826751 0.812214678756896 0
0.4698897524019984 0.805061727232687 0
0.4726059011470015 0.8146660627685202 0
0.4795676221481568 0.807513399972934 0
0.4822838292992569 0.8171179324275332 0
0.4892456866909938 0.8099651671355776 0
0.4919620996607526 0.8195694009828228 0
0.4989240166786169 0.8124169209683347 0
0.05945679615321703 0.5943584065360775 0
0.8702675315905113 0.7285921854839642 0
0.9471311265103166 0.426675527527013 0
0.9498405039719107 0.436297211135009 0
0.9595279742102616 0.4387615734163366 0
0.9525498269585176 0.445919055658486 0
0.9622373364629309 0.4483835803496122 0
0.9552591838795154 0.4555412021072262 0
0.7735426475677128 0.03424308527875558 0
0.7666851167142021 0.04171701019464968 0
0.845388535544394 0.097536778286758 0
0.738839415026417 0.9004945184018724 0
0.7458197567591569 0.8933397730735795 0
0.8872632168840395 0.05458355708512008 0
0.0386536170866616 0.2321685551903447 0
0.04098569456580331 0.2417531313212816 0
0.05038586821060548 0.2439644764201102 0
0.0434129904423064 0.2511457348661231 0
0.05306302546778968 0.2535523498407707 0
0.408859040788349 0.1115755643292476 0
0.8384106521310353 0.1046951090706433 0
0.894242719016024 0.04742370391517081 0
0.6474780408741463 0.8950448492699117 0
0.6377943388147598 0.8925785023357364 0
0.03735714259091422 0.5798287688763676 0
0.04432813110229983 0.5726640551172667 0
0.9664242602873605 0.6547759486799687 0
0.9594444738952855 0.6619330916849869 0
0.8274460009792834 0.289019277194814 0
0.3075922487284447 0.1037514276352426 0
0.692682812565806 0.9602028343142868 0
0.6829952447315981 0.9577350460408649 0
0.63241963942026 0.7125108723384466 0
0.6297507203631694 0.7028713917987575 0
0.9546675129649359 0.9643984076565729 0
0.527653703662622 0.8821150385950328 0
0.07457145456341274 0.9012920539084361 0
0.134549179529284 0.3188081229826451 0
0.4786670174342467 0.2634255946465012 0
0.1665276821057077 0.782200173408224 0
0.1734937495727106 0.7750368242392476 0
0.6780958858003656 0.8760522383831805 0
0.325490731409724 0.9648282674315579 0
0.3324704089061905 0.9576782787043399 0
0.738412676490255 0.9629177612586968 0
0.6941402207907965 0.835081486142541 0
0.6871620423888037 0.8422557863622534 0
0.1135011821864473 0.9465287640925406 0
0.1065170447167728 0.9536840232582464 0
0.8104993269361905 0.9634006036041082 0
0.537161808158343 0.8845385840919504 0
0.711333037970458 0.03665243182728345 0
0.03632424516967436 0.3209215638396681 0
0.03880502232591165 0.3303116667931842 0
0.155403968457684 0.903602630666662 0
0.3351766007051976 0.9673032966237998 0
0.3421584681407996 0.9601493610455893 0
0.3394471529241872 0.950525081810295 0
0.3491395879222723 0.9529951680962836 0
0.3518455003085613 0.9626191069623958 0
0.3588274924231814 0.9554645334282933 0
0.3615328111588689 0.9650883999517097 0
0.3685145205364306 0.957933585253995 0
0.3658094608172217 0.9483101983388128 0
0.3754963794239795 0.9507787866394769 0
0.3782014820243885 0.9604023408596475 0
0.3851832150568709 0.9532474734710151 0
0.387888347539287 0.9628711419726814 0
0.3948698430986431 0.9557164177234319 0
0.3983135766320869 0.9663998915623793 0
0.4045569505802226 0.9581851742099057 0
0.5727532116219073 0.7247124985354613 0
0.1623883116941191 0.8964499529837598 0
0.03469956517023692 0.5701412052305233 0
0.04182239099831642 0.5632308800383751 0
0.05133457544689213 0.5655305147508807 0
0.04862198918735128 0.5559163012435661 0
0.03747923491773747 0.5536270684374054 0
0.04563357950829222 0.5463003569635659 0
0.03617150665720492 0.543805822880373 0
0.04310481755530893 0.5366479491723193 0
0.8554818300077426 0.03756643997600401 0
0.8457915064822243 0.03510229901203654 0
0.2525511790563724 0.03619404406801308 0
0.5680298329716356 0.9640289441559567 0
0.5749915815080768 0.9569484788559206 0
0.5778011146285237 0.9661678876065917 0
0.5846938346944452 0.9593588568189109 0
0.2655478634587816 0.494730974710654 0
0.6991236516161047 0.6315756859547477 0
0.7060870071978828 0.6244315267586785 0
0.9684699153049585 0.3427761772054503 0
0.963854148843172 0.1986835424463 0
0.9611425154533981 0.1890601682265512 0
0.8818066013552294 0.03547178650729393 0
0.7301685983428334 0.550336629443923 0
0.7328205268909203 0.5598873616452119 0
0.03825494654891759 0.4552013369255513 0
0.04080551012135392 0.4647248186005673 0
0.03318733559288006 0.4365890358761247 0
0.034055719423843 0.4094900263266962 0
0.04107665308770886 0.4023243879686372 0
0.3870062719116442 0.03465281668024328 0
0.3800388830026554 0.0417802554191728 0
0.3773149988354425 0.03219952865852727 0
0.1452715864300074 0.9635665804335849 0
0.1549603066646028 0.9660371134233898 0
0.5243121045421728 0.2661529397268056 0
0.5146360978128349 0.2636974516416212 0
0.1189104328502808 0.9657809830244264 0
0.9538619862975817 0.03574824684547812 0
0.9649469015506115 0.4580057532140535 0
0.9579685688429669 0.4651635293360882 0
0.03486854918364973 0.2845624920662874 0
0.9630331557814459 0.3235294843790586 0
0.03494102050925291 0.953622375875595 0
0.2697923595567148 0.4779803139028139 0
0.2670795926692138 0.4683803088201318 0
0.9676563959738472 0.4676280704313105 0
0.9606778406940937 0.4747857007819034 0
0.9509901345447239 0.4723210619276265 0
0.9536993640466174 0.4819431018630334 0
0.9633871156367705 0.4844079975578295 0
0.9564083551661337 0.4915653861113592 0
0.9660981664378008 0.4940232864143607 0
0.9628995826009228 0.7699445483691354 0
0.965609369390045 0.7795647006754118 0
0.03094916579328288 0.5872354037387266 0
0.7480683259487271 0.9653535230270234 0
0.04786197696162514 0.965987201265292 0
0.7997812831227649 0.0321384494385063 0
0.8097003034860519 0.03482712691340772 0
0.9677445414013128 0.3689552775272156 0
0.4718808382696156 0.2700046627330372 0
0.5874822098384791 0.9686617137032812 0
0.5943829531158624 0.9618213747593529 0
0.9662645545151363 0.04783766191579936 0
0.7016438668757917 0.03418927091651192 0
0.96435783631454 0.9668657877450149 0
0.966010453340957 0.7171872139151875 0
0.9633001053780388 0.7075671695423404 0
0.6857987185334545 0.9669784512245067 0
0.6760300409543518 0.9648275149785033 0
0.6733099298615493 0.9552564898048825 0
0.6663291828906133 0.9624104843826259 0
0.6458211017926334 0.3147481288623833 0
0.6554695035215472 0.3172858140659488 0
0.03469578746096214 0.6686023037252539 0
0.9647777864678722 0.904423972785291 0
0.5671933758762933 0.0357421941156254 0
0.5768763548479779 0.03820487366929737 0
0.5575067921776596 0.03327860189055221 0
0.03360841059509512 0.7574868201485938 0
0.8465229599862595 0.9636629335522126 0
0.8562120593875624 0.966130333798934 0
0.9686311890330402 0.9500816843892694 0
0.3434163954106921 0.6749319095094374 0
0.3461309997048538 0.6845318308527735 0
0.03274646962001104 0.8819130098511996 0
0.03562828856688371 0.8918875008771132 0
0.03344607416777684 0.5341871579239376 0
0.04041669328915787 0.5270230296891579 0
0.968042440614026 0.119599748800243 0
0.9441708851724258 0.03328395475038681 0
0.3412950674492943 0.0319301708498731 0
0.03169741737485332 0.1141251142241382 0
0.03437967451457202 0.1237580277185412 0
0.9679869627786821 0.6283728058364911 0
0.9652780991540171 0.618749728247834 0
0.8030574097151888 0.9698663067096396 0
0.2740274356081668 0.8446967898595883 0
0.1384909396330696 0.5876753926152243 0
0.1357673311290734 0.5780509830390248 0
0.3448142635269414 0.2025965619026824 0
0.2958443718594412 0.2524237428727913 0
0.3027961225320215 0.245275083928949 0
0.261021696668952 0.2881893330335745 0
0.2471343238560747 0.3025564311797761 0
0.4112959574242921 0.1838950736454428 0
0.3613804864539383 0.1979134145578371 0
0.4306703789356239 0.1888682291221823 0
0.440343519352599 0.1913257552646753 0
0.3946747405342098 0.1886505420240093 0
0.964605603208732 0.2971306335272698 0
0.2027902472569664 0.3361334603815886 0
0.4999211887886792 0.1796771848574745 0
0.4929488844841727 0.1868505108810325 0
0.6740516212954533 0.2238836019393429 0
0.3211704315226439 0.2145811116873617 0
0.1186200081878096 0.4219301150496886 0
0.7181543646865818 0.2529712244809975 0
0.7084778702527084 0.2505130357313619 0
0.2493503592663693 0.1513815494375676 0
0.2520673554565688 0.1609969879124515 0
0.2039653008547221 0.3721271341946668 0
0.2066786752720708 0.3817355294011536 0
0.1985008164028712 0.3528611725262818 0
0.1723918479378355 0.2301895842403006 0
0.1793620381040174 0.2230303935011047 0
0.3414306394835071 0.8617209414637096 0
0.3511115883285673 0.8641885247944973 0
0.1234957199950784 0.34261466577543 0
0.8355733954794304 0.3178632701094862 0
0.8382819932812849 0.3274772416100299 0
0.847962182035644 0.329938687330548 0
0.8409904507288588 0.3370911122658329 0
0.8506699149801829 0.3395527974457762 0
0.8436987142884856 0.3467049737687078 0
0.8533783436193507 0.3491666167013506 0
0.8464071030068139 0.3563189673649276 0
0.8560863869175741 0.3587805143896546 0
0.8491153833725968 0.3659328235470007 0
0.8587943461862289 0.3683944443091119 0
0.8518236227865237 0.375546689834166 0
0.8615031121322572 0.3780081520835431 0
0.8545320014719822 0.3851605656978149 0
0.8642109893203876 0.3876222336325507 0
0.8572402548494606 0.3947745581459648 0
0.8220276027752293 0.2697891513626152 0
0.8193182759843415 0.2601742528895869 0
0.8036132780029868 0.524376283095679 0
0.8009111415197792 0.5147733751932752 0
0.1213293052104873 0.4315428262786712 0
0.2234840054414064 0.314361395775936 0
0.2138201806200222 0.3118966809947293 0
0.2332842983296214 0.3169835835154916 0
0.2867630756664353 0.8568617608781276 0
0.2964323193810651 0.8593198505881059 0
0.3032636494607576 0.8521253990050729 0
0.3141894893774797 0.2217396764588858 0
0.5611918958867661 0.970723952203902 0
0.577646601092181 0.8680335321486712 0
0.5873303374164204 0.8704857812633336 0
0.5942890689664933 0.863326429246813 0
0.597010049926767 0.8729412764706712 0
0.1966494828382407 0.4416085449546638 0
0.1993642823332119 0.451214178592647 0
0.3850770663666287 0.1234216955318478 0
0.8830760856126592 0.6783083154671571 0
0.8857780893273157 0.6879216279632624 0
0.7289193123172645 0.7992655487385874 0
0.7359016103847664 0.792125488561239 0
0.7219521702135513 0.8064210371225899 0
0.6200871264248868 0.7004165834608028 0
0.5016405065479175 0.8220214040881804 0
0.5086025161401322 0.8148688021105077 0
0.866088449752481 0.5222613959509094 0
0.8669189048538584 0.3972363755213588 0
0.8599485092029819 0.4043886559217396 0
0.8839207857192337 0.5534412754293638 0
0.7679772065162334 0.6847559925719358 0
0.4780806811255298 0.1023929182301459 0
0.4877660156686439 0.1048532307319805 0
0.4683895154059018 0.09993457557941554 0
0.4947307842316113 0.09769970520015359 0
0.4974414286247218 0.1073163657142405 0
0.5044126033126197 0.1001614145649098 0
0.8140395143883945 0.8481935336414618 0
0.5810604797780251 0.7529279174424417 0
0.2319754604252348 0.2808293617927355 0
0.8167462574572361 0.857812761237842 0
0.8596058633504102 0.243634525096856 0
0.1101146586753627 0.4554883615771428 0
0.1197909504195244 0.4579340752270421 0
0.8202969680856314 0.7426752141558972 0
0.811332988096742 0.8385745337107312 0
0.09099788470031828 0.164897532241558 0
0.1502111609506912 0.7245150308676767 0
0.1571772670311541 0.7173544442761496 0
0.8027937625610486 0.8721201320099432 0
0.4018513468137968 0.9485619600530726 0
0.4115379787867732 0.9510304206747421 0
0.4143499917309152 0.9602363376941523 0
0.4212424015563722 0.9534292403693967 0
0.4240835594479265 0.9625214491105963 0
0.4309402594185266 0.9558555259770636 0
0.4335369200698598 0.965363782599673 0
0.4405903471525318 0.9583791896362666 0
0.3391748056825097 0.6916825296118438 0
0.3488455898244651 0.6941317962624256 0
0.355802131670774 0.6869809763897756 0
0.3585167016356813 0.6965806352908916 0
0.09252244928804315 0.1385072099864629 0
0.09949625642434956 0.1313448774395022 0
0.8342471802088661 0.7283717577200833 0
0.2236572981126206 0.8584798347154057 0
0.2209553730791194 0.8488607298947846 0
0.2279350312773148 0.8417102642486912 0
0.1588160448237574 0.1821041229715146 0
0.1657874222116069 0.1749438659314415 0
0.7780516648310722 0.6249007965323548 0
0.7850216632258424 0.6177551736527334 0
0.1212414883689423 0.2082894758615647 0
0.07669193315499417 0.2416437741749843 0
0.2290645618941032 0.8777225494899825 0
0.8832407462125014 0.2317836528655458 0
0.874715754386335 0.265338404739506 0
0.09566459535284866 0.8178430950067481 0
0.05010651238997088 0.529478330094778 0
0.04739559994462011 0.5198575954929988 0
0.03770422209579427 0.517402333560238 0
0.04467687399766834 0.5102380394207698 0
0.03505253501679839 0.5077637689949261 0
0.04197694646687422 0.500622276172298 0
0.03234254796204949 0.4981543085295521 0
0.7791160808189661 0.0538782768874419 0
0.8987438915117087 0.1910666614037753 0
0.8960325451971174 0.1814456527037233 0
0.1273956497294175 0.1026887779962681 0
0.1204215878375227 0.1098516492200981 0
0.1343699891228917 0.09552476508268759 0
0.8093528562254432 0.9273832622971756 0
0.04845209694533092 0.3327258034396796 0
0.04148052963948967 0.3398877462218723 0
0.2768913808447868 0.6937415156425095 0
0.2672157378260895 0.6912905696126588 0
0.9190391760231584 0.9017153106415368 0
0.8610056981579278 0.6637623310642404 0
0.7737396057864554 0.8647229075920495 0
0.7667620033028208 0.8718764110330859 0
0.2286199061081717 0.9401402405930214 0
0.2313266200259237 0.9497646659087278 0
0.4866808396441783 0.898736040332565 0
0.4769887677203248 0.8962661400513963 0
0.05046757312503852 0.4671638873712026 0
0.1812807506882401 0.1342119765885101 0
0.7717528164472719 0.9535165717435309 0
0.7744533168661365 0.9631641213618369 0
0.6902222505471819 0.7894848383606445 0
0.955590260956961 0.6162844658396389 0
0.9625691712296296 0.60912683905028 0
0.920182380164243 0.9377455395754921 0
0.9478589759903956 0.5249898329971485 0
0.07509155720827443 0.7769162557491972 0
0.8454921687786096 0.7044514771735118 0
0.7015123925541755 0.2576656532532626 0
0.9429186895861534 0.2201609492484705 0
0.7384234281811168 0.1328505359299127 0
0.9255982043209544 0.9569962365465988 0
0.9283059291067334 0.9666217421201648 0
0.2220768360180336 0.340917018593533 0
0.2940229390454961 0.05565537348847399 0
0.05423763601902126 0.2895205950652446 0
0.2759634429277165 0.8183890069858476 0
0.2687939836050501 0.8255547010733613 0
0.3243310605574201 0.9288048904848354 0
0.7256283490474738 0.1831611785584625 0
0.5505302522544159 0.04043800761046734 0
0.7494973028106607 0.3322985818896155 0
0.7591715468857113 0.3347574397630688 0
0.8550702122902093 0.9300998209342524 0
0.9622649941005521 0.8943159899145059 0
0.8190401727160911 0.9298500628497959 0
0.958028702300079 0.2418612572033734 0
0.2605798105795149 0.1274482325536596 0
0.3703490226199537 0.03932191582978212 0
0.7319851163120722 0.6845275926288076 0
0.7223125948658549 0.682066350278554 0
0.3464278793347138 0.9433687253351051 0
0.8679806022821346 0.6566102703079471 0
0.8776622844887914 0.6590744722524835 0
0.7082118916874025 0.9194915316849446 0
0.7513505938008149 0.6894310282978746 0
0.2316275181088474 0.05768194932559551 0
0.2343415330217267 0.06730208606735155 0
0.2095460373033149 0.0431351076305001 0
0.9265990926290334 0.3856747247118028 0
0.3877103942107857 0.1958027761519676 0
0.390421409216336 0.2054119571055311 0
0.8792200361747389 0.6327032205732344 0
0.7388203546366161 0.07043840014758507 0
0.8016463140024294 0.836106206681692 0
0.8174771166949284 0.9562496876646596 0
0.8201773310144602 0.9658760334000137 0
0.7755979356956171 0.1690870856032983 0
0.7686232521973295 0.1762414382706378 0
0.8133222769917833 0.7498263269524902 0
0.9417057393333592 0.4074125368619039 0
0.6275512757215365 0.8539138945470903 0
0.8257078696998745 0.7619078920300291 0
0.8353887681428108 0.7643730624913463 0
0.6205872874246146 0.8610721922962563 0
0.6231711476638188 0.8706745195008117 0
0.1247335829249097 0.8252003054293797 0
0.1177649965298843 0.8323654936013152 0
0.0515204169660099 0.2799095018656491 0
0.954758163217863 0.7411244083958385 0
0.9644436463030041 0.743587661697273 0
0.6921592290873532 0.6387191086422886 0
0.6948626724071536 0.6483224261411693 0
0.2834894991392533 0.7489089568180622 0
0.6749612452366547 0.9288336115369108 0
0.09685997319395312 0.8538696567023329 0
0.08988988721293889 0.8610361065347826 0
0.6636206730917958 0.9527953105558329 0
0.6566388238079313 0.9599519835211263 0
0.4255570165451469 0.106876691161836 0
0.4352272475455488 0.1093413993653844 0
0.6819455169450996 0.9216840611745643 0
0.04534430931746991 0.8943538751338272 0
0.0383694847321302 0.90156552852303 0
0.9548195713934895 0.5178460231376126 0
0.9647418644871298 0.5210039273002509 0
0.04348916952140591 0.4743254961285709 0
0.03380449420221621 0.4718738146687437 0
0.8687960741807801 0.5318754758809329 0
0.3159673028340262 0.1326035784343104 0
0.3186840196818079 0.1422038817403568 0
0.2931133624937767 0.7513441667287937 0
0.3001151622929174 0.7441942555439061 0
0.2910121444525003 0.3941783030120344 0
0.2840491982635848 0.4013230349803375 0
0.2979904002090432 0.387048968657872 0
0.2744008464732129 0.3988940895706226 0
0.2771122928691678 0.4084933326990544 0
0.9045606295099478 0.1478810209962082 0
0.8975838985884389 0.1550413634800909 0
0.9115377359228021 0.1407213044716815 0
0.3089614735700032 0.9691541151838943 0
0.1517880758982795 0.2515689564107119 0
0.9464246946464449 0.1049157885676867 0
0.953402969978783 0.09775453541212864 0
0.9630940027582791 0.100217398755777 0
0.9603813625145867 0.09059315751285046 0
0.65428412861342 0.7271369806354646 0
0.6569863275118377 0.7367435246581603 0
0.6666595048542615 0.7392080516560446 0
0.4433046926628104 0.9680591831001756 0
0.450285004945889 0.9608946614386824 0
0.4531891704600887 0.970470912845861 0
0.4600064518190004 0.9633615440564554 0
0.6596909405700694 0.7463524980413032 0
0.6500189695347596 0.743889235838644 0
0.03395789542455896 0.2489209017757734 0
0.03643042196538343 0.2583134597942367 0
0.7638693575134904 0.03252342220337112 0
0.757002952511461 0.0393803505671026 0
0.6494674805433041 0.8685367224395326 0
0.727749203106754 0.7633033208331843 0
0.7180694110513013 0.7608533794103851 0
0.737429524394103 0.7657530984389491 0
0.031572777368716 0.6230156976563974 0
0.5416518434025064 0.9663387226415067 0
0.5319642532892155 0.9638704517360557 0
0.4854385388402231 0.03282479643846786 0
0.4951272411772042 0.03528693829254276 0
0.7415553457444058 0.9724126958218308 0
0.732014392988062 0.9696573081692308 0
0.7086216767937603 0.02702937168599007 0
0.7183113492508337 0.02949277822787216 0
0.2182523798637714 0.8392412004893766 0
0.225231875632437 0.8320907063586889 0
0.2112728421933399 0.8463913814818464 0
0.1903202140240413 0.867840985516503 0
0.1833390335263666 0.8749933213953769 0
0.3653845036371902 0.6897790240636636 0
0.3681727815583988 0.6990875277485071 0
0.1038124859065712 0.9440579300867782 0
0.09682820911355472 0.9512131957777391 0
0.09953282853662032 0.9608394642825546 0
0.08984378849914382 0.9583685770047428 0
0.546615847753772 0.7263765827975853 0
0.5396589203035167 0.7335271737672833 0
0.5423682601848995 0.7431263566564129 0
0.5326991843150921 0.7406756416247451 0
0.5299880996397818 0.731077412441749 0
0.5230116381893523 0.7382356116992577 0
0.6270432324837001 0.6932655879525909 0
0.2068311941746191 0.03351245322015828 0
0.1970831812938335 0.03128393576699662 0
0.9677181983596552 0.2443244864364147 0
0.3751436102112851 0.6918786904686121 0
0.3778089245367854 0.7016730187322997 0
0.05755516465805632 0.9684437091411301 0
0.4493249661459373 0.03290690703856985 0
0.4396326842791799 0.03045860855748972 0
0.4327254238861521 0.03735137184118242 0
0.9688029908050734 0.6640776527620423 0
0.9620981295114464 0.6715016841419217 0
0.6362807549614934 0.3117686943359042 0
0.03183908372522526 0.3997164800671579 0
0.03846299820874716 0.3926504281100162 0
0.02871038107122709 0.3902029958972953 0
0.0358092666926203 0.3830040232223513 0
0.04540592809560806 0.3854942812598356 0
0.04268248832169552 0.3758708351249683 0
0.03310609245090185 0.3733786466553892 0
0.03996705139976353 0.3662482973676533 0
0.03027657717958426 0.3637943047852273 0
0.6950994838134628 0.9692533324055352 0
0.3676361049778514 0.02970138696062785 0
0.475750932505115 0.03036331143244153 0
0.9689758585973947 0.0574625827831845 0
0.5478182552659132 0.03081592108298348 0
0.02975360182368947 0.2029847454644093 0
0.09256314188212239 0.9679375474185903 0
0.08303897233215041 0.9656333437940205 0
0.754083238202079 0.03023319861300039 0
0.7472976935659228 0.03696656988931091 0
0.7444833891223293 0.02737974142255428 0
0.403414469592154 0.0298292727547973 0
0.4298766545957463 0.02826023297957603 0
0.02686835390629166 0.2558196790446687 0
0.03129331291011511 0.1765763682156435 0
0.727852598016075 0.5407288864122892 0
0.9704296564415787 0.253947780522169 0
0.03178913306072306 0.337433560401684 0
0.2007982374224616 0.9683482728661845 0
0.1910231227332462 0.9662221429059081 0
0.2109264740052543 0.9723149851764352 0
0.02797251326026373 0.2914143843894822 0
0.6964200235316133 0.6219730418548852 0
0.7033857558942096 0.6148257869603111 0
0.6593453224904885 0.9695762592716037 0
0.649656734631213 0.967110435007378 0
0.03207883604295486 0.7838941830454023 0
0.03479991162993812 0.7935149247311576 0
0.02516299551700357 0.4052745948104389 0
0.0505812748350204 0.9756100479471286 0
0.02857601041091151 0.166953943327494 0
0.9687032563780207 0.4412730384371738 0
0.5347024889086485 0.9733691460574339 0
0.5249881152659411 0.9710051054512194 0
0.5222774695997049 0.9613985300592407 0
0.5152961423328289 0.9685533586935562 0
0.6524777379874485 0.9762850540831625 0
0.5200847038118339 0.7282143969897703 0
0.5132615337404619 0.7357113341807671 0
0.0408879856578932 0.973153620465153 0
0.2862624606117266 0.4104147315206851 0
0.279630504312853 0.4179016076462097 0
0.2701243582560495 0.415615648823033 0
0.2728320630824849 0.4252098349125283 0
0.02658294118425658 0.5409427750158884 0
0.9514622724663405 0.02584964915733323 0
0.9608419753111135 0.02858778611694629 0
0.02898732093384776 0.1045000422864389 0
0.03592212374323533 0.09734691464537198 0
0.2817331188563511 0.4274784428183047 0
0.2752138737388923 0.434869020353769 0
0.2658444821015671 0.4323939605512995 0
0.2685512219084336 0.4419999909018873 0
0.2790962581181552 0.4459588474089918 0
0.02663717887484462 0.7646533070371261 0
0.3316060802745607 0.02946955081928143 0
0.7231412614066374 0.5574185348729134 0
0.7259618274847635 0.5669905835419127 0
0.7355352119830556 0.5694779052329297 0
0.7285732079842113 0.5766182419731107 0
0.7194696118065265 0.5739279437487863 0
0.7216886968653702 0.5837269205815248 0
0.7312750178727654 0.5862190906598884 0
0.7243118764656775 0.5933619772442088 0
0.7146435562778282 0.5909027283139614 0
0.9759557763735124 0.05030203798910476 0
0.9700288916404096 0.09322808446260222 0
0.9672156233964642 0.08369325433341468 0
0.3810104549627805 0.9696192856405498 0
0.6787063955814308 0.9739336693895483 0
0.8527707742020968 0.02794210653622708 0
0.0288529809605147 0.6133958285032798 0
0.6490299262661097 0.323998311240995 0
0.6584188584251944 0.3267816834920633 0
0.6651778322986726 0.3197383257618859 0
0.667889135399376 0.3293378715726893 0
0.3385820494447834 0.02230777356538355 0
0.7709886304382474 0.02501671865408572 0
0.4251469295875803 0.9727128030796643 0
0.3406234452734122 0.6656418601734498 0
0.4627180199071973 0.9729853260034509 0
0.4696656653236263 0.9658397219445657 0
0.6475555784279536 0.6719529762662335 0
0.5971274501664667 0.9712971054744921 0
0.604055867176214 0.9643083006321085 0
0.02673576350191054 0.5156117350859769 0
0.9730756460059935 0.4868718762908633 0
0.9705857322914302 0.8612195719806679 0
0.9678977985961383 0.8516145654645288 0
0.9733188526202119 0.8708686357996149 0
0.02457292526704102 0.1211433037422093 0
0.02721793663793126 0.1308566433998809 0
0.5899324363372297 0.8801215006651837 0
0.5997327069254484 0.8825546176118784 0
0.6610864861331331 0.3364366180102146 0
0.6705903899693453 0.3389469066645716 0
0.2895585275521023 0.8664538881948926 0
0.6426951406662655 0.9741865948979238 0
0.6399716873095185 0.9646286985970276 0
0.6329917101757039 0.9717774895584765 0
0.1889480267606857 0.7343238180836522 0
0.972986701394452 0.6733756198389969 0
0.9650426922365289 0.6810597254718349 0
0.9745497850372746 0.6836466462033802 0
0.5535725499333329 0.7192263122449107 0
0.9712637599648156 0.1912682297229268 0
0.9686017282078705 0.181582884000794 0
0.3849809320891089 0.1861267995903175 0
0.4902349001750379 0.1771759384643693 0
0.483270636023433 0.1843855685363853 0
0.4805465689620531 0.1745790100113455 0
0.4735863134839876 0.1818383189906886 0
0.4763030248860696 0.1915306683880869 0
0.4666286831922969 0.1890749306416789 0
0.4639191183068847 0.1793516601854017 0
0.4376222378037989 0.1816502948875324 0
0.3055192005157377 0.2548805069124443 0
0.1147224274767663 0.3763030231059767 0
0.1316050969836751 0.3714660011146415 0
0.1970016562384889 0.3792809215710474 0
0.1997155048684024 0.3888893592553282 0
0.2093923464102398 0.3913438718051185 0
0.2024300723643249 0.3984973061507029 0
0.5359103166126443 0.1799239224687058 0
0.186256629422721 0.7247039956376045 0
0.1235906973522449 0.2803310521215763 0
0.3124605324143903 0.2477705997600842 0
0.5455869222295526 0.1823817013312227 0
0.6864456722474158 0.2359334305462359 0
0.1225673713614207 0.467509116544714 0
0.8123465118869647 0.2673278643695575 0
0.7498896389491916 0.269954168209024 0
0.193935045333805 0.4320015655397289 0
0.2008982949941461 0.4248474876426246 0
0.02867530364050574 0.8991192502325105 0
0.03140045547252612 0.9087516506741604 0
0.6968263281633797 0.8446657513860769 0
0.2490389201043647 0.7223556133587434 0
0.2297286447402551 0.1465142835343444 0
0.2270425261489739 0.1368949201612547 0
0.2463030747614894 0.7127538278214979 0
0.1191453244838429 0.3594455411996791 0
0.5165557306493561 0.1749155706450847 0
0.497204658061335 0.1699591551887258 0
0.1271567510015544 0.3883349153017503 0
0.1298404247925724 0.3979881484975382 0
0.1762136380810979 0.7846518446396541 0
0.1281012566262122 0.2634693126987104 0
0.1253831229368573 0.2538402846867206 0
0.1324180161061996 0.2466514760279652 0
0.7471814553468344 0.2603511309362832 0
0.09958131538934872 0.8634891556980464 0
0.3220109792588457 0.758677667804413 0
0.8063523093452063 0.533965843377427 0
0.885079955830698 0.5894382309885153 0
0.8823461386236446 0.5798329069232251 0
0.8807799935432712 0.6063183187066299 0
0.06487553300502297 0.8988398275053 0
0.3897550441812486 0.7758422132980657 0
0.1912202505259282 0.4223955847184068 0
0.5895646426181361 0.9792746052468663 0
0.3131746934055039 0.1229963967446398 0
0.300655601793157 0.1109242493827802 0
0.7749496897343761 0.677611779975003 0
0.3781060854111787 0.1305779770107657 0
0.8047928302752354 0.5603412678844434 0
0.8075031962254623 0.5699491796947815 0
0.8005153285850481 0.5771034570735968 0
0.8101850687714606 0.5795592018439173 0
0.8032148637434766 0.5867093243092315 0
0.4711342875547521 0.1095506028405442 0
0.4614309730097116 0.1070882057253939 0
0.8738955879977374 0.3900908303085469 0
0.5257247306410757 0.7478414709158423 0
0.8657704834565962 0.3612477322323673 0
0.0570838008675173 0.5223133145165948 0
0.4269464213811922 0.8120189831532537 0
0.4669616431717638 0.9562153873322092 0
0.4766435456412885 0.9586854339306808 0
0.479349593505362 0.9683091848186693 0
0.4863237265528347 0.9611474996550546 0
0.4890214158316427 0.9707675287334508 0
0.4836229425778721 0.9515295307795228 0
0.9455718640900558 0.4530770462632904 0
0.8576457858656104 0.3324054973533111 0
0.437894839881468 0.948798041742466 0
0.7173275685565237 0.6005132224277355 0
0.7076595535001287 0.598058640679895 0
0.8696272725732022 0.4068505023488115 0
0.8626570664353455 0.4140026429773411 0
0.4088322411284812 0.9414076564357143 0
0.5071231721753052 0.1097777599023423 0
0.5140960009829637 0.1026225072417121 0
0.7250189092479316 0.6916668127492756 0
0.5113193119271834 0.8244729231477644 0
0.5182959607444766 0.8173227549345121 0
0.5155676316009022 0.807713955588248 0
0.7269996924384796 0.6029716237863663 0
0.2173103738630051 0.1344424337403686 0
0.3515603376161089 0.703731984585644 0
0.7361336313150333 0.8908737656729731 0
0.6302929916831254 0.9621652886254604 0
0.8210165663054163 0.8410400624704977 0
0.9242983906501586 0.3136771860701643 0
0.8807115841395039 0.8294213752881872 0
0.9268567763559636 0.7697005139500401 0
0.7371146742571216 0.3202318735883105 0
0.08402572463796409 0.1720598410101135 0
0.1474919076019281 0.7149012108281101 0
0.1544585179689988 0.7077414692057284 0
0.1641425599386032 0.7101938406600389 0
0.16142401676259 0.7005812045686546 0
0.1517405295770318 0.6981292435612705 0
0.1587057403912759 0.6909691803794069 0
0.1490225923284993 0.6885171346485275 0
0.1559879054331857 0.6813575799206003 0
0.1656673224057809 0.6837682863421435 0
0.1629218351890702 0.6741618151538306 0
0.1532651638196975 0.6717401023184304 0
0.1602286147745826 0.6645821049810376 0
0.1505520523954088 0.6621338804516319 0
0.1575177305982022 0.6549758201387255 0
0.1478355035576318 0.6525235811711039 0
0.154800148724359 0.6453648066926571 0
0.1451184488657453 0.6429124320104075 0
0.152082726099616 0.6357536334254035 0
0.1424010098370445 0.6333012801789278 0
0.1493653699600381 0.6261426328936626 0
0.1711070409161592 0.7030332436755545 0
0.1590470475433583 0.6285948119244612 0
0.1563298609947726 0.6189842873846794 0
0.1645724934985955 0.647819227181843 0
0.1698883718521552 0.6668316515014064 0
0.1396774734012195 0.623677474302522 0
0.1435846357041219 0.6692898968135804 0
0.2585904499804806 0.501881269380841 0
0.2682613496920696 0.5043315109426955 0
0.750053250478825 0.0464957526552644 0
0.6280016502559487 0.2835807888650245 0
0.6210406907534924 0.2907280473498838 0
0.8849828510627469 0.8126444945975608 0
0.05882866366145895 0.2103560326570652 0
0.3116883361636196 0.6579822124240992 0
0.3184199000377483 0.6508956449520379 0
0.8834188335037036 0.8390427274308208 0
0.04963452342956698 0.3687128546119106 0
0.4856179248878191 0.2563213257855481 0
0.4883393576008339 0.2658712510442389 0
0.1973036758795582 0.8606905468493304 0
0.2898636768589567 0.3582452623424923 0
0.2995340757621301 0.3606999119386581 0
0.7582104879451869 0.9054273777543222 0
0.3022435673583539 0.3703018487062718 0
0.3092036118666971 0.3631531483971832 0
0.3064940767487374 0.3535522739078839 0
0.3161635553525349 0.3560058256375284 0
0.3134538481947768 0.3464049935009018 0
0.3231232149654766 0.3488584561503389 0
0.3204136751334021 0.3392578450282839 0
0.3300828095012097 0.3417111384242855 0
0.3273732050727798 0.3321105105925726 0
0.3370423642638862 0.3345638339741411 0
0.3343330556683289 0.324963491731161 0
0.3438144194919583 0.3272337617693951 0
0.3412614151376485 0.3177857323499427 0
0.3506400258663291 0.319955896762756 0
0.3481938057766865 0.3106118116018809 0
0.3577605317043304 0.3129650804439773 0
0.3551757444118984 0.3034859804126592 0
0.364848508497047 0.3059422774673345 0
0.3621609412097377 0.2963630784002212 0
0.3718340700846275 0.2988195946397329 0
0.3691293855619458 0.289223594238433 0
0.3786856720074535 0.2915663006159958 0
0.3760715332007269 0.2820581929931584 0
0.3856249273822037 0.2843979022936923 0
0.3830253825563871 0.2749036170374829 0
0.3926948880803903 0.2773566363377301 0
0.3945444428352418 0.2862394003893861 0
0.4020027840691489 0.2794774980812539 0
0.3996229345904208 0.2701657725830103 0
0.4092802901997908 0.2726202280830257 0
0.4120884674500655 0.2832941932010232 0
0.4190154696885635 0.2752994949548476 0
0.4163136298071996 0.2655421601093942 0
0.4259824632909843 0.2680227076420824 0
0.4286916864218415 0.277628506342899 0
0.4356533224455637 0.2704562776987596 0
0.3816939114935116 0.3003233491255313 0
0.4383816611822275 0.2802778509874444 0
0.445329320004748 0.2729409275035071 0
0.3733776273379639 0.2724724609155292 0
0.3246670303285898 0.3225037304805364 0
0.4232743395640499 0.2583987408974111 0
0.4426267207623927 0.2632983240874756 0
0.6237504926019389 0.3003244091152432 0
0.6140798256635918 0.2978731116199428 0
0.6113714978227333 0.2882724975446075 0
0.6044106509492861 0.2954182235524315 0
0.6017025114452449 0.2858172864654124 0
0.5947418841913377 0.292962881690182 0
0.5920338344747598 0.2833620151682762 0
0.5851363433408369 0.2904898951688841 0
0.5823757973227459 0.2809037889021163 0
0.598992553137119 0.276214187939531 0
0.1272658581776151 0.6115884593839738 0
0.3294817354668313 0.6527538617171937 0
0.9351394504465149 0.3521661651824882 0
0.9281627031954061 0.3593217165758988 0
0.5334796270686677 0.8390057085394051 0
0.5404439930805386 0.8318476081531352 0
0.06608368416850552 0.6496171867598982 0
0.07305184432155587 0.6424521968634849 0
0.6013442943859119 0.9547428760826777 0
0.2985589947715157 0.2620198396661418 0
0.2640928263900448 0.2354456427287062 0
0.4964637174959152 0.9011782147708878 0
0.4418140444129443 0.1645595081783893 0
0.8110369490548801 0.6778541741973929 0
0.5807044979124661 0.815275319203761 0
0.7552558678411831 0.5120867317258326 0
0.7525494134919966 0.502482746796458 0
0.7455855073445242 0.5096279432251301 0
0.7428792763396479 0.5000249841044322 0
0.7359160397884422 0.5071694824080845 0
0.7332885184308173 0.49764359195531 0
0.7263389572252511 0.5048007696560165 0
0.7401860021806947 0.4904352189408883 0
0.7310373884764148 0.4879323683470608 0
0.7289682254573218 0.5143281629744957 0
0.7130573301117143 0.6172743419924869 0
0.180125600216307 0.3837281003758984 0
0.2613042285364268 0.5114814724555035 0
0.2709746525173198 0.513931447519114 0
0.2640177806428785 0.5210813091988611 0
0.2736879285359349 0.5235312042472966 0
0.266731236124074 0.530680897175388 0
0.353815294220756 0.8738061665956236 0
0.3607926307898358 0.866655878294545 0
0.7318583208148128 0.9076493589078667 0
0.4199873607273125 0.08762381852274814 0
0.1771593564126225 0.4365814537400611 0
0.5852094309980556 0.8969951501131144 0
0.1260792575041234 0.5755912229250978 0
0.1330456184451368 0.5684331064361445 0
0.1427317310486077 0.5708899360772496 0
0.1400463116816795 0.5612636871272383 0
0.1303339471567533 0.5588186746692774 0
0.1373357443139255 0.5516490844472317 0
0.1276193911943601 0.549205841296361 0
0.1346195533293741 0.5420367863366221 0
0.124903623695832 0.5395934219116754 0
0.13190312413574 0.5324244784427541 0
0.1221863771237203 0.5299812434557845 0
0.1292029248818927 0.5227761849654567 0
0.1194724971314475 0.5203626653981271 0
0.1265522863033287 0.5131220871158072 0
0.1124951409376544 0.5275268143571872 0
0.1167669607017037 0.5107419874971645 0
0.1237973530313887 0.5035470252244792 0
0.900184198067717 0.6111201684610532 0
0.1755865429518959 0.4628900896779407 0
0.778726355090438 0.1163118957742379 0
0.7717459419865487 0.1234677692952291 0
0.1038295863775287 0.8467021503185023 0
0.8231108301484199 0.529178458504919 0
0.3089372977882082 0.6483925732847512 0
0.3156622336383947 0.6413081567978535 0
0.3062102885882698 0.6387966176562017 0
0.3132331053602203 0.6312875613071044 0
0.3035395567367339 0.6291175699540213 0
0.737557616655266 0.4808170764243904 0
0.7283417891374006 0.47823306206602 0
0.7348661696775028 0.4711963740762634 0
0.7252004532205465 0.4687359655533657 0
0.7320900039304575 0.461609077327131 0
0.7224143964048455 0.4591585099687867 0
0.1793852365405654 0.5084349464213779 0
0.1863944217025371 0.501313502211498 0
0.1892037954224218 0.51097721767425 0
0.1836419559193591 0.4916767404036196 0
0.1934118972928111 0.4941993737781126 0
0.1906158291334552 0.4845305307685794 0
0.6308165551775669 0.8997314055531247 0
0.6281109769143638 0.890112149634493 0
0.7022816445751134 0.3559553735975474 0
0.692608598525523 0.3534946644064957 0
0.6953179800477942 0.363099731435212 0
0.685645889245297 0.3606393617682468 0
0.6883556026826704 0.3702441290288956 0
0.6899019134739309 0.3438923971196221 0
0.7634307171538661 0.3180008563624804 0
0.8192622929084663 0.4835890131676772 0
0.8122855860094094 0.490731356858698 0
0.8095771395416083 0.4811198612279167 0
0.8149904211466266 0.5003398771127484 0
0.8052435957263405 0.4979495664056101 0
0.1038565282464987 0.3378307096234241 0
0.1108760749024963 0.3306382776225253 0
0.8986096136371464 0.6375268645524217 0
0.5255312117185895 0.9085875155127481 0
0.9078875177191494 0.702399734935082 0
0.9009094704011462 0.7095562186099967 0
0.7293588227157749 0.4520141009473558 0
0.9270090862599424 0.3232990628467739 0
0.2349140426881127 0.834559474801243 0
0.232210939483477 0.8249403606891732 0
0.24189242169255 0.8274089363354049 0
0.2391895929548397 0.8177905974904434 0
0.2489991753301665 0.8203198046191111 0
0.2554119578498265 0.8755088462831094 0
0.550124847282469 0.8342995663716041 0
0.547408925641243 0.824689656176437 0
0.5377277686156626 0.8222382331661638 0
0.5446920942612384 0.8150808759706851 0
0.5570919140684411 0.8271406515235904 0
0.535011226034741 0.8126294802324653 0
0.09677976525110832 0.121723726034129 0
0.1064708057696388 0.1241811462675363 0
0.2532850492784684 0.7055922794557841 0
0.2435838101162144 0.7031473576726248 0
0.2505691914084452 0.6959852493890676 0
0.2408678166289232 0.6935404939618226 0
0.2478506501557139 0.6863811711964437 0
0.2381518604784786 0.6839343458670157 0
0.2451330965398528 0.6767738520287574 0
0.2354363885161133 0.6743278948942122 0
0.2424222758127348 0.667166161519621 0
0.2327218689318636 0.6647215935208648 0
0.2397068226066632 0.6575603383194016 0
0.2300071792333237 0.6551156507470192 0
0.2369910480595169 0.6479570574472382 0
0.227292002540282 0.645510438121309 0
0.2342720444938284 0.6383512760430531 0
0.2245767411503555 0.6359048699227788 0
0.2315561501500493 0.6287458667676502 0
0.22186145922312 0.6262995322414577 0
0.2288407613502497 0.6191407389150131 0
0.2191649438490962 0.6166890437445716 0
0.2261299508215378 0.6095338486567708 0
0.2164536295505887 0.6070827276262328 0
0.2234148795341757 0.5999284906936639 0
0.2137391307538706 0.5974773726352217 0
0.2206997294444699 0.5903241749507655 0
0.2110242291189937 0.5878721867590246 0
0.2179846023840823 0.5807190352774456 0
0.2082685977663011 0.578247752122316 0
0.2152628709920518 0.5711097896661229 0
0.2055496889829243 0.5686222820971479 0
0.1081154726425339 0.3210404805660573 0
0.317869248943319 0.8735416122709311 0
0.6980243039787148 0.3727017846524456 0
0.7522053361475356 0.3419057027997869 0
0.7619290056689254 0.3443506784240266 0
0.7549215201104323 0.3515105077233369 0
0.7646463694207382 0.3539550800437726 0
0.7689447474102675 0.3371137728777394 0
0.1297549271031013 0.1747271502725443 0
0.8890562527557853 0.1886041882602075 0
0.8863449060364708 0.1789834135312676 0
0.8793688781940969 0.1861417332545738 0
0.8766575821921423 0.1765212423305105 0
0.8696818628269454 0.1836795380418439 0
0.1046830534692889 0.436255481959003 0
0.862050932130441 0.9229429969029308 0
0.1308373541902208 0.719607194467887 0
0.06036768678636156 0.1839502672730243 0
0.7576323751017102 0.3611165457141173 0
0.7672864004766191 0.3635559138008612 0
0.7603205256943406 0.3707184241337079 0
0.769996785407274 0.373164364836683 0
0.7743624164372522 0.3562216596532065 0
0.5587486857307912 0.8992387359724374 0
0.4952900560807912 0.2587741910460906 0
0.4979964938093897 0.2683757016826689 0
0.2589449418753555 0.4395456638571976 0
0.2616500638799815 0.4491524050970032 0
0.1107295634073145 0.1073944197130666 0
0.2517121712706216 0.829997836903499 0
0.06308458453750693 0.1935718957848024 0
0.1743082796801976 0.1413733629311011 0
0.08087072212057272 0.7337326974888732 0
0.9204327757332912 0.2680359837785489 0
0.2909390243727498 0.1084542585728676 0
0.7422839813437254 0.1784704988548393 0
0.2121067435211319 0.4009503379442136 0
0.870451965577129 0.2821121838199603 0
0.3796531271519697 0.1041900451648163 0
0.3893372035734792 0.1066492231119689 0
0.8836333125197814 0.1693628916955704 0
0.7519660878114802 0.1809327003638639 0
0.9394465110750578 0.1120768226047731 0
0.8818535518864293 0.8654448985210985 0
0.9524553869028249 0.6690767450364321 0
0.1084082013467817 0.7674932273204338 0
0.1111284781878389 0.7771102025338498 0
0.6211333052926583 0.8972646925915124 0
0.3634962629969777 0.8762734360878466 0
0.3704735568941115 0.8691233641822212 0
0.3731771255712815 0.8787408610277612 0
0.3801544346914216 0.8715907471964484 0
0.1484210290340946 0.9107563076478327 0
0.2125457418764387 0.5615016803730292 0
0.202877211060064 0.5590501403629728 0
0.2098373351477633 0.5519012007179186 0
0.2001223675744851 0.5494285900414393 0
0.2071169226700329 0.5422925550645854 0
0.197403921443132 0.5398025463264423 0
0.1483200241107384 0.08119668266711849 0
0.8523667416565326 0.09037853593652551 0
0.8260117205777078 0.09260917238773464 0
0.1747781711597013 0.9085432515467056 0
0.7985234453024113 0.8888951322730136 0
0.2096904862688906 0.8727805804760996 0
0.5722819801991507 0.9473380307931275 0
0.2150982324423511 0.8920244921610617 0
0.3668298941440601 0.2172526466200694 0
0.05625970599135177 0.4239873679686641 0
0.051159835656511 0.3423367100086696 0
0.260696056902024 0.06505832198862643 0
0.8582989079076748 0.6541468110119344 0
0.9732347153827429 0.04071507204542296 0
0.1870786129941745 0.09103029418222131 0
0.1421578077888401 0.1868057674250493 0
0.8931048587804857 0.8415087744232476 0
0.6956638841671359 0.808700352802697 0
0.8829934681157001 0.9014729377885466 0
0.6985320029190013 0.08699194777618191 0
0.9381317798016039 0.9685554351455521 0
0.1022398743555512 0.9704562041549306 0
0.7935427048670662 0.5842527132915977 0
0.7962489812848421 0.5938606880859407 0
0.8059422407128956 0.5963038417100766 0
0.1285992559402325 0.9682516574881997 0
0.121615168575763 0.9754074302329518 0
0.5113858327086617 0.09300607568145758 0
0.5210691144045169 0.09546700080336679 0
0.5237794369802844 0.1050837552075697 0
0.5307526076443325 0.09792831126683799 0
0.533462662692152 0.1075449797643805 0
0.5404359191287268 0.1003897585097706 0
0.5431459446487167 0.110006213146357 0
0.5501191939043105 0.1028510739601649 0
0.5528291333509755 0.112467402895422 0
0.5598021745362937 0.1053125853250879 0
0.5625121648591632 0.1149286087075853 0
0.5694851145962178 0.1077738888547287 0
0.5721950856654502 0.1173897655188704 0
0.5791678997081434 0.1102353556408989 0
0.5818778919420293 0.1198509340764075 0
0.5888506363027467 0.1126965983636271 0
0.5915606157880937 0.1223120563049545 0
0.5985332366159785 0.1151580348791328 0
0.6012433921252927 0.1247732127185683 0
0.6082158499105661 0.1176192356107674 0
0.6109259755008445 0.1272343018810234 0
0.6178983352000624 0.1200806434732544 0
0.62060851309994 0.1296953885611663 0
0.627580843952017 0.1225417995276995 0
0.6302910869125644 0.1321565989808848 0
0.6372632878829806 0.1250032231601613 0
0.6399735973039844 0.1346177793157223 0
0.6469541724457327 0.1274666454042154 0
0.6496568070004949 0.1370809078145113 0
0.5764626163724803 0.1006182589757106 0
0.3252640736128752 0.7059927007349429 0
0.6946662589601831 0.04134897250216441 0
0.6919544749411071 0.03172621137293719 0
0.6849767411701997 0.03888612309672479 0
0.6822649766613378 0.02926329222407342 0
0.6752873908461736 0.03642321752696021 0
0.6779989054903994 0.04604569992403063 0
0.668309833114196 0.04358290931192838 0
0.6655981083979121 0.03396046110799394 0
0.6586206594736859 0.04112024688512206 0
0.6559088209435627 0.03149793172545284 0
0.6489316418158882 0.0386577674671853 0
0.6516434168462897 0.04827978553793882 0
0.6419544516614939 0.04581742295725183 0
0.6392426004522473 0.03619540833705137 0
0.6322654298100061 0.04335513023919074 0
0.6294973623293337 0.03395416650275307 0
0.6225671397646408 0.04092970484476532 0
0.6197973551089073 0.03153476901649799 0
0.6128745925982502 0.03848072173787881 0
0.6101619342346511 0.02886064807262273 0
0.6031936687844475 0.03598533779200941 0
0.6004829301467389 0.02635738505567015 0
0.6168850495929913 0.0216038698171081 0
0.6155976233154236 0.04805996301898302 0
0.6446663983640495 0.05543905171694785 0
0.6710214622050499 0.05320511999154748 0
0.959986475273979 0.1530342462739765 0
0.1420571473946541 0.6956764259366288 0
0.13933905753142 0.6860645958781214 0
0.7580327642641485 0.2987487493925625 0
0.8624612017861409 0.03040639171255588 0
0.9528815899654526 0.6066624165455229 0
0.9598602540620337 0.5995040856364526 0
0.9695483043879387 0.6019693092768978 0
0.9668392391617933 0.5923463131620121 0
0.9571513874410766 0.5898814646282365 0
0.9641300216259824 0.5827234906754225 0
0.9544414460261446 0.5802619288455315 0
0.04840086751073214 0.8416033291362339 0
0.04156138612062005 0.8487331970763959 0
0.0387300524863165 0.8391434093029244 0
0.03214850052027096 0.8463200318337208 0
0.02913930117626523 0.8364901819230651 0
0.03601101163908899 0.8294930710524866 0
0.02649822352083997 0.826983342892226 0
0.03330647194668884 0.8198881991570679 0
0.05317923896477289 0.4767803108089396 0
0.8388126362823005 0.04226223012290731 0
0.8361011663953755 0.0326381864048938 0
0.06664168734649834 0.3016055529870561 0
0.1619438780803216 0.9588816820243365 0
0.164649152289764 0.9685075061708506 0
0.6775097858520966 0.3318174039886413 0
0.1080760314499369 0.8299136982299693 0
0.5125985094170548 0.9589301354294278 0
0.7710843561363026 0.6320339568982761 0
0.7035554152022182 0.1686293805445224 0
0.4045478094787094 0.1283435409095095 0
0.7401482073020116 0.7753614984104322 0
0.2508896535562774 0.1250074841076416 0
0.2644990647032085 0.6816841189942772 0
0.07515160437803375 0.2680449882801634 0
0.9659224556080368 0.9404564660067255 0
0.9008055901213161 0.9328106741198251 0
0.3828580516150973 0.8812080448803694 0
0.3898353381244092 0.8740580758307419 0
0.3925389629514576 0.8836754068560158 0
0.3995162803910035 0.876525424239825 0
0.4022199721402726 0.8861426075552268 0
0.4091972926090139 0.878992755641557 0
0.9451556655278681 0.5153876784082916 0
0.9673101318360098 0.3067468288940529 0
0.8633804897757384 0.5126474974804338 0
0.7651721050796959 0.06820601707427676 0
0.06510394471901287 0.3280072530143164 0
0.9711805193115911 0.3523987007329736 0
0.2440319492762826 0.06976128616037769 0
0.5512706368932294 0.8702500868730231 0
0.5609976882330513 0.872745135236235 0
0.2505290717116318 0.1873798087587039 0
0.2408463186277106 0.1849218918561545 0
0.2338298374436509 0.1920920174117189 0
0.2741500199272699 0.1755250716662168 0
0.5180159614858432 0.8797068979997924 0
0.6004051658566808 0.7578303571519411 0
0.06475070423158563 0.3904205428732087 0
0.03706111115139676 0.1333710735810827 0
0.03057260885476748 0.140395057812202 0
0.8183100773876736 0.8314211947813146 0
0.8613352444731186 0.8245007918867366 0
0.9362161951188496 0.6113585985698292 0
0.3037849124192257 0.3439486673735877 0
0.9377765103678474 0.5849613279001371 0
0.3708931622271024 0.7086707033169068 0
0.3805634937008084 0.7111173502773582 0
0.3874731920698826 0.704151787388821 0
0.390233312113499 0.7135704257985761 0
0.3971896351555233 0.7064208566093484 0
0.3999114508915174 0.7159893993415407 0
0.406868172096495 0.7088337558098156 0
0.4095845389973786 0.7184269225871787 0
0.4165403846419971 0.7112744440794835 0
0.4192557060585032 0.7208720497265174 0
0.6499783213278044 0.8060568901044698 0
0.2101771626056667 0.4895949861386676 0
0.731697999800204 0.3010154536503395 0
0.7066609599728026 0.1158464442164079 0
0.2174552126667992 0.964257009782801 0
0.2207524774612228 0.9737505768200987 0
0.2271818522743742 0.9665847112641599 0
0.1409590639264428 0.4362757629450407 0
0.8602674713675935 0.5654026217104059 0
0.1394061850936711 0.4626633591092961 0
0.2738345127988908 0.746466672822079 0
0.7278308164762324 0.2554298855441848 0
0.7251219327275968 0.245819916799718 0
0.09362068532915141 0.6834037287016874 0
0.08665271722307571 0.6905652639275096 0
0.089371483599681 0.7001782903993485 0
0.08393338921629029 0.6809500840902933 0
0.2414961214056973 0.3459732888909309 0
0.3398381384763535 0.7899535777671794 0
0.4279218310111796 0.1790790768910925 0
0.9262537398375708 0.2248559482760565 0
0.2043998998304668 0.5326845814877278 0
0.1947322681366394 0.5302393500273029 0
0.2017072428520733 0.5230940701457232 0
0.328122736376254 0.2074308211193367 0
0.3184507822870682 0.2049733209529494 0
0.1942480477201011 0.3696246485848363 0
0.2563612488585976 0.6528742743274885 0
0.1433811084093829 0.508231737857714 0
0.855255292023389 0.4838123380334839 0
0.8622267767611896 0.476661343494772 0
0.859519384637374 0.4670488280022585 0
0.8691989762271032 0.4695102296092248 0
0.8664907994053184 0.4598960969530035 0
0.8718639407150857 0.4791302417217815 0
0.8761711841145802 0.4623578186650343 0
0.8734627217501171 0.452743103128053 0
0.8831441619168354 0.4552045892221842 0
0.880435385094793 0.4455895391571349 0
0.8707540989814926 0.4431282480423681 0
0.8777262231893163 0.4359751141687764 0
0.8680522417108644 0.4334739273289512 0
0.8750173835107488 0.4263606111130315 0
0.885890690527529 0.4647575892380482 0
0.9186170248113412 0.9641536921549057 0
0.9062224081094548 0.9520595582164821 0
0.1206454817831156 0.5563657557114942 0
0.3133973612694089 0.06057397146383242 0
0.5408419875732648 0.03797534763019711 0
0.5381293060173349 0.02835346364094238 0
0.5311529653057854 0.03551292788300486 0
0.5284402356238606 0.02589075068996299 0
0.5214629600145301 0.03305063166826738 0
0.06812222435171156 0.7840825133761652 0
0.7347979368583164 0.248280812977776 0
0.2662899772630284 0.8159323077723433 0
0.1370862895217702 0.1051461947931801 0
0.9585105668228971 0.1793854390955743 0
0.8291232814114095 0.03979894369561709 0
0.8264118279647086 0.03017510710355753 0
0.1716317115549389 0.9613513090037149 0
0.8591978797635798 0.3060204892020477 0
0.8619072607696607 0.3156336677819637 0
0.1743369153895979 0.9709770383024339 0
0.9626976775208375 0.1626570417633708 0
0.969677020185348 0.1554971525144678 0
0.3730649675006885 0.04893525199531445 0
0.972366624582324 0.1650999330234679 0
0.359195413646221 0.7948571652872249 0
0.8927532229348234 0.6807673938277733 0
0.8900552708391146 0.6711382827418544 0
0.3146460980025255 0.9263371291013538 0
0.09796845003764137 0.15773863246089 0
0.1180963032265469 0.7699455666040207 0
0.120816101482401 0.7795609979474216 0
0.1381509335640119 0.6500682164520165 0
0.08555118511178994 0.1456679717687159 0
0.9524116677861667 0.8922524387161986 0
0.7151912860710243 0.9123370123575631 0
0.9483394313406837 0.2394000415168848 0
0.238731662151588 0.336314650076141 0
0.2457446538998904 0.3292124282419203 0
0.7823137830879754 0.6081488083228269 0
0.3633757757152549 0.04647378713500772 0
0.9076329403500739 0.3183568964031701 0
0.7989569424918517 0.6034689870842216 0
0.8086490456446658 0.6059199524802976 0
0.8016617906060325 0.6130826498664966 0
0.8113504151585783 0.6155393773058432 0
0.3785521091657333 0.7997605685081803 0
0.8523636984516654 0.9204758025262582 0
0.8453839607616553 0.9276316186233946 0
0.8593440547549194 0.9133192494504263 0
0.05146237653251262 0.7887988769457883 0
0.07696536169285501 0.6881110481294351 0
0.9650066497731347 0.2347013351110898 0
0.1839954396460053 0.1438311892629831 0
0.190965961341619 0.1366732091214783 0
0.1770210541254461 0.1509962774897853 0
0.8106178254010867 0.7402106145932401 0
0.8175927147327794 0.7330587281830854 0
0.9215881660847585 0.3040554883988174 0
0.1327116266177075 0.6308351512825862 0
0.5958290403837987 0.1055411733331352 0
0.6543560197365199 0.05790112311529699 0
0.1091869867764229 0.1338019172230435 0
0.1161626328180364 0.1266383134430701 0
0.2246528841104249 0.06484385335187237 0
0.2273666174989225 0.07446370941246294 0
0.2176777363699011 0.07200501176908891 0
0.216520935432773 0.03597161439279528 0
0.2138061407310795 0.026348699484814 0
0.223496141798666 0.02880792673334631 0
0.8150625720241409 0.276940480352896 0
0.3385735647767462 0.3081929138212209 0
0.5053367000095794 0.1989200639261205 0
0.1140457602933879 0.5011338310438636 0
0.1210209296857064 0.4939327948740867 0
0.8919609726853565 0.8054893192338817 0
0.3979084217928776 0.8046638472881478 0
0.8096446262270379 0.2577113367079766 0
0.8166100446567981 0.2505592308752493 0
0.8069364950326652 0.2480964042605321 0
0.8139009778163904 0.2409444676347993 0
0.6151951778609664 0.110463983186895 0
0.7776530133216644 0.6872178219674556 0
0.770708791164079 0.6943518947791725 0
0.7846194622314931 0.6800792495788098 0
0.9493177617930284 0.561010698505415 0
0.06628786900367745 0.364019078165673 0
0.961417761184719 0.5731060315906301 0
0.9711086166745706 0.5755666243674619 0
0.9682527567096599 0.5665059268334607 0
0.731845248783721 0.07759819726902406 0
0.7783060354402735 0.1787038056788782 0
0.6345590416117542 0.1153864024890486 0
0.3525014450464666 0.2939135439981618 0
0.07033179111885673 0.6328364683128394 0
0.07006021635486637 0.1864062173342452 0
0.6290868484058425 0.8275312437315365 0
0.875362195806109 0.5870457267359529 0
0.9254529648133401 0.3496999414826965 0
0.4693404746535038 0.1986944800077434 0
0.07577143786381757 0.652074678625709 0
0.4463037899919343 0.8169223510931192 0
0.6263682627133065 0.817921395547635 0
0.8036441912459737 0.7473538044854522 0
0.8063479209547004 0.7569680222787772 0
0.4596708595634806 0.1962434868180007 0
0.7713311983128532 0.1858577448457135 0
0.9338347201310597 0.7625456276034428 0
0.2311094625101852 0.182452951250418 0
0.2241633473629017 0.1896282799183601 0
0.2380293518434706 0.1753067383974458 0
0.3727885625571257 0.9411565267283972 0
0.3630998951041015 0.9386832121369723 0
0.02939317304813227 0.2654214290021252 0
0.4656613082440259 0.8218255000017832 0
0.7852796279426492 0.1715486167106529 0
0.7376257467368716 0.03445191465763486 0
0.9198770386286232 0.776860188379267 0
0.9225857197969043 0.7864797954364064 0
0.9128980667329518 0.78401704529526 0
0.4850194994462083 0.8267286263472253 0
0.7640595362378133 0.8622560363134221 0
0.7570826130187134 0.8694089988757423 0
0.7597850693466081 0.879029551921243 0
0.7501035819757368 0.8765626042685297 0
0.7710376669512882 0.85510255705496 0
0.5071379296701899 0.8412561348922152 0
0.8480947580378366 0.107154957992495 0
0.1339343166373351 0.4434713081471049 0
0.7153469327348394 0.6892042427425306 0
0.7126413164312132 0.6796034902103549 0
0.7056755165324593 0.6867422298058775 0
0.7029710132618536 0.677140643271902 0
0.9401548250600545 0.4338279229063287 0
0.9374445073069864 0.4242110760371077 0
0.7012323033972613 0.9266461926946321 0
0.9018614261674871 0.1382552537350252 0
0.05828158774639569 0.5583515182200824 0
0.06099635155139821 0.5679616633273288 0
0.6426887365752496 0.1442320140204988 0
0.652371290945416 0.1466929728038201 0
0.6593386478789047 0.1395416340920997 0
0.6620532362276385 0.1491540783489715 0
0.4865288106354655 0.80036301262405 0
0.6233241258548764 0.1393093957922525 0
0.2984018408275104 0.7705454441534307 0
0.4671729555993579 0.7954602778480767 0
0.6039590857480054 0.134386985513506 0
0.9437260654862795 0.09528784614745545 0
0.944013801428607 0.4794719908650905 0
0.9413034292999372 0.469855918800699 0
0.3265575938822435 0.2337739780584842 0
0.4478177999151937 0.7905576045713604 0
0.5845941586377591 0.1294647530945028 0
0.8969451695941023 0.05705040076791268 0
0.8899743128845097 0.06420169728780512 0
0.3000992572625795 0.235661871115669 0
0.4284630618001337 0.7856549349942002 0
0.4932889753741043 0.9539849621787724 0
0.5652289503814302 0.124542517317617 0
0.734708282835288 0.694117522683201 0
0.40910816527753 0.7807520870054585 0
0.545863295957665 0.1196202458272839 0
0.526497355639066 0.1146979264768475 0
0.8529815076495044 0.4115397701688562 0
0.8556897479940356 0.4212152907650852 0
0.6110069918910277 0.9571855397973731 0
0.4669570883567348 0.1263435686514538 0
0.6233179376338711 0.9693175065691756 0
0.8475652751355063 0.3923118077357144 0
0.4904665640794493 0.1144725424988871 0
0.8421490430899531 0.3730839235020119 0
0.3607205527472166 0.7684941412096238 0
0.836732735844461 0.3538558945317409 0
0.8411210009455715 0.1143170611195618 0
0.8314333143454662 0.1118533217970635 0
0.8341406291321444 0.1214737008949548 0
0.3413650530624507 0.7635906747345239 0
0.8313161935872201 0.3346279453806781 0
0.9039161648297287 0.04988854854891372 0
0.9012194497566349 0.04026374129304877 0
0.9108950134009611 0.04272353478109825 0
0.9081925100906374 0.03311101112734882 0
0.8985092243874494 0.03064017982708156 0
0.9178553333889681 0.03556280031579662 0
0.6985260581686173 0.9170244433453519 0
0.8916317129362382 0.644682522328727 0
0.3256535464029984 0.1350530105204618 0
0.3283678502374691 0.1446612510849121 0
0.3353347410386774 0.1375201874252518 0
0.9707750311208569 0.4148243042182395 0
0.9734074073385031 0.4243710265773134 0
0.2765341524988003 0.7560714577910084 0
0.2668391881038882 0.7535860427298267 0
0.1479470817403871 0.9731637290502387 0
0.665432790133297 0.7653739350651979 0
0.6723946504154549 0.7582178805355382 0
0.293767315300024 0.1180963233175945 0
0.2840424236456943 0.1156359778082064 0
0.6515837546995814 0.717532559090166 0
0.6393883954913561 0.7053596322887072 0
0.520706990236428 0.8892947163091491 0
0.5109234763464068 0.8868166971766196 0
0.1692296943980308 0.7917941797960749 0
0.5640870523640806 0.02590077332397217 0
0.4937802553679859 0.8915442523100282 0
0.02189078310873693 0.6205238118679642 0
0.1655105288648506 0.237369131034206 0
0.7196626317930906 0.449401797658604 0
0.7266410763895014 0.442387974895134 0
0.1461394436808492 0.2324557248760343 0
0.1364681563070324 0.2300021607464833 0
0.7037879260194689 0.8375005338049534 0
0.09261124265917725 0.870655628033405 0
0.1752104574141461 0.2398301876098283 0
0.02703628424719928 0.193362605165717 0
0.07184150227570552 0.8917134214549634 0
0.1831570543281931 0.77746485045925 0
0.9088566081477875 0.1311263942998417 0
0.8739461576680144 0.1669006863416946 0
0.8809221481672187 0.1597422166808177 0
0.7384698864101662 0.8018474200592167 0
0.7454611967165731 0.7947162490417978 0
0.9619550367940262 0.06455849360834959 0
0.6169675187186585 0.3073039832894309 0
0.1274280120327134 0.8347926041891416 0
0.1204710921676097 0.8419692340349331 0
0.3968052707363768 0.8669373406510344 0
0.7249409747094595 0.7537130752407926 0
0.1343928314089533 0.8276235544483463 0
0.3774428011943053 0.8620053429758362 0
0.04816713018400676 0.9038120096581624 0
0.7471102280670121 0.7682028509734331 0
0.3580801718057741 0.8570731639248996 0
0.7442520350601354 0.7586296732019711 0
0.9717839303575884 0.06706515252934697 0
0.9573189859559648 0.9741494248524529 0
0.2795344030810827 0.8638631328355328 0
0.6896544099384238 0.8519271978754916 0
0.02635209599496363 0.09500579475702747 0
0.03334125794256643 0.08786272370643838 0
0.04291482220427423 0.09020712181178719 0
0.04020090553517774 0.08058800901696206 0
0.03105141947660151 0.078140531129897 0
0.03755563350589125 0.0709489533764644 0
0.04716961766303596 0.07340319927813888 0
0.04445158715522507 0.06377651721464356 0
0.03475880102416651 0.06131721654162159 0
0.0417211752925194 0.05415121000934897 0
0.0514069677430728 0.05660923760581615 0
0.0486912930114935 0.04698597364600277 0
0.05838281903818288 0.04944477865092867 0
0.03899891524752758 0.044527074568114 0
0.04597381078596879 0.03736238332326114 0
0.03640186438397092 0.03502103778304744 0
0.061099452789245 0.05906802877973411 0
0.068075111748781 0.05190362277438976 0
0.0653583513232171 0.04228034971438632 0
0.07505075614377849 0.04473924202400281 0
0.07229337594731244 0.03527609323101649 0
0.08201959659939317 0.03760157028144417 0
0.084741975282562 0.04720256031268699 0
0.09171746094773059 0.04003899747553208 0
0.02932531890091528 0.04208765440997775 0
0.08900069287774554 0.03041580026285334 0
0.09869442092312469 0.0328694853063346 0
0.04339769744865374 0.02787598648005096 0
0.02703837015404681 0.03284447274865671 0
0.05297280721107989 0.03022067470195083 0
0.09443447349756284 0.04965873972413587 0
0.05018305997775452 0.0206224847685581 0
0.6684479960537157 0.8736204063423174 0
0.6614559750591208 0.8807582050774398 0
0.3630289699760633 0.6793767844625728 0
0.6754592834664847 0.8663599854714306 0
0.71525239280284 0.7512683993686349 0
0.1526825243765039 0.8940479867811713 0
0.6185696732809002 0.8875047658071766 0
0.6116155250648059 0.8946377928384988 0
0.2461761090194573 0.8107031511948387 0
0.5561869754945445 0.8895087170802468 0
0.5491584794433381 0.8967035798366425 0
0.09410354907947038 0.9416660042995836 0
0.9725070642110234 0.7724301131926361 0
0.9698583357910019 0.7628019838431377 0
0.9752024189821229 0.7820577328568421 0
0.9683021633649422 0.7891927382998714 0
0.4260665831765226 0.7137619005128368 0
0.4289021212020197 0.7233263615757231 0
0.4354640055175785 0.7161130816833209 0
0.4385229718892646 0.7257592572188593 0
0.445105419084318 0.7184620491929847 0
0.4481801653750742 0.7281884390473216 0
0.4550135402419878 0.7209952531896505 0
0.4578879711527937 0.7306474701718148 0
0.4648925301385631 0.7235135173777874 0
0.4675995426565651 0.7331085972837117 0
0.4746115342635659 0.7257643223474211 0
0.4772848613188959 0.73552678642614 0
0.4842927177478765 0.7281746672867715 0
0.4869598518986534 0.7379635715518711 0
0.4938721184958987 0.7309855975337386 0
0.4966162238487145 0.7404706102705204 0
0.7496848484254288 0.7779176681888426 0
0.2366116193793843 0.8082619868180778 0
0.2226693613265828 0.8225018194384173 0
0.9742206906343752 0.1033828950190026 0
0.9714265221594945 0.7364336519376364 0
0.9741331494175048 0.7460488622370526 0
0.9754468023150502 0.656901405700694 0
0.2087143635143129 0.836805701647411 0
0.299188060853879 0.8688842727477084 0
0.3482463517465261 0.0248629369406696 0
0.1807905080573826 0.8654123861140619 0
0.6068033300524485 0.9736933794366769 0
0.691148104480782 0.3797973912900693 0
0.7007445398120933 0.3822951075137339 0
0.1107770740680422 0.9369793509235002 0
0.5098597743256578 0.7259336461683077 0
0.02460143728252312 0.6301817982627164 0
0.971987683518686 0.8967023675696493 0
0.5173505884997592 0.2732991916849718 0
0.9779584251681788 0.5685314502263445 0
0.9741116770266728 0.5576902953446988 0
0.02009448246004747 0.2003975414812676 0
0.6176187510690049 0.6910542920376872 0
0.6105619287072095 0.6975557555023897 0
0.2017584527509206 0.84396268308734 0
0.2762739546671352 0.5331668114230911 0
0.2694234047256956 0.5402862817442559 0
0.2788042968868248 0.5427111611826232 0
0.2721028007649985 0.5498773018230922 0
0.06452900917606058 0.9612771593952649 0
0.06706315025087689 0.9712096091853469 0
0.7178790725516839 0.4777706728086279 0
0.5270632489352517 0.2756245998869837 0
0.1738370307816621 0.8725733386945793 0
0.1763882942975825 0.8821539999139704 0
0.1668657773021271 0.8797298288768005 0
0.5755579704753405 0.2879801709911473 0
0.5727237237831198 0.2784388868177246 0
0.5796618578102862 0.2713034458358649 0
0.5699935278176052 0.2688479067056842 0
0.5630327304712464 0.2759937652429752 0
0.560319433955511 0.2663948687470563 0
0.5533593618469316 0.2735409054279985 0
0.3185368218221755 0.3662336775593817 0
0.6939819716931297 0.6126286019012613 0
0.7169695352890699 0.4396618921651733 0
0.7239351071218628 0.432759563899864 0
0.7142867936414086 0.4302397673339812 0
0.7212315445730729 0.4231975672089713 0
0.7112415336182714 0.4202942009339576 0
0.7184708977188818 0.4135316499809307 0
0.7080107398733436 0.4104634901857385 0
0.5559603643690667 0.2830370390239703 0
0.5463807699516366 0.2806698164252554 0
0.353957353868916 0.9736026870426628 0
0.3651954976130976 0.9746035581308579 0
0.9723332580147637 0.388421662039608 0
0.9750435944134785 0.398044230677141 0
0.332453202537605 0.3513047095359626 0
0.3676054954912686 0.3153396753118866 0
0.2767249523034101 0.4709282704822021 0
0.9736050491700567 0.2003278638686053 0
0.7348518676711664 0.02507845608653969 0
0.2212665416010822 0.01777951504610281 0
0.9741237540122023 0.9068419037858479 0
0.8333572533444056 0.02314303996096773 0
0.9729904234982737 0.710031568595811 0
0.9756992235280559 0.7196540425039267 0
0.1673988337910066 0.9779576218919527 0
0.2794580897352649 0.480446499706225 0
0.3464589518113651 0.3361232713908754 0
0.9772621920548825 0.2468290258183907 0
0.2814919589795936 0.5520122235348771 0
0.274806141566399 0.5594253623680794 0
0.2842455035979958 0.5614995062996113 0
0.277524660535604 0.5689972094190187 0
0.2870106192282816 0.5713474407762675 0
0.2802479306460968 0.5786330346048563 0
0.2898382871194266 0.5811403623169871 0
0.2829814545554559 0.5882706535542961 0
0.2926462736961485 0.5907577431516193 0
0.285714119299017 0.5978791837833006 0
0.2949976994540107 0.5999526838451636 0
0.288370244214525 0.6074126515743042 0
0.2989775167588127 0.6087728996900916 0
0.2912890050360907 0.6168855496255238 0
0.9213243188377024 0.9737798893835004 0
0.9116737290198154 0.9711590639045677 0
0.02526156214491315 0.791211047367915 0
0.02743738162555787 0.8008217705942065 0
0.03745707983943469 0.8031544401953189 0
0.9772288104520392 0.3453358041504841 0
0.975241376303797 0.3356397003549309 0
0.8492444251835246 0.9734312292851024 0
0.839545663255173 0.9708437556571468 0
0.8069703949709918 0.02524099656555345 0
0.7972044892917964 0.02264397190437473 0
0.2773245266533459 0.5069531979108042 0
0.3098272510222829 0.6215302078778971 0
0.02534023700533056 0.2820841464898086 0
0.01747166220170487 0.2902950619344202 0
0.01764740899268213 0.7983136235449089 0
0.6360200616752553 0.0252917414129416 0
0.4719067653131932 0.7161630549563571 0
0.6638524346024459 0.3460292099011358 0
0.9746913195752367 0.45972666611826 0
0.9763782135383084 0.5948537454425789 0
0.2569827167999247 0.8491168122950465 0
0.2596861423753849 0.8587360604307627 0
0.1945286726541676 0.974845571931072 0
0.9051655888934957 0.02393037226710337 0
0.4827735465088866 0.0235866621913578 0
0.3745348490336263 0.02278983681101598 0
0.9755168653515942 0.943301109877873 0
0.9738444204262606 0.9330421152645663 0
0.9783056435272369 0.952611911096465 0
0.3151982849981947 0.257336091188278 0
0.6449093624678605 0.8854245059044845 0
0.1307795775540733 0.4963782995642754 0
0.1279593158953716 0.4868269396036617 0
0.3919854605596679 0.1789769253731959 0
0.5428695474129999 0.172774262487468 0
0.1786993330517577 0.4102152615137473 0
0.1283043431872061 0.4243859128376172 0
0.325409614204838 0.197820540848918 0
0.9769553332863514 0.4690534874119198 0
0.974302400430652 0.2995957959354238 0
0.9770115872114304 0.3092446893200145 0
0.9715850575883955 0.2899715408364052 0
0.1333242233954359 0.2828612333765159 0
0.3498866566148207 0.6682359482247915 0
0.5727042772863746 0.8849329733257393 0
0.6942053785756748 0.3892948439603344 0
0.7035137687394706 0.3918898363964407 0
0.4681420172322087 0.1623336123301312 0
0.2423342281955448 0.1585525457007186 0
0.7501515543208084 0.9745162160119696 0
0.2438792325496295 0.1321630570061127 0
0.2262479999735491 0.3240315368875463 0
0.2097240772423015 0.3288843583119351 0
0.200061716758582 0.3264534484146068 0
0.5325647820886158 0.9013506042183581 0
0.5134543397731057 0.8964464736740207 0
0.9749168588788752 0.6212293792091713 0
0.9776673204347155 0.6308413771667403 0
0.5278355629347957 0.9815287483523141 0
0.2012681771070071 0.5853745938085436 0
0.1930930645676725 0.5565176554975666 0
0.1896868027011394 0.4487628816139358 0
0.1924014399999223 0.4583701951216352 0
0.09535836505918893 0.9772415990116758 0
0.1927091215866358 0.3959948803872764 0
0.8105830174757862 0.5172297694549906 0
0.6907500027258913 0.219002939165432 0
0.2411614285817738 0.1225521217952551 0
0.1930878343001327 0.3336632541688359 0
0.1226473341470751 0.2442252285329018 0
0.3878196295670063 0.1330496843138109 0
0.8846852483548718 0.4288087859001901 0
0.7793129711409628 0.6608175333461322 0
0.7765924993396789 0.6512066675552102 0
0.8928649533916291 0.4575860283583054 0
0.8026656002483898 0.2648668839051314 0
0.1424949401480242 0.4098949622651839 0
0.8943443992950177 0.6543060269687432 0
0.8730499805079204 0.5150988075736318 0
0.8703511255793643 0.5054920360822767 0
0.867240035014688 0.5582510088247415 0
0.521044160170147 0.8269321329643273 0
0.886198985775811 0.6255166149912692 0
0.09586496871093725 0.02369070223265812 0
0.1056004038808722 0.02598033986578896 0
0.1083752859608579 0.03537433944899332 0
0.1153490696092023 0.02821767845287271 0
0.6690198002934242 0.1420012509214424 0
0.6717316280648605 0.1516120230836268 0
0.05980760892517012 0.5319449493009759 0
0.3803502340337956 0.2653074832299727 0
0.667960700192748 0.9359958592017801 0
0.6372768007367955 0.9550047123334529 0
0.92930614552181 0.3952920524638407 0
0.787743534200474 0.6273436710696938 0
0.3991382591028004 0.9389353993164115 0
0.2736207557980881 0.4614487197590108 0
0.7156672001502271 0.4038767924604237 0
0.06971815588856334 0.2488063428115125 0
0.6733094737715621 0.3485519843023206 0
0.8227016512338565 0.5915432913410268 0
0.2243389371477537 0.1272714550311098 0
0.3340158938258804 0.9312733073883683 0
0.02186438196638074 0.1740440408320235 0
0.4509725844708162 0.7378184053671056 0
0.07424670077990853 0.678495707415528 0
0.08121456687060802 0.671333388498025 0
0.4026299261194405 0.7255737996726386 0
0.4119041970829166 0.8886103712687565 0
0.418878809876527 0.8814593659787056 0
0.4161677827848641 0.8718691664726044 0
0.4258479297032944 0.8743381321849273 0
0.4285581198485118 0.8839302906404259 0
0.4355282426678436 0.8768060739998644 0
0.4382383483286256 0.8863988031944121 0
0.4452095076646674 0.8792709607328204 0
0.4479192433600776 0.8888654840584175 0
0.4548905267309916 0.8817375207359561 0
0.4576005701414997 0.8913312160499344 0
0.4645766435754587 0.8842027934591083 0
0.2140878282111574 0.5351466693053171 0
0.2222326898006041 0.5639625975765267 0
0.2303756322046839 0.5927745999225696 0
0.3736168738278115 0.7182289776099874 0
0.4790170168849661 0.2011558693562639 0
0.8688841567890646 0.3084861629387211 0
0.5419725118823301 0.8054744233733843 0
0.1170829143123104 0.4483289165677055 0
0.5769444100032926 0.2616996100540846 0
0.1256348753188895 0.4147286766961892 0
0.8720051532222851 0.2557197186372921 0
0.8650313399667652 0.2628759932585377 0
0.2678928522789446 0.5666141821079614 0
0.8634722573251229 0.2892622034262975 0
0.2521061043611425 0.6696236740004078 0
0.7336049032803403 0.4352495105261792 0
0.742528554695095 0.3394447156906527 0
0.8866276502754663 0.5630564354982271 0
0.5570948460750244 0.09569535728571349 0
0.8861260224057343 0.8486642756307445 0
0.9156066647255907 0.7936357586308384 0
0.9059201774821782 0.7911700288150363 0
0.1131869308776325 0.4026950150800108 0
0.7417475196529445 0.4640648190711484 0
0.1323710955979552 0.6932223776753718 0
0.3866252430108821 0.09703292251712725 0
0.3963199896791401 0.09949804803711859 0
0.2965813472188942 0.6363222712698611 0
0.5119278406359026 0.2540946236271417 0
0.8951773808849534 0.5294764773952566 0
0.8854838556532562 0.5270395749498314 0
0.4587071342288637 0.09747415126907322 0
0.1738267374900674 0.7126468750758667 0
0.1807898709575682 0.7054849205829556 0
0.1780925514521606 0.6957900520186722 0
0.2574103702738939 0.465922849250539 0
0.8244550147003397 0.1190104536652866 0
0.8271633903412439 0.1286311095480803 0
0.7690403365586291 0.1138491397120129 0
0.5479210777180791 0.2543243888637188 0
0.6597211395789471 0.3005542477242263 0
0.8967115677143116 0.5030716177776061 0
0.8870164773467599 0.5006493476603222 0
0.1016202154476875 0.4890548511603368 0
0.8990371870143671 0.5751058717473629 0
0.9285646380148371 0.296900959560976 0
0.9188781490097776 0.2944377413753109 0
0.4700081045894464 0.9034179929056708 0
0.1004311571173643 0.4530341521106094 0
0.1777380471369059 0.7582584187775071 0
0.1874216501496477 0.76070911174032 0
0.1943863605353286 0.753548252813324 0
0.313517277293208 0.7922074519428965 0
0.6880074306669637 0.2093385213853011 0
0.708373562890054 0.7584072883673929 0
0.7056139028225379 0.7488121655084807 0
0.6850837702041653 0.8688873500941985 0
0.144060439049447 0.09798286004565249 0
0.08745883456256676 0.05682296941367254 0
0.7494430281382836 0.5551921937346973 0
0.9036178903217836 0.7191711554517921 0
0.8939332391889057 0.7167053094941804 0
0.8912053151400001 0.7071091267781262 0
0.4469279506943707 0.2465071006793747 0
0.1836180312935773 0.2062532741507784 0
0.1933036620905086 0.208709348360934 0
0.2002742786215279 0.2015497592919588 0
0.2029887809619531 0.2111657978103905 0
0.2099585406413959 0.2040075593055972 0
0.1960181424268063 0.2183255573706306 0
0.2127163180851613 0.2136339416739698 0
0.2919840173086815 0.2068411457789997 0
0.3017182693091476 0.2093815145677298 0
0.8789793564879342 0.2485633771266855 0
0.2072932999674553 0.1943802268269552 0
0.1561014252516237 0.1724851853341944 0
0.1630723077490285 0.1653258875782629 0
0.3952453419643006 0.8932946258346858 0
0.2190708691392464 0.3937938494465813 0
0.1023196977936056 0.3642278403801981 0
0.3672582842463255 0.09211207099663621 0
0.3213969715100773 0.1518165083204989 0
0.8944811311079301 0.2078484243809442 0
0.9030088830396303 0.174286708606348 0
0.09141724679158225 0.8346298668919603 0
0.440948352978668 0.8960137620368809 0
0.2644673247801024 0.1730673060040661 0
0.9210217753927554 0.8128845722523812 0
0.4989937929296408 0.08092608361833409 0
0.1112393376747957 0.26824002518346 0
0.6318024869943124 0.8371421584278222 0
0.6333317368179894 0.8107636215228762 0
0.8610749348834676 0.4406607950034178 0
0.1336641949671972 0.2203665636788311 0
0.1267383314165604 0.2275381235552997 0
0.7624600825371635 0.05858345245480423 0
0.5195740449889822 0.9517778029891383 0
0.8513243777895594 0.6613002235302328 0
0.146778048284754 0.1076024118000409 0
0.3173565847576968 0.9359593565356786 0
0.9185201061458361 0.1335657995649305 0
0.9158503590565636 0.123967036901582 0
0.08130322196711814 0.1624461578979538 0
0.0601501309097105 0.4696156631765808 0
0.0815430904514895 0.8941335854201694 0
0.07876645483947509 0.8846062201303448 0
0.08290177403207893 0.868132357432329 0
0.9381824322913095 0.5225472460207427 0
0.07079153384061548 0.06152692993808273 0
0.06381584871179341 0.06869135122279357 0
0.54626861802183 0.05721773607813779 0
0.4284786651145775 0.05407818325690439 0
0.6752022336546486 0.2599018022762447 0
0.1440182598215586 0.3835136029027477 0
0.7345554928232311 0.08721780818266278 0
0.7248683727524164 0.08475586737039026 0
0.9535234062171534 0.928364895616849 0
0.9439260750573355 0.702634586961929 0
0.9509045458592182 0.6954788098704003 0
0.7190382320043273 0.9579822091603802 0
0.7120615471562188 0.9653587381979934 0
0.858709823857785 0.591780088055283 0
0.3494342171434646 0.06079370921980715 0
0.8728816979941811 0.9614404019496543 0
0.8755894386350449 0.9710656686953799 0
0.8852792933956324 0.9735331485535812 0
0.8782345172255424 0.9817319770383524 0
0.4457619257155487 0.210543475173449 0
0.08674140253519169 0.1816792670292959 0
0.9417635069286396 0.1841360739472074 0
0.9485230948094803 0.8466859655387307 0
0.1727589837777569 0.1677836971222779 0
0.8120602269972718 0.9370061936594325 0
0.8217472446655538 0.9394724284235678 0
0.8023731557834142 0.934538811550195 0
0.4187917000938662 0.05161764994419388 0
0.269931209473335 0.7008952798571666 0
0.2714361686736777 0.1659108186149466 0
0.2732039592780168 0.8087898411483705 0
0.4406560155771042 0.1285690306642037 0
0.4475985994218523 0.1214229516667359 0
0.2117549285133008 0.4632690641737403 0
0.2047559631225585 0.4703610951606705 0
0.4136144452446825 0.2559327367702942 0
0.7885302687937696 0.5027114217186951 0
0.1180741955807684 0.03780497568191621 0
0.125051961084458 0.0306350491714355 0
0.1225129945004029 0.02170756167260979 0
0.1322645335079792 0.02392048168983096 0
0.134785838606735 0.03316117178075417 0
0.1418593341934211 0.0260966433386044 0
0.1444687235056423 0.03558417919495427 0
0.1514428398437108 0.02841417765062226 0
0.1541317264604815 0.03800043817711563 0
0.1611118798251995 0.03084257817512864 0
0.1638236839492939 0.04045940498548417 0
0.1707991584382077 0.03329550578182811 0
0.1680836302235752 0.02367348259601865 0
0.1777712877595775 0.02613521386698914 0
0.6582766120007256 0.9335255342389042 0
0.06818172138756462 0.2752093904286896 0
0.8568108517613391 0.457435188612626 0
0.0708973351328066 0.2848264575863333 0
0.2119532944570995 0.9448256578795518 0
0.2562269612338237 0.4299492091708643 0
0.9755250641997746 0.4965678037018567 0
0.8788037561335819 0.6950762849424066 0
0.3409944811609962 0.9241199813417311 0
0.4714880407644682 0.0471442704425481 0
0.2796060172633266 0.7033454366757041 0
0.9373624350412535 0.6473765514945988 0
0.05777969170582875 0.3975833287468341 0
0.370079668571718 0.9315312856821302 0
0.75504262248547 0.9581915885638406 0
0.3380495841823268 0.1471218904525854 0
0.3450012345530884 0.1399705593097145 0
0.6774737052209769 0.8398017315885856 0
0.8618236727796762 0.5390269379761443 0
0.06268220127036883 0.7648474166341263 0
0.2203940465678434 0.08162548249514667 0
0.2107035051546328 0.07916660792555519 0
0.6848747353155201 0.2623597392636876 0
0.9223333592883101 0.4024465815485332 0
0.7896839052050885 0.5386762590893572 0
0.7865748754002513 0.5913983810277337 0
0.3349365630910841 0.7084414193414337 0
0.7449917513759714 0.1880858032191172 0
0.7546737507790318 0.1905474675828017 0
0.5273993468515717 0.2134410953839377 0
0.7771543521511324 0.142696302131978 0
0.7674698338962846 0.140233687975619 0
0.786838926056004 0.1451589644969514 0
0.7895482821380555 0.1547775794367979 0
0.7965233677052779 0.1476232085875726 0
0.9362842083825902 0.3881538962311002 0
0.08002314572465052 0.6352966905468594 0
0.6083089023199781 0.9475730281480421 0
0.4590768549849866 0.03511296439552208 0
0.4558381728379147 0.02456761442006394 0
0.06700281963746935 0.2391884257300304 0
0.07397575997943012 0.2320262454040701 0
0.2219433239444801 0.05522227205910823 0
0.8822715165876218 0.8030283801487318 0
0.06049872133569201 0.4072001210072406 0
0.8020889319709905 0.5507338293932125 0
0.8118076218230296 0.5531638646381687 0
0.4230244958617 0.03494358534863939 0
0.4203853133829628 0.02590380212733789 0
0.4293104960908086 0.01840666030761806 0
0.06546077855201576 0.2655972879413013 0
0.9594447827622677 0.8844578472731535 0
0.6236542542079559 0.8083104015907092 0
0.9481945625127464 0.6858583497454882 0
0.865273932318634 0.6469939302866503 0
0.8555920438631321 0.6445321431681577 0
0.7122950185622661 0.8039910314323605 0
0.715013357798058 0.8136008639776134 0
0.7246178601925901 0.816044578441621 0
0.7177345674151607 0.8232183449286175 0
0.6891380121435264 0.245591889991044 0
0.6961061191116529 0.238440771148446 0
0.8287245716797926 0.932316014817862 0
0.93046287540365 0.431354560851351 0
0.9032034426857929 0.7815595083162948 0
0.03908467583951808 0.2678786965128333 0
0.06796490186949455 0.5608064258561893 0
0.3737930175884896 0.2101025171314985 0
0.376503382247014 0.2197117183946624 0
0.490579514076663 0.9443640586257316 0
0.7291360502532163 0.06797894714259989 0
0.7361107017586558 0.06081854273105408 0
0.9241370288729736 0.7600913896052504 0
0.2051426669864373 0.4081046196816205 0
0.2148214794905314 0.4105540816292939 0
0.3779771673132313 0.1932791514722146 0
0.3752351052314163 0.1835370556300493 0
0.7560486765120289 0.3874541940294657 0
0.7657211608608714 0.3899107333092248 0
0.7684283249891886 0.3995165006825727 0
0.775393345212506 0.3923721035308573 0
0.7781014132705535 0.4019758840949778 0
0.7850571120756713 0.394817841524674 0
0.7877872131974755 0.4043891977550311 0
0.7808107451783801 0.4115750334391757 0
0.7905092173837127 0.4139994539928887 0
0.7835207977489134 0.4211812033968927 0
0.7931950251651578 0.4236409208386953 0
0.7862249168378974 0.4307941696929459 0
0.7958982389887383 0.4332550284576613 0
0.7889310574368649 0.4404034167624064 0
0.7986043984734859 0.4428645324277856 0
0.7916379327977006 0.4500117265945171 0
0.8013118575973179 0.4524721985499855 0
0.7943452717486529 0.4596192941704614 0
0.7823725087696467 0.385173800747583 0
0.8040105384600973 0.4620714866445396 0
0.7970440430257076 0.4692207908068181 0
0.8002354651136783 0.4163928233036363 0
0.9675988842482607 0.6907775064215651 0
0.9772639530411508 0.6932625767233448 0
0.9343162077823171 0.4769797896716809 0
0.617876093519898 0.8514581551453584 0
0.8341296477099445 0.9515680958176296 0
0.6221244439871916 0.8346889238426706 0
0.05164991384279938 0.5030815046058499 0
0.4324796603722595 0.09970646340825834 0
0.04691518974583853 0.3590939881601675 0
0.7992318852652702 0.157239970291726 0
0.8062067992648729 0.1500838499242179 0
0.8035011412121762 0.1404692182739355 0
0.8131825628078433 0.1429327982383963 0
0.03450417742973266 0.3470383423396369 0
0.02508871338240376 0.3445066770805398 0
0.8954633575863296 0.6903591018176015 0
0.7180758961287139 0.6988004033276489 0
0.4130321549914482 0.09479689898138333 0
0.5935133433447417 0.03351110428269755 0
0.5907963814766459 0.02388339776008092 0
0.5962235370237716 0.0431296612240667 0
0.4473086112428106 0.1841316239340858 0
0.6109178166216024 0.8586144217157197 0
0.684616571830612 0.931309007845295 0
0.9238901008855588 0.3760659165541083 0
0.8284133066350126 0.7715245589412115 0
0.8380957386339494 0.7739859032230012 0
0.8187322684230612 0.7690591482332696 0
0.8450719298951115 0.7668269291148748 0
0.6066987260946783 0.875393050398557 0
0.6539431762275503 0.950319584955985 0
0.9574658365472724 0.7507431466023093 0
0.9477783645773293 0.7482785034985446 0
0.2919246772796382 0.8759027308145858 0
0.8699475841813611 0.5678655762420708 0
0.6852064659126185 0.6458701448657718 0
0.6824026023959717 0.6357696636283625 0
0.687911669699392 0.6554737388757611 0
0.6975685080559801 0.6579272218274842 0
0.690614472414752 0.6650788329634758 0
0.8714941256258211 0.5414792706994376 0
0.2578184870023686 0.117855760031609 0
0.6960023950765792 0.684289045091042 0
0.8996421527337103 0.06666256803556586 0
0.5056223933335724 0.9660825898639899 0
0.5082198577631316 0.9756073804114491 0
0.9521296041600392 0.5082591842443765 0
0.9424447523582957 0.5057926894766444 0
0.1971678978096988 0.7631146882081083 0
0.04894458327536888 0.4934804322436899 0
0.8043705071441374 0.6226823874358334 0
0.8140804627484342 0.6251295696755838 0
0.7272919469291347 0.8257930193320551 0
0.06031966931101834 0.02346898948084286 0
0.9691810866084807 0.5039371773590157 0
0.9776453332320832 0.505606893365402 0
0.03652782166590718 0.4814684113837314 0
0.02683210271218978 0.4790225138368873 0
0.02410929153467339 0.4694136115784842 0
0.3278427000307634 0.9745457367240785 0
0.3378819202538558 0.9769294231666745 0
0.1790251158732629 0.7941472664707379 0
0.4517737069402913 0.1046391344745542 0
0.7063206100141817 0.8472084643444646 0
0.8587512072397933 0.9757107555584118 0
0.3123719127188469 0.7562140167101703 0
0.3193636272710941 0.7490635017170182 0
0.1023879530060339 0.8730046519972889 0
0.4040779982168027 0.6995332405255711 0
0.1305142488863288 0.3354241588989013 0
0.1401987173405532 0.3378808262471784 0
0.06203722948021606 0.8893721551264506 0
0.3297693669969969 0.1182936679848929 0
0.32698677604354 0.1086530653696548 0
0.2675174697021638 0.1203172916944334 0
0.6528060216860576 0.7534729889685112 0
0.8041737347962756 0.2385573393170849 0
0.8111371148701479 0.2314159726535636 0
0.820862884769047 0.2338042624766208 0
0.818135177309674 0.2242195961631648 0
0.6446584448602402 0.7246849020071996 0
0.01875649866277951 0.2625736711278771 0
0.7438270166012833 0.9821666536540988 0
0.7403631092683051 0.01774358981663482 0
0.8991442618863912 0.1287488169639145 0
0.6431379811783535 0.7510252406827096 0
0.640416534429523 0.7414058253597476 0
0.9576537177723701 0.08112382896895615 0
0.02277918903486953 0.2101494073206772 0
0.6260887257738786 0.9786478654787601 0
0.4478895735791325 0.282050198970919 0
0.454628335704075 0.2748043943642193 0
0.02419263525220439 0.5320792793337075 0
0.01705940827726682 0.5386542533871906 0
0.9670803423931216 0.9761633367837075 0
0.9740506649951148 0.969278415761972 0
0.02384815357970838 0.371483269186129 0
0.9772020357010194 0.8541919193175711 0
0.9745594621194369 0.8445498406350291 0
0.9651387160097351 0.8420083301409391 0
0.972111436905533 0.8348524356845072 0
0.9417370044613753 0.02383334740515747 0
0.9345344926085328 0.03085455712442819 0
0.544012822451681 0.7164060114494664 0
0.94888349280783 0.01647787126415157 0
0.3153092590929889 0.8639790453391674 0
0.3221792238194188 0.8567813536762872 0
0.5450813636399978 0.9750014658129473 0
0.2296326360569566 0.9759316342565127 0
0.2367422300116516 0.9690163998900239 0
0.2227751558231266 0.9833277936152018 0
0.02426146683340819 0.7549349685914979 0
0.0309452957065196 0.7478500939062054 0
0.02160780474509838 0.7452950840203202 0
0.02824552882777492 0.7382231893393107 0
0.7050893792228166 0.5891644968695444 0
0.4316199578531446 0.285781797230749 0
0.4907210476570191 0.2752366524260466 0
0.5007849878221411 0.2774932327541927 0
0.02566445642910103 0.2454680128387506 0
0.0803361744521896 0.9561407317340394 0
0.300399499947122 0.3965246356385937 0
0.3076636054935505 0.3895057637847787 0
0.979597549778648 0.6041958156468278 0
0.9766163623992209 0.9778920845592971 0
0.9798605497110079 0.09537623870784212 0
0.02289875373462436 0.7817842257623507 0
0.4560536195304287 0.979678831676055 0
0.02203611632588331 0.906210794328661 0
0.02481103549167057 0.9158178406915696 0
0.0341240826291081 0.9183805845755357 0
0.0272052788292948 0.9254202394652005 0
0.6628693716551106 0.02455859510554181 0
0.6530841882703768 0.02253022507343638 0
0.6792616509594389 0.3676257569780604 0
0.5186397661381003 0.02386483134460771 0
0.511758036264514 0.03066238948270095 0
0.5144889516775234 0.04022489278674657 0
0.508708416959138 0.02104512375552126 0
0.02357226929048251 0.8174529002774238 0
0.5272739601061035 0.7214778952389089 0
0.01932190043426957 0.8342418767323909 0
0.5486981172865951 0.2898920027123078 0
0.550966642524128 0.709653273789734 0
0.2388064663186789 0.9779630610110066 0
0.2463234849011018 0.9713735252255283 0
0.2486080671281798 0.9821151929755305 0
0.2560438887387421 0.9739862158785827 0
0.9840128367608801 0.3399703897693738 0
0.4821375847566931 0.9775982334555537 0
0.5254482939604358 0.01601812667573921 0
0.3652079208459801 0.01982455319214038 0
0.231333257457196 0.0223828614713576 0
0.7154745771591114 0.02034609895659972 0
0.8235188793502951 0.02116820633689087 0
0.5975230628313295 0.3024189550732783 0
0.559828784611447 0.7129002613286752 0
0.02249702645359258 0.299738317266581 0
0.6895305141898447 0.02283036821330703 0
0.6804385172600443 0.0183327239669181 0
0.3221222325684172 0.6338894319715472 0
0.6675070594591775 0.3554997845501691 0
0.01872128817915425 0.7358509758921854 0
0.02575611126197208 0.7285581064542233 0
0.1314471354212947 0.9773166469860715 0
0.984789841404263 0.5974593871661925 0
0.9805232908754277 0.1939866438725367 0
0.9318622264169325 0.02162819234357655 0
0.124607282380697 0.9851291635442747 0
0.02360482671285385 0.3341305622985515 0
0.9793593799444551 0.2566691630975189 0
0.9730752602868002 0.2635914323554828 0
0.9774110480654331 0.7918229395076546 0
0.9709247056936069 0.7988410988930517 0
0.9801062885712221 0.8016144633932785 0
0.9735451977744666 0.8084261531270591 0
0.9850380212131461 0.7849178066836182 0
0.705949484365881 0.01787136661875149 0
0.6245577213570381 0.6838871084180044 0
0.6339998091497032 0.6861128794242566 0
0.6312845749986565 0.6765148447160659 0
0.2833577568536202 0.5259815362865577 0
0.01879364388334331 0.1650800946252406 0
0.02533079919943171 0.156356658040407 0
0.686752966499077 0.6195130988956322 0
0.984092541229169 0.6858455925893746 0
0.01886948185861986 0.3615975604284428 0
0.8295901364185366 0.01512974943952361 0
0.5200587002134607 0.2828998355641157 0
0.1777995808393077 0.9823066078272318 0
0.8052696520317379 0.01590958166281153 0
0.1144411744329664 0.9825900023467043 0
0.8607887557300887 0.02145191464995139 0
0.8707204479283757 0.0239480894081554 0
0.6460054433482237 0.9843701653526951 0
0.491189245307265 0.7212593669630332 0
0.01934110053197485 0.5491072768744617 0
0.3719001586055196 0.0129068421596632 0
0.4232943873904734 0.7040011419669818 0
0.1757174100469575 0.01651634492497467 0
0.9871409145720554 0.2495568038371856 0
0.4729856114450986 0.02160508862334293 0
0.4666671787302669 0.9835092956730385 0
0.3478776539461196 0.6575124384268662 0
0.9830886170309455 0.8381053963364812 0
0.979155603966136 0.8276763236902174 0
0.96945386253446 0.8252152903289631 0
0.6963519642497438 0.3988914595781196 0
0.2861940899424392 0.4728799596802018 0
0.8957999843460869 0.02101401523313506 0
0.6620953832746042 0.9788070877320497 0
0.01745840502221258 0.9230955370817517 0
0.9824578945142082 0.5786052572834059 0
0.02018059599056166 0.9327175833124464 0
0.545046250135269 0.02143057404817145 0
0.08628525518043262 0.02078708330902729 0
0.6968259383066597 0.594917600238451 0
0.2907170983407218 0.4832154348787052 0
0.9849821202841202 0.945205161494902 0
0.3020636363945406 0.5927604399885171 0
0.0198247051537962 0.138908265097857 0
0.04311963543001285 0.9827508725207671 0
0.0533007094210205 0.9852329339883112 0
0.9786310209666742 0.1577712933973396 0
0.9760028604802302 0.1480057324627272 0
0.9826418964808741 0.1675782263290336 0
0.9879773684793508 0.5705316846038968 0
0.170059122224262 0.9877602424951203 0
0.01958126635996055 0.03959415403976541 0
0.02232729687862411 0.04923353243782475 0
0.01311770061623552 0.04697523312863461 0
0.6528473355742651 0.3439680382036885 0
0.0119086474944709 0.1716603248433248 0
0.01743037508792966 0.6104224518192845 0
0.02612377718508258 0.6036355141883558 0
0.01161607535477116 0.6189681822668843 0
0.01700485580683819 0.4769571395628163 0
0.01441577542866934 0.4669596567791221 0
0.02170937298110992 0.460296723008557 0
0.01975876760023082 0.4865954008087925 0
0.01388905193694978 0.4946217205295619 0
0.01050330427882817 0.7446298767516097 0
0.03391389613954188 0.9803200735384491 0
0.03098542163575857 0.9704935695889101 0
0.02428068950839279 0.977563458026909 0
0.02064855163705731 0.9679429427226169 0
0.3289277501658115 0.01965506366531133 0
0.3219215393998287 0.02697723126910312 0
0.3365770638362389 0.01305420325711076 0
0.1487183461184353 0.01850682732504527 0
0.7176276073606489 0.5121428538615135 0
0.7219093652872136 0.5225334244998141 0
0.9830170891869323 0.04281976564882461 0
0.9853642582380147 0.05255452100433033 0
0.9802648728585209 0.0331793323471003 0
0.9863029537699209 0.02487398443456884 0
0.9762179136386535 0.02473721928969075 0
0.9795702475647929 0.7652477682750888 0
0.1663761991274361 0.0141451719460981 0
0.982794766708558 0.7123559630091187 0
0.9846691842242914 0.7218259576141014 0
0.4917071263411932 0.9805640250500686 0
0.01454315853704241 0.9755182850871403 0
0.017199786988358 0.9582233440686727 0
0.7040197452127218 0.4268315216765109 0
0.6659187116016781 0.6402156759384425 0
0.8421427760619418 0.9808195043529955 0
0.8325443250023574 0.9780437842999747 0
0.01724761742251224 0.7605667655500785 0
0.9888459294434779 0.8301430246323493 0
0.979522216764074 0.4173834885937673 0
0.9831365691907594 0.4274532588552694 0
0.9844172527768449 0.6234797079142712 0
0.9868415917488513 0.6330300742914712 0
0.9804090904360468 0.6404802712969717 0
0.9823329472045985 0.3910545291092214 0
0.9802432035973114 0.3813368580470047 0
0.9843578624935552 0.4008590797740393 0
0.987488201168447 0.3735263305923329 0
0.9783019213875089 0.3712442550437793 0
0.9860950934550713 0.3647276471344709 0
0.7167185430603618 0.5012646416857304 0
0.01784022226930626 0.1019874815552225 0
0.04020574114572167 0.0187575343457122 0
0.04701339170578933 0.0100903245488938 0
0.03013271324298311 0.01763207159745617 0
0.3584034316018858 0.3472968283323706 0
0.6419930951814097 0.3471258537055907 0
0.6436342553808299 0.3372939339179432 0
0.6357940384553386 0.3310892133657252 0
0.6804669340128551 0.3952620858866531 0
0.3741117586075803 0.3337722778453376 0
0.3646115861172918 0.3302282988120236 0
0.3189623956685047 0.6042481677457738 0
0.3087272167025797 0.6058419755327166 0
0.3308771339360201 0.6211304687336563 0
0.6262865477464455 0.6674279841833266 0
0.6976989947454941 0.5661778497164013 0
0.7071916272504072 0.5642106644709685 0
0.7121999961851272 0.554211358680069 0
0.70399292342742 0.5731346374238708 0
0.4095681667956475 0.312216366044983 0
0.4104490764060748 0.3022010624447857 0
0.4193328537903267 0.2984797919509142 0
0.4011799339088783 0.306721281742352 0
0.3921868068874281 0.3118763764229063 0
0.4023222125343255 0.2974497369806655 0
0.3922734395197874 0.3016398599962182 0
0.3024290761152068 0.4336197022990483 0
0.2962821500363293 0.4262903276573535 0
0.2996514423471869 0.4170233607717621 0
0.2934953059134348 0.4359694996606841 0
0.2897234490736716 0.445372603699118 0
0.5904280783537735 0.6877768493875307 0
0.5894638462091377 0.6977973583451339 0
0.5801648832277579 0.7020435446258809 0
0.5884038805335264 0.7077283400826989 0
0.59576560988171 0.7032462147164305 0
0.579409261045682 0.7115278105296976 0
0.5730037652427978 0.7062027801659106 0
0.5877927257428676 0.7180359724309364 0
0.5710117914226961 0.3042614111675603 0
0.5915031371311712 0.3109386250730074 0
0.4485528110613042 0.2984132260903523 0
0.4686197379447772 0.2938733252684694 0
0.4618699103025057 0.2873152112349581 0
0.4719589947083911 0.2851175354268724 0
0.3583591341961905 0.6530287933124871 0
0.3403310952181189 0.6495898333537193 0
0.341672541501102 0.6383099243103227 0
0.3333328974090046 0.6440665238261938 0
0.3741750507720741 0.6661156284187676 0
0.372904046269681 0.6756824414185023 0
0.3811175974006452 0.6836569082971909 0
0.6679291578605124 0.3766624999245961 0
0.655455375060913 0.3624456547735097 0
0.6693492236567968 0.6217538001812969 0
0.3440010715608663 0.3624926220500649 0
0.3309230443674608 0.3784242079248543 0
0.3216179489653753 0.3764855456775795 0
0.2972048868078294 0.5467516688324384 0
0.7064392286981623 0.5258559175154792 0
0.7149776153269239 0.5314219319148177 0
0.7127845815856466 0.5424063825545693 0
0.7073271590529249 0.4735557558712671 0
0.7083725146758291 0.4838434023422184 0
0.7164549808921479 0.4897079447008417 0
0.5414637254923376 0.705305976072532 0
0.6907512384684474 0.5856869515864189 0
0.6902987237965706 0.4145459312994364 0
0.6808762143166609 0.6038637880817481 0
0.4094445034002545 0.6870619008308703 0
0.3179386728043886 0.3950155690088239 0
0.6080899948374167 0.6779309205373826 0
0.6094280929168125 0.322431457069697 0
0.4486706978265138 0.7017638059898229 0
0.3027598908283714 0.5662594596890599 0
0.7030577293331495 0.4534778005341475 0
0.2918778531048323 0.5051125151620395 0
0.5206053024268087 0.7069658985720404 0
0.517186477681414 0.7173032752091385 0
0.4786147820305046 0.2925590587329098 0
0.4826798989839895 0.2826247552410788 0
0.4996220130767834 0.2920204409528132 0
0.5000000000000007 0.7085740813517991 0
0.4790461160291908 0.7079535821185077 0
0.9813882498908624 0.9007556870566794 0
0.9801655177039439 0.8902429303429433 0
0.9902323897139296 0.8834939035802952 0
0.390789089987915 0.6779812606855817 0
0.3919867228086964 0.6880213541101354 0
0.6262282157707059 0.3340391542043105 0
0.6280976003289349 0.3247226608996406 0
0.6201798129968804 0.3176037045118362 0
0.3096856915721004 0.4147841103510733 0
0.3916323293627415 0.3218410797635395 0
0.3823196521431165 0.3166394344786151 0
0.7033446936675514 0.5464120993814826 0
0.4279427063590268 0.3044884160788595 0
0.2966148833988777 0.4534688428579616 0
0.286852808783627 0.4547128829253624 0
0.9825953369643161 0.7385307298051704 0
0.9835820115575342 0.7498347342663008 0
0.01535314189482551 0.05639757203619933 0
0.9782407192447289 0.8788747743662353 0
0.9695927309061856 0.8869602568643418 0
0.8509901823090895 0.0174958020081461 0
0.2560990592835415 0.8132634151811771 0
0.5977473336750656 0.01671985266291731 0
0.5883604778257386 0.01505314973611538 0
0.5812773155314653 0.0216246169823725 0
0.3192007143062763 0.0173867840333719 0
0.3122253595926039 0.02454370780254223 0
0.3089252746537582 0.01582829817055947 0
0.3024508034960425 0.02261654769275478 0
0.3052345223326037 0.03179845681782839 0
0.2955424647022802 0.02935347164916158 0
0.2982721827116835 0.03889003071389985 0
0.292760858100548 0.02066157058703849 0
0.2858514445493963 0.02698014679541888 0
0.2825565312971662 0.01636086767251321 0
0.2760735760761558 0.02422813406241209 0
0.672617448793578 0.6320930813625835 0
0.2821693253072545 0.4902049176131855 0
0.8340805905216051 0.9872487190738608 0
0.8255768833102822 0.9851362040514657 0
0.8516463248302943 0.9829569203398355 0
0.01697020035076602 0.09056220732135045 0
0.8892559257157139 0.9829927853675385 0
0.895430340997919 0.9753731304674202 0
0.4408228060830406 0.2905712231310097 0
0.5998948399827801 0.694654693492838 0
0.7146568232254178 0.01006149070477252 0
0.5055427233176465 0.7170121772129956 0
0.5924853288096693 0.8897389903118536 0
0.7956702799645747 0.01306347566949151 0
0.7873932213743698 0.01885463879643379 0
0.7779243506050333 0.01690066165125559 0
0.3029115522346356 0.4067740881620672 0
0.6825733914505724 0.8591241941414529 0
0.4839059623793722 0.9864258725482383 0
0.3092833520075629 0.5854690214876326 0
0.976351375495597 0.3611478253541087 0
0.02524224725096497 0.008908202684374034 0
0.01913774242879551 0.01834257460882827 0
0.4687047528127771 0.7062807065747621 0
0.5035552407916791 0.8939948730428089 0
0.501049955561285 0.8843807221784147 0
0.5012973624882066 0.9828100542470171 0
0.4618742796108677 0.8745604208513296 0
0.9898094345923105 0.9543795624764297 0
0.4425123859645104 0.869626779964032 0
0.4233517554269899 0.8647482003656384 0
0.01898606743945713 0.8966832625646686 0
0.01622070107011919 0.1904698554449248 0
0.01038303151703035 0.1991106978321639 0
0.1855776108570295 0.01947940893842731 0
0.1922113952110771 0.01467463622935306 0
0.1877606320662718 0.6982873851641338 0
0.1905626932761635 0.7078799039896984 0
0.1959123470676389 0.7271635881082262 0
0.1986912594982715 0.7367311635836361 0
0.1660207780023912 0.6214127977110688 0
0.2041929829346421 0.7558621316144125 0
0.5707799610325905 0.6972072057268165 0
0.315728368884836 0.1953653182685521 0
0.1497366248264749 0.5636821198597858 0
0.1443060372039854 0.5444670893671787 0
0.1389416857736842 0.5251729814974414 0
0.9138181629973425 0.9806402342061961 0
0.9235073151625437 0.9832357576650188 0
0.9057419082169396 0.986425587161062 0
0.444568964620714 0.1744152246627927 0
0.4611850309582179 0.1696023389647427 0
0.9813201408192437 0.2925932923865835 0
0.9785699973774192 0.2828383650934782 0
0.9900145003631886 0.2845549154258739 0
0.9854648777922035 0.2753957197174784 0
0.7897483037579374 0.02902589160755864 0
0.4944757443451659 0.1601174369025143 0
0.1633136173013641 0.6117787999912295 0
0.153617634448555 0.6093657872524134 0
0.1605878384570391 0.6021907180608265 0
0.1509016046602119 0.599757550394368 0
0.1578885396448706 0.5925396179583291 0
0.2731643191399679 0.01533739863393413 0
0.2664838620955139 0.02187122658547314 0
0.2571366411153905 0.01623229016296662 0
0.2688255191962939 0.03105024261905376 0
0.2575255146051761 0.02696091552294255 0
0.2486961701478187 0.02103069907243016 0
0.249065582169739 0.01146130628961067 0
0.1267697210121832 0.450785055829535 0
0.5331980336682236 0.170291464726157 0
0.3651427438992196 0.6690187466681692 0
0.2666649631373169 0.8515851573020372 0
0.2640850766493144 0.8421326644342215 0
0.2695218361608466 0.8613099437105752 0
0.4584484854492064 0.9888936704686175 0
0.1850294380715203 0.6886403026730261 0
0.2031796610926163 0.4967203618863306 0
0.2059659989721439 0.5063647242798006 0
0.9826210110288701 0.4903909616833337 0
0.2003434967847946 0.4870222680080903 0
0.190374037941517 0.3240500473209403 0
0.1973382635672826 0.3168766242571895 0
0.1156944891253492 0.2513715451829985 0
0.2588462736641656 0.8229516382909762 0
0.02735515029180541 0.9601677893985144 0
0.02417453725863589 0.9511488197942066 0
0.01541437892758268 0.9501043483788487 0
0.03183749645520761 0.9442251441948285 0
0.2360211166014858 0.3266909518037315 0
0.2430513283669583 0.3195790591193981 0
0.2534797560659683 0.8037117856515326 0
0.6810431612118957 0.2165221332661145 0
0.7321080520913581 0.2386423943774165 0
0.741798433000678 0.2411106570774998 0
0.7488280824450051 0.2339421153587327 0
0.7514788816280452 0.2435620002990119 0
0.7568704629228191 0.2627826634100213 0
0.7595602052471694 0.2724067041169626 0
0.6934208166372644 0.228753604080271 0
0.703080671108169 0.231272658253255 0
0.1207083575186185 0.3330422871109573 0
0.5525428263043414 0.1752016502008175 0
0.5552622431002006 0.1848351624509673 0
0.5622320416674531 0.1776885353335851 0
0.5649415186549821 0.1872975098113872 0
0.1135803357248855 0.3402697057453739 0
0.5719197886002827 0.1800601457451876 0
0.5746454485272067 0.1896855484001322 0
0.567655858570122 0.1968956695765845 0
0.57733312947175 0.1993519737654984 0
0.5843293307728852 0.1921480727564369 0
0.5870110433694321 0.2018106657946525 0
0.5939715198962379 0.1946735475837507 0
0.5966818961812456 0.2042802592204483 0
0.6036605427878928 0.1970821091086027 0
0.6063593800229955 0.2067322044703617 0
0.6133391591635766 0.1995310846868218 0
0.6160362673102292 0.2091879588853637 0
0.6230159933698823 0.2019874029081139 0
0.6257127877071147 0.2116456014536049 0
0.6326925194042652 0.2044452870374182 0
0.6353892743765235 0.214103851385146 0
0.6423565190140247 0.2069529274055463 0
0.5800382785978515 0.2089690960263832 0
0.5993894460530449 0.2138881724610318 0
0.6187421560397253 0.2188042139914597 0
0.6450583178703655 0.2165734606511557 0
0.6519982484344347 0.2093754537774843 0
0.6380904782976252 0.223724051135152 0
0.6009569888296332 0.1873846983074742 0
0.6203077705134351 0.1923334071545291 0
0.6396675205593814 0.1971904081032801 0
0.2214026125805254 0.1800111087307453 0
0.219683021293032 0.2064608571164779 0
0.8583827655839829 0.4309625414031604 0
0.109374603486575 0.3570304861022233 0
0.32220226966448 0.2503504596756201 0
0.8723346618634823 0.4165010427582012 0
0.1370045623296723 0.3906966785350175 0
0.2067583673992254 0.6046223848144047 0
0.2122086244190443 0.6238416291760438 0
0.7972358197108169 0.2456992309896948 0
0.2396654286588056 0.148923455360799 0
0.1354736645454265 0.417083537947544 0
0.2175126204066414 0.6430334176678595 0
0.7224330444943393 0.23618026092807 0
0.2229420793182547 0.6622465163613113 0
0.5391102925356666 0.2874026589057538 0
0.228408090477461 0.6814647719426129 0
0.792039608441874 0.3876265432202798 0
0.1324826596497633 0.4698148809921771 0
0.1351130827698793 0.4795246217655871 0
0.2338387526904124 0.7006790360409139 0
0.2393600726840013 0.7199038816670277 0
0.2420800110583282 0.7294966279147796 0
0.9875045727804557 0.874439221723025 0
0.9865750355894708 0.6944062169085194 0
0.8055836689478071 0.4357001279785285 0
0.4875106187831388 0.1673387062586973 0
0.5041691607934591 0.1627348076137104 0
0.8460058595658738 0.4186931568051268 0
0.8109982737002281 0.4549158350290989 0
0.137747715837327 0.4892050488255551 0
0.1363241811655891 0.5154986283532041 0
0.2341489366825902 0.1297103831820631 0
0.1524455638935734 0.5732912520866787 0
0.4348637451958698 0.1718051819160869 0
0.4251699543339637 0.1693313557560727 0
0.4182211102629773 0.1766499597457531 0
0.320351258360428 0.6231979737032021 0
0.5401543515648659 0.1630154752848545 0
0.523507253862477 0.1676866513008762 0
0.1919707380331631 0.5206073438815577 0
0.1849539303241597 0.5276980097884271 0
0.6442285509327863 0.662352075577945 0
0.3947916760248585 0.1258858771180887 0
0.9837390160555262 0.9718003583943622 0
0.3226522801592111 0.1880770152347599 0
0.3323653112402236 0.1905660636167473 0
0.3990656036135258 0.1091197178774045 0
0.1687972011482833 0.6309878010389086 0
0.3392780269772172 0.1832707222276581 0
0.3490048818011909 0.185581988195278 0
0.9839271041645752 0.3022729419532991 0
0.9851475334521222 0.3105080669697154 0
0.9815599383592655 0.3189612678960542 0
0.7893257042631514 0.3780240685264198 0
0.4154734630779096 0.1669542350290386 0
0.4085479512276524 0.17428016338206 0
0.7203026285168508 0.8329421206646941 0
0.9910262974234534 0.9052730895742609 0
0.1975855997241689 0.7005970280422784 0
0.8784787443399178 0.5342731638083875 0
0.818338683069687 0.6083718562425255 0
0.4818176880379982 0.7176297491441223 0
0.205762077163926 0.7294362186805874 0
0.4708673459606859 0.1720819141931947 0
0.887789781578221 0.5990464978579055 0
0.8931992399794695 0.618299655465562 0
0.3420718930127556 0.1928995983078441 0
0.2695140479847091 0.7632164752303885 0
0.2323044660561621 0.7270161889061861 0
0.7696265388005147 0.6583576947710854 0
0.7669129016457925 0.6487602629336015 0
0.8172072164733923 0.5723824013837628 0
0.8161408011597975 0.5363281911277253 0
0.8188472148466196 0.5459390469412466 0
0.329020038004521 0.7515292318643305 0
0.7955328053737676 0.4955268597519045 0
0.7928085745319136 0.4859251738728104 0
0.8157100416671608 0.5987056847930574 0
0.665951466363464 0.8637975713405402 0
0.2101642170924871 0.01671143004567044 0
0.8137650506883626 0.4644519880062791 0
0.8078785052195888 0.5076240359354917 0
0.817611525013318 0.510018535510268 0
0.8846495190823784 0.6518590480472497 0
0.7873252618920982 0.6896908458067832 0
0.5252702978617168 0.8101723803937235 0
0.8997378503375046 0.6735931400155621 0
0.8819958600604461 0.4191481665016353 0
0.5225275930361952 0.8005582100220845 0
0.5128499637589551 0.7981065615462817 0
0.1371632096227922 0.8371174138071213 0
0.1182535527406058 0.2610609776214081 0
0.3561517681254039 0.3380456688521072 0
0.5034941203901112 0.7333848811251156 0
0.5062732221067806 0.7429254226803648 0
0.4993343463888514 0.7500581063351501 0
0.5160062476877747 0.7453716966098138 0
0.642672170382242 0.8755920764779135 0
0.2938947770293558 0.6266627876254751 0
0.4228256138503942 0.09725543921128188 0
0.397590717563623 0.1355158609891168 0
0.4018170915202536 0.1187298006920259 0
0.3808432269808075 0.1402019290287466 0
0.3712057404576415 0.1377460229304197 0
0.23260653754896 0.1560999146946027 0
0.4739582882638652 0.1191805674229437 0
0.1093314138164612 0.8657943759867123 0
0.4641577767904052 0.1167119044640506 0
0.5280272636682168 0.8197829797173771 0
0.3422225700605263 0.1303592148992027 0
0.1961968556403106 0.5038462807012372 0
0.3103787965087997 0.113370406298701 0
0.7665528914368469 0.2651815265165416 0
0.4799926928611435 0.7451605845444272 0
0.2647840559215757 0.1106732662415585 0
0.2965742322142483 0.127711426048679 0
0.1253678128392437 0.4770875891233202 0
0.5366952979139319 0.277991145369192 0
0.2312737587901105 0.1201208576281129 0
0.8653664154117099 0.4237072655881425 0
0.1977115406034047 0.4774444763488788 0
0.1880157452874798 0.4749450755070944 0
0.1369536368352992 0.6140493125720244 0
0.1307479203010173 0.2731820463107639 0
0.6787195857901793 0.1444653363940088 0
0.6814228224775144 0.1540816862050391 0
0.518740562844767 0.7549832755908539 0
0.5284363022902059 0.7574373173558328 0
0.1299893333461107 0.621213514595475 0
0.6663104302008691 0.13238557722227 0
0.4316363530883194 0.7329284095435025 0
0.2144060392719446 0.187187107108406 0
0.5062169339968655 0.9036813656183682 0
0.8793091753004223 0.4093626964359888 0
0.373302730312664 0.3237748289660221 0
0.625405136821684 0.880493332485631 0
0.5043768956227085 0.8316312516056248 0
0.7599641101185101 0.6558908934469244 0
0.7529155406902615 0.6629660385579377 0
0.7502524182759155 0.6534162689715242 0
0.05510685490967393 0.8965228819071918 0
0.6454279791871858 0.1538545386913486 0
0.6647854321478438 0.1587729801109207 0
0.05791645500183179 0.9061004125860672 0
0.7200289820418572 0.6101202016914324 0
0.4205750584875109 0.2487857587744898 0
0.4302647243710105 0.2512282298519873 0
0.07704777326072676 0.1792275658121154 0
0.2814957124866058 0.6145973844181069 0
0.5506426802002642 0.26393544272922 0
0.3706847045507392 0.2628524876125483 0
0.3637175915193839 0.270011124657926 0
0.2385212806026094 0.621589986763508 0
0.1481859597172795 0.5901328155082021 0
0.1551891418725261 0.5828735196912981 0
0.4399427095552274 0.253674347679366 0
0.3005135761165041 0.6193285810159262 0
0.7005784871491821 0.6051835165772429 0
0.6763498614406521 0.358089100443257 0
0.2760539452287687 0.5954250690311184 0
0.1826892721768422 0.4558683982352612 0
0.1799244030803989 0.4462330943867212 0
0.8715989414061289 0.3181072386160684 0
0.243960560048148 0.6408121829539912 0
0.2519911691828474 0.4466992822530624 0
0.6561537697924202 0.6380934239797539 0
0.7254520870509898 0.4064212910884585 0
0.7004639547099698 0.4168593458470579 0
0.4808795851834202 0.9418935441658595 0
0.1920760090375988 0.6812013937251621 0
0.1824172254403906 0.6786945711801367 0
0.1796372681676703 0.6691739712447327 0
0.1753810603514687 0.6860252207229616 0
0.1230214638900974 0.6283724724754115 0
0.9316021943200474 0.467350129281301 0
0.9277579572050594 0.4217483490935522 0
0.1182858869363365 0.4843175337789106 0
0.2403652744342736 0.3099125359882264 0
0.2500281381750221 0.3123619487954648 0
0.2569254408189277 0.3049705926594778 0
0.2596910811856721 0.3147558357871145 0
0.2666479300246105 0.307559278280367 0
0.07067738594478595 0.5704079721033672 0
0.0637088351349796 0.5775805797978204 0
0.06677766246096473 0.5247784750907044 0
0.06406298745761335 0.5151747616752078 0
0.5103906967430175 0.280444679136659 0
0.05863031250346012 0.4959565207783001 0
0.9320185712537883 0.4049100048728368 0
0.7479473820939848 0.3586618985739964 0
0.705514492376774 0.4012063697228988 0
0.7129899060802974 0.3943041030725747 0
0.7296999066700836 0.6125781191470927 0
0.7366634208475318 0.6054394843686804 0
0.4061206675255434 0.9317827861700422 0
0.415801436386935 0.9342498690869948 0
0.5516524019989929 0.8079242543361447 0
0.827995356729521 0.8338857595435127 0
0.8252911607090023 0.8242639990631153 0
0.8607630864933953 0.2796440344252031 0
0.8970381362563844 0.6639677937476123 0
0.4672931183722003 0.8938008858062846 0
0.474267427432262 0.8866677806678893 0
0.4839713429163248 0.8891124154902902 0
0.4812469762266315 0.8794892809767316 0
0.1842093277435408 0.429504952016653 0
0.181457889705649 0.4198627588349604 0
0.1884795218752838 0.4127669587511072 0
0.2624738794991829 0.5474369296237631 0
0.3603940953512628 0.9290617336416049 0
0.2146066240481154 0.1248174822855109 0
0.2076200786250649 0.1319813395419359 0
0.8307014752310631 0.8435052154875891 0
0.9184722342131697 0.3568468344480501 0
0.7722569282653718 0.6679950752919646 0
0.1113152782197612 0.4915105196680306 0
0.2225240984623443 0.2160685479281222 0
0.1700459655542075 0.1581619407190729 0
0.3437046854735518 0.9337389332489912 0
0.8079115458067478 0.7305958777147972 0
0.3367316799121266 0.9408976306294367 0
0.4060592169081025 0.1019733116686991 0
0.2842338188372463 0.6242073936177882 0
0.1210294088830907 0.2706744283736981 0
0.5377278135673509 0.09077233353740555 0
0.1070639354473109 0.5082961655045084 0
0.06428429017683696 0.22957673983145 0
0.8477792721048407 0.776448463358985 0
0.8408055255839268 0.7835889843303127 0
0.7100800955110105 0.2240144644174157 0
0.07277539265242194 0.1960295523439524 0
0.06003939031318462 0.2463700670627689 0
0.7819495061921627 0.6704605902924237 0
0.791613293527604 0.6729590824634257 0
0.7986425583018053 0.6658532488446399 0
0.801333987258888 0.6754071041063403 0
0.5076855758975882 0.2707588064704922 0
0.2570608093149741 0.5282311833178798 0
0.1296497642879852 0.6836066677001016 0
0.07152089960390534 0.668872695858561 0
0.07849254545159673 0.6617068425945677 0
0.4033100179243149 0.09233826848540039 0
0.1404133736719747 0.2756723968530787 0
0.1430028128329706 0.2853738193223124 0
0.1527694363332527 0.2878296056615861 0
0.1598882830139647 0.2807109671031883 0
0.1625693692109653 0.2901930636135871 0
0.1554270781594111 0.2974071474909797 0
0.6987327842625455 0.6938856426039072 0
0.8780753885373915 0.5966905334035688 0
0.5691773413922031 0.1703693068888319 0
0.5817026037525264 0.1823146354031671 0
0.186710199660382 0.153451726704132 0
0.3200791886506308 0.9455872803702692 0
0.2713725355981818 0.8352577760198313 0
0.1933565430663049 0.7175031624830585 0
0.1059388562956554 0.2489494875563292 0
0.1240772685623197 0.4411340529755576 0
0.06727665005018929 0.6856597317160077 0
0.1341893736958782 0.38112049220503 0
0.7963417372176227 0.3707080845719251 0
0.7866787467569361 0.3682276417796155 0
0.7840553082366353 0.3585378533002098 0
0.8737315502438996 0.8365801895619547 0
0.729441150532363 0.2289231314879775 0
0.4514941881468873 0.1671610685050542 0
0.8842496816721448 0.7142372569243041 0
0.8869474020166606 0.7238688953316337 0
0.1568482256312463 0.04762321319905277 0
0.1665379790649202 0.05008277184100601 0
0.7431219562563767 0.8837171763048879 0
0.9173228092373245 0.3208365119305674 0
0.9200308862389139 0.3304538297406496 0
0.2289197426189687 0.3336728419024824 0
0.8623187549036436 0.2532553879392233 0
0.8553446561210269 0.2604111437118211 0
0.7528053026507269 0.8861835500302123 0
0.518360620428693 0.08584942786951644 0
0.1188768547396975 0.1362611109601159 0
0.3060986552813521 0.1926982106235038 0
0.2382952914338172 0.1129684384443331 0
0.6933051968194355 0.6746836829367675 0
0.137472402791168 0.0427266066602347 0
0.7002719681001035 0.6675354367016704 0
0.1603600386204433 0.155701877325934 0
0.2546997582868231 0.4563098878738641 0
0.7103981467578684 0.3847604256224177 0
0.7613626250433747 0.8526301034547045 0
0.8174722750966923 0.1261653266783502 0
0.7103396128756025 0.6076626183881839 0
0.7474083760372419 0.8669355468837379 0
0.820176268742744 0.1357849689038424 0
0.7334488815847566 0.8812399747697792 0
0.7264655285759711 0.888393216171069 0
0.2516333142980501 0.5090316535878521 0
0.2267072314057708 0.1992906429665424 0
0.7471538552674792 0.4832774848914299 0
0.9086280059614278 0.8007917080558191 0
0.8989405479931172 0.7983301365278687 0
0.3758824257363198 0.8883596440221603 0
0.8723933664500065 0.1933000705446093 0
0.8627062169054112 0.1908373300838864 0
0.8599952046940778 0.1812175893919409 0
0.8530199738619285 0.188375208007962 0
0.8557316328100348 0.1979952555849944 0
0.8460451558857562 0.1955325206231167 0
0.8487566298520692 0.2051520555725411 0
0.8390707376636444 0.2026894500189378 0
0.8417813945105872 0.2123076625055903 0
0.8321232198970545 0.2098716129227763 0
0.8348146180256424 0.2194721789120062 0
0.7846698893021273 0.4571534134129979 0
0.6306198325780202 0.8011535962414018 0
0.3020096576383969 0.6555331053268502 0
0.8881975508899358 0.5366388042469842 0
0.4925819848403195 0.2491790200728665 0
0.9183144726583332 0.8032582596093034 0
0.1378070085603292 0.7124477427729792 0
0.8217443743754582 0.1093888805604509 0
0.2367751052351246 0.1393529289358051 0
0.1405252511311975 0.7220617508264447 0
0.3172998521215261 0.1061911866607298 0
0.4496218916616722 0.256122234605097 0
0.4522448573161279 0.2656617747846434 0
0.4619914648350716 0.2678763707561528 0
0.1150845612315167 0.3138818552508955 0
0.8514085891102012 0.4381517155804099 0
0.8904941207567331 0.6086677166565569 0
0.8978878785123099 0.5390903116378153 0
0.1396017596311505 0.4003387257844303 0
0.7620600339569452 0.1210036268169853 0
0.2533798603412142 0.9643160338701309 0
0.2634351918392494 0.9671482690252826 0
0.265357823260531 0.9760796125680021 0
0.8656735501501547 0.5846133925564089 0
0.1037549712837917 0.1145589620998827 0
0.698698926065408 0.7559571924836327 0
0.6959932823398696 0.7463604055050574 0
0.7028331217709517 0.7392313385651929 0
0.8769206358035149 0.5606655537119174 0
0.1062179934552137 0.4098581299230009 0
0.1765505966701004 0.7222586886861657 0
0.1380540771806909 0.4267212622540901 0
0.153751977325992 0.1004394327248843 0
0.7527714203699549 0.0561205407164217 0
0.6890307217526274 0.7535074563391817 0
0.6862851540619149 0.7439146016071598 0
0.6793576133341888 0.751053535600162 0
0.676564800076455 0.7414882058481471 0
0.2946950835079354 0.216454862540596 0
0.3043938977056975 0.2189691813433718 0
0.8251383460518424 0.2170177751250034 0
0.8224132700771163 0.2074924412668182 0
0.6837621146122581 0.226209227792914 0
0.6712496937997313 0.2142481058333783 0
0.678076429282197 0.2069337115629188 0
0.66857347655893 0.204556913541485 0
0.6659374148906922 0.1948891269595103 0
0.8800258740752602 0.5078961231894417 0
0.8772893977435365 0.4982870204129575 0
0.8841700181745152 0.4910569836475319 0
0.8676227561303897 0.495876305854386 0
0.8939251559800935 0.4934603482698078 0
0.8911438687109782 0.4838551156585736 0
0.898202327723663 0.4766747219709653 0
0.8958123043134046 0.8511309152358857 0
0.1365214768441254 0.4531018922551403 0
0.2352446106011083 0.1657159363191651 0
0.148684899575922 0.5275293552261907 0
0.1416497299341663 0.5347916439470275 0
0.542098284813765 0.9039157465023882 0
0.6643664592829751 0.2214654222535932 0
0.6920482103326662 0.8617472374945391 0
0.6800726252757611 0.8493949335306935 0
0.1203012312808449 0.6187539895202095 0
0.7792563830520484 0.4379398873671862 0
0.2973839472784192 0.2260695106971888 0
0.1120632452306366 0.3666612641975406 0
0.121806171262764 0.3690805587799326 0
0.154047474826839 0.5467534606637083 0
0.1471539379232751 0.5540446476265148 0
0.5207989677972087 0.1579855334001486 0
0.2540958684291136 0.2953419670040829 0
0.647384053747154 0.06506096608133716 0
0.6376944289018274 0.0625990612900954 0
0.8444959836746571 0.2219308306586034 0
0.1595042451682684 0.565988910462317 0
0.6807102568412561 0.0556678548899267 0
0.2633505367193777 0.8062913944870935 0
0.7482915281386094 0.5192325527828877 0
0.8280391973553222 0.6107989099769427 0
0.8210706687450267 0.6179741182820027 0
0.113849046848253 0.7867273040957447 0
0.7227247560299759 0.6197312113193131 0
0.6872970232810133 0.9409397630696097 0
0.1766469771181859 0.2134134733435316 0
0.113446134361833 0.1170171916211663 0
0.123137622096852 0.119476097104534 0
0.1301120935889352 0.1123145488984959 0
0.1328316014492756 0.1219300114045176 0
0.8017552928351159 0.3899597141370864 0
0.3051489060363092 0.3804135789244119 0
0.9258540367787523 0.2872801696392617 0
0.9161674042273502 0.2848188227435118 0
0.9091898515087082 0.2919699480309649 0
0.9064812896165126 0.2823569711610707 0
0.9134567210809443 0.2751945873682178 0
0.3565192041649536 0.8834241847662603 0
0.234054939047724 0.9593968014926656 0
0.3079634512430087 0.04135052156358565 0
0.7248773394095696 0.9148041851880693 0
0.7221784087360634 0.905180877774059 0
0.712508891142101 0.9027002699579867 0
0.7345642865854447 0.9172712975329971 0
0.8917679366698343 0.1982255892073426 0
0.2042929513701701 0.8535432349482557 0
0.2215881473116863 0.1176543312822367 0
0.4778290996295403 0.1648571769109881 0
0.6238386414655184 0.9068839536067831 0
0.9385866042626105 0.4602150588860091 0
0.6545192907026516 0.8879295507791132 0
0.7254262180161546 0.6293434511545553 0
0.9002963511686093 0.164664355363556 0
0.7760160747775094 0.1066917765101996 0
0.9324295119676436 0.3425437534955866 0
0.9227425321079163 0.3400755972888611 0
0.1066501687163858 0.3474165983223991 0
0.06879727017500736 0.6592448662139252 0
0.9347319658075448 0.4145665304935433 0
0.4275683830525596 0.2416171202414523 0
0.8959072422101225 0.6279057590841683 0
0.1413447244963095 0.08836084499337038 0
0.2850018111021723 0.2139804697077846 0
0.2014684195723681 0.7462772144771468 0
0.2139552086735702 0.7581612891491196 0
0.3534009502064449 0.9362070206097409 0
0.1597784948617195 0.8869399132693541 0
0.4490412363963501 0.09500901062590533 0
0.4559955591916433 0.08785439764956793 0
0.1821626486714216 0.5180751414074938 0
0.1779331488996018 0.5347881658840565 0
0.8752956495438621 0.8101807418398881 0
0.1693763735579151 0.8892990347827132 0
0.1143708353575914 0.4387052826209826 0
0.8156052947584451 0.8218011904281679 0
0.4565988622925556 0.2489639689427637 0
0.90944053786643 0.6760033202430629 0
0.4720535986458037 0.208309171234875 0
0.5001774504859853 0.8484167491271295 0
0.05660083517550341 0.3615523210941908 0
0.453278745736488 0.07823623703000754 0
0.2772512040697775 0.6314093573448352 0
0.1649452122293059 0.5852084488813192 0
0.7014232947877344 0.7655629262317833 0
0.05931654849875667 0.3711822281689829 0
0.2423154322165504 0.4442610917460764 0
0.2332687936243506 0.03162829360252889 0
0.7316473571053497 0.5240994005944 0
0.7250023285170745 0.5315455276296366 0
0.1454684445490216 0.5804856498362796 0
0.1863320907855091 0.2158704114094278 0
0.1890476057504713 0.2254862004658341 0
0.1987947320328743 0.2279267244983392 0
0.1917924924483319 0.2350934548069283 0
0.2057386429224577 0.2207839574472957 0
0.1703743459918741 0.6044398959106778 0
0.09406367565060836 0.1121012658953485 0
0.5369440176606634 0.7239272638862421 0
0.1731451734100419 0.3908706603619438 0
0.1829482268806275 0.3934544327806211 0
0.5265123848645743 0.8461629295289261 0
0.5237764781614743 0.8365440005222127 0
0.2806447001130672 0.5163810743130127 0
0.4138255068937047 0.7016729957548087 0
0.4487830596301994 0.1574289149673251 0
0.325341439348851 0.3588661229245308 0
0.1758252730074744 0.6236528775444041 0
0.1715956028175257 0.6405532777775024 0
0.1716106708257992 0.417252400764359 0
0.3394348073413336 0.3437574413037193 0
0.7353091951816466 0.1856232162044474 0
0.3525734328220906 0.6775164111740442 0
0.3316944286949466 0.7611409165878961 0
0.1700743629891193 0.4436301954047178 0
0.2914067038551244 0.3318837402950811 0
0.3010797561826982 0.3343368167987482 0
0.3080404757131505 0.3271887881791121 0
0.3053301076976195 0.3175832729530125 0
0.3122922774682517 0.3104325700289098 0
0.3219667929982555 0.3128855394810481 0
0.9075720739072728 0.5415569016576326 0
0.8296389473559315 0.5844099367962232 0
0.4269278575233064 0.08047579570162816 0
0.6072804228345619 0.3044636542033042 0
0.1685413815372007 0.4700038068518106 0
0.1782973559272027 0.4724792165904228 0
0.3994305107418646 0.7783013954293972 0
0.3967166592281767 0.7686882130883612 0
0.387040837613652 0.7662367767322308 0
0.3355984101641513 0.8067237290690998 0
0.3425635895682829 0.7995669878788223 0
0.6466255441180461 0.1899755902062136 0
0.6300000947639433 0.1947010110601813 0
0.6272780705891898 0.1850357099559584 0
0.6106263485958605 0.1898338973362664 0
0.6079177688691213 0.1801281485321991 0
0.2651208594206129 0.8779801951553389 0
0.2723595838308935 0.8708840597014988 0
0.2767653981758044 0.854326956634381 0
0.3549611984028953 0.8116295317139315 0
0.3619260871025803 0.8044728405546195 0
0.7344883108033735 0.5336445579223155 0
0.4229174096998324 0.2846937557146728 0
0.3936854295680184 0.8214382070826159 0
0.4006503211858026 0.8142836010590184 0
0.4103267986237398 0.8167336794048218 0
0.4130474024944853 0.8263439498582775 0
0.4227276621230484 0.8287957511611423 0
0.4296941503158503 0.8216407116086166 0
0.8207689359261359 0.4572601367383832 0
0.3510422517185809 0.7660448872198458 0
0.348378562025831 0.756448021336398 0
0.418785182777656 0.7832052753121406 0
0.4161142358252671 0.7736049675817945 0
0.3743236267015733 0.8165338765474874 0
0.3812882518018094 0.8093783620486479 0
0.5891975349024732 0.7817467219837718 0
0.5864812523245559 0.7721407454587716 0
0.5934427541215396 0.7649855515040311 0
0.5795205851722985 0.7792958484598399 0
0.5768044431468572 0.7696905174354448 0
0.5671288244257805 0.7672396909636614 0
0.5740909492126188 0.7600852786153934 0
0.5601679305357674 0.7743936779924746 0
0.5574543740085665 0.7647877918462413 0
0.5504929345471593 0.7719429995057732 0
0.5477852568785702 0.7623356909731721 0
0.5547443136238215 0.7551833488007018 0
0.1820794940957005 0.2326476718237337 0
0.1848518114608959 0.2422576292785247 0
0.2185272398916615 0.1704165067040654 0
0.8153799399182816 0.4380020129106795 0
0.589714048760828 0.211427848256914 0
0.5924142367184601 0.221036465211456 0
0.1039902413285148 0.5610644653033263 0
0.1109574214514882 0.5539019453528971 0
0.1082401974787427 0.5442897723515686 0
0.5992179086400916 0.7218702956585071 0
0.5826164545590311 0.7264618054038594 0
0.8300433934906357 0.5220495653814997 0
0.1835571784804876 0.7150795910758916 0
0.4381399104614925 0.7881078629428914 0
0.4354751286783898 0.7785084687542081 0
0.7738430547557638 0.4187269643234517 0
0.6584742935623265 0.7725402291422124 0
0.5694914394460413 0.8392023153508118 0
0.5667738842568609 0.8295920503119947 0
0.5737394865809409 0.8224336353712731 0
0.5640578927217896 0.8199825254507989 0
0.5710237174975229 0.8128241886208027 0
0.8247370959692639 0.2794048126715274 0
0.8177727587106063 0.2865547167538318 0
0.8204747148556919 0.2961706801648403 0
0.8107928899739929 0.2937095348124629 0
0.8135012788175269 0.3033227511143061 0
0.8231896183724117 0.3057849112283624 0
0.5361826880275172 0.1171584064260446 0
0.5292526896479773 0.1243249372823917 0
0.1094267050124301 0.5802944272625983 0
0.1163939388282482 0.5731357605333098 0
0.3262127553398611 0.2961280816236112 0
0.3358792357373154 0.2985910181177526 0
0.6941587338901889 0.3271427536498249 0
0.5021109231898058 0.7596973578509842 0
0.3754661732427258 0.3088268721604767 0
0.555548403871039 0.1220807546824977 0
0.5486159148104146 0.1292474545048132 0
0.6090661883600427 0.2163468064437899 0
0.6117637738253546 0.2259526026990205 0
0.509220362721523 0.2444908430345877 0
0.5022535316518928 0.2516360040114443 0
0.7111071450821858 0.5803524414061173 0
0.3401383273630874 0.2818246938354523 0
0.3498057331279758 0.2842996575658061 0
0.5749136707212055 0.1270030591730081 0
0.5679787768511602 0.1341683982645231 0
0.1746802159217051 0.3644860470044173 0
0.1816854905153893 0.3573708038284584 0
0.1789327889886804 0.3477216635375547 0
0.1887013308994272 0.3502720606786884 0
0.7151658300267394 0.4665555064576232 0
0.5339984712618201 0.2685553915870193 0
0.1844932365752725 0.367084241869842 0
0.2822918947409426 0.2043706043714346 0
0.1618158699719563 0.6381789263401293 0
0.1742480655466029 0.6501109569199011 0
0.4574948611916924 0.7930103918145787 0
0.4547806611828347 0.7833981534169957 0
0.871021963488944 0.8269619459561629 0
0.7119520019481445 0.3584131089697254 0
0.7344065053652267 0.3106236759722277 0
0.7274403560928294 0.3177738169209429 0
0.7301484930777322 0.3273806273818612 0
0.5942785925495417 0.1319253441183004 0
0.5873414555049982 0.1390893891710553 0
0.4420902182701361 0.8337018794556501 0
0.4490567089084482 0.8265460026286837 0
0.587841121732142 0.3001638266228834 0
0.09534960727066366 0.3713900262453689 0
0.8690309443979138 0.9157862065991471 0
0.8663242284882258 0.9061628286660977 0
0.818018977495558 0.6706798922752917 0
0.613643399328384 0.1368477207245062 0
0.6067038319191678 0.1440112802537484 0
0.2163566673936907 0.384188242261164 0
0.4768503743495118 0.7979129762892776 0
0.4741358270970567 0.7883009900941609 0
0.05506925945436308 0.3879623498367838 0
0.1010378225678162 0.1049367360568623 0
0.1080129196188848 0.09777223095155563 0
0.6284174263889912 0.2212600438005207 0
0.6311143752151043 0.230870402952191 0
0.6407785654235696 0.2333325388007322 0
0.8394424627106221 0.3634694800675144 0
0.8297566977725326 0.3610098287100745 0
0.8448586217775171 0.3826973406498904 0
0.8351731963653601 0.3802373975244612 0
0.2593065505066001 0.3772420656691556 0
0.2620189296539686 0.3868460183935419 0
0.2550567962981206 0.3939977352694773 0
0.257770074158865 0.4036006995080689 0
0.2647317122084786 0.3964470423162639 0
0.250808283926482 0.4107512425886221 0
0.2604811957387185 0.4132050409891834 0
0.6071714954373413 0.9115713460568873 0
0.6045672941862579 0.9018584103457211 0
0.3082495495564517 0.2645320159072159 0
0.3012297330385594 0.2716594872496591 0
0.3038119414293166 0.2813626961479136 0
0.2942398305198901 0.2787764544825998 0
0.3179479479416344 0.2670842213071813 0
0.1995741914047482 0.611679262344237 0
0.8340261777332514 0.3442414091806361 0
0.8243398063545473 0.341781758839527 0
0.2392456330624246 0.4969823018616757 0
0.3376539180057589 0.7180477067798772 0
0.3473288186515674 0.7204976020110181 0
0.3542818328552427 0.7133378277894609 0
0.06734938961250631 0.1767799678852484 0
0.5579741605639672 0.1944460891635762 0
0.5606829170394447 0.2040545465025697 0
0.5703611022610655 0.2065100269584672 0
0.5730659097620877 0.2161214879760111 0
0.9071606234968512 0.6039644166842409 0
0.8502747598366192 0.4019253641006696 0
0.8405895560821801 0.3994652492956957 0
0.505886122582455 0.8052659618104663 0
0.1683962887132393 0.6933611979512322 0
0.4537359450850307 0.7474462151279347 0
0.6330080192320272 0.1417701261183848 0
0.6260661702377992 0.1489328697610445 0
0.3575730919780196 0.08965124576686634 0
0.2477380389355803 0.4634698953617222 0
0.24077814928457 0.4706232407567302 0
0.9297190642892796 0.3329201061192438 0
0.9130511724513466 0.337598632346684 0
0.826230859630392 0.4764466964288466 0
0.1214890026494658 0.654758861071644 0
0.1284574138360512 0.6475999396419535 0
0.7595135716259982 0.495336233877416 0
0.6419271808179641 0.269285047507809 0
0.6322542461644289 0.266828006586066 0
0.6252884750226299 0.2739743794775257 0
0.6156170364974706 0.2715169458704949 0
0.496206785895068 0.8028156813931466 0
0.4934917973253695 0.7932037380574786 0
0.1901277372978409 0.7702894497616284 0
0.1999730693455559 0.772602014945445 0
0.6830054595107735 0.3510145274310947 0
0.2050651215697985 0.6309348574491951 0
0.2168535109933937 0.2591595544967525 0
0.2265351019122336 0.26161516399654 0
0.2335030051210475 0.2544607276937097 0
0.236217315552442 0.2640717209505296 0
0.2431833572984409 0.2569183664757148 0
0.2404728267647264 0.2473031848479882 0
0.2195671283136731 0.2687707762834055 0
0.2125996388135385 0.2759266406244746 0
0.2222874799117994 0.2783766060239197 0
0.2029175424942091 0.2734720536390296 0
0.2056321395345315 0.2830850337024083 0
0.1959481519587637 0.2806294477637415 0
0.1986598640239565 0.2902446999538387 0
0.208342818265332 0.2926994933473196 0
0.201378991726443 0.2998541051857024 0
0.7807180525137249 0.8575692095365631 0
0.7780153611708218 0.8479493140220544 0
0.7849889172900167 0.8407973140894441 0
0.7753177420229904 0.8383210528143372 0
0.7822949692735225 0.8311611574209172 0
0.7919675354358329 0.8336297394837083 0
0.3871216798772514 0.8644802149707741 0
0.3846263597480057 0.8549021895275777 0
0.7111040911032178 0.7680124456924466 0
0.4064844369458859 0.869411302731534 0
0.4039890699229871 0.8598255689342776 0
0.2749559146507459 0.4972841230461027 0
0.4614521455071681 0.8386070808685333 0
0.4684197140782235 0.8314505671641408 0
0.8026085257084622 0.4882693795643688 0
0.1042269848962668 0.2754131645579264 0
0.3677589961255749 0.8595490079118251 0
0.3652636185427273 0.8499787504122274 0
0.6194929476772993 0.09368858945422109 0
0.6222053159814737 0.1033081393038977 0
0.914866957933095 0.6952369577604627 0
0.9051618722317226 0.6927998796571153 0
0.6388644294077328 0.09861228196499461 0
0.6415767870577109 0.1082318540938412 0
0.6512528349493149 0.1106944912118736 0
0.6582349478663971 0.1035376496808919 0
0.6609429255989546 0.1131546787836236 0
0.6539429438028983 0.1203116518096626 0
0.6679206554359822 0.1059992295813149 0
0.6001213773089936 0.08876511444719032 0
0.602833587402673 0.09838454359512189 0
0.1832829875470515 0.5540287078640332 0
0.1903874171601453 0.5469148582342162 0
0.1860875173356091 0.5636125145904632 0
0.3310310126380691 0.6628821266267197 0
0.1668626062807073 0.7198074409686683 0
0.2774819826224093 0.3461847931520033 0
0.2871548095172241 0.3486388993170282 0
0.2705193160669261 0.3533359008897407 0
0.4859810764824482 0.1940006004600109 0
0.4886989199061496 0.2036143293816526 0
0.4956615864474915 0.196460769465612 0
0.6334462020463046 0.302676401084536 0
0.5185034176303613 0.9157924475989461 0
0.5014448821632086 0.1529431926102811 0
0.5548796954123186 0.2471741935722926 0
0.09715053731375722 0.05928135647446608 0
0.5292592160697965 0.9542465143020428 0
0.297770591502143 0.6722834100535497 0
0.3703977796950668 0.7709467145652443 0
0.3677318859312469 0.7613500089070224 0
0.3800755482310061 0.7733989478666379 0
0.6070243834452501 0.8130170694046298 0
0.7289895341256296 0.2914071200465657 0
0.7220226814976183 0.2985572341963395 0
0.7193144878103686 0.2889495018193265 0
0.6892141999168057 0.628516935494724 0
0.688743208471874 0.3079324686502425 0
0.6817772094847412 0.3150792579650241 0
0.6790704241697969 0.3054739283737405 0
0.5001713967770497 0.1169430891138112 0
0.5098327024027808 0.1193938529436905 0
0.4932532489539129 0.1241209609696962 0
0.8053750747232777 0.2744811795922183 0
0.6351706319099513 0.8829341426756919 0
0.8487336131377701 0.4283943521148291 0
0.3128739965932588 0.6939392946080724 0
0.3155894550547065 0.7035419039716594 0
0.3225471388549001 0.6963874436562258 0
0.6129085409064019 0.2619122090569959 0
0.6032358550656808 0.2594551044963552 0
0.5962790308695848 0.2666090094055081 0
0.7398225138696866 0.3298386644909462 0
0.4808146387326033 0.8435122474710577 0
0.4877561207185664 0.8363481198223175 0
0.4802007286800324 0.2371222862029492 0
0.2104358424154945 0.6501124067927234 0
0.06574119508721044 0.7120412810872534 0
0.07543058159271632 0.7144961168167892 0
0.0781506461249668 0.724113906141239 0
0.0851201038709094 0.7169489020132225 0
0.08784022486544013 0.7265678078355646 0
0.09480987782518435 0.7194058469881418 0
0.07271278647751345 0.7048810853630543 0
0.8654185902799445 0.2004584994216211 0
0.819578811264814 0.6443041100372977 0
0.5742178345385791 0.2520836721080468 0
0.598629883173905 0.9451172133954258 0
0.260951481012938 0.5737932806877131 0
0.08274068156566833 0.644910289742328 0
0.3162350584351404 0.8018179951602078 0
0.3232005563861259 0.7946607800598458 0
0.9036887777236069 0.4959224287169342 0
0.8312258017849372 0.5580217928476391 0
0.8215332369600159 0.5555836813810024 0
0.8285202557934611 0.5484087014040919 0
0.6852874637082846 0.1997201206719493 0
0.6666884081274089 0.2934093214633089 0
0.6693973052841969 0.3030149947292227 0
0.6639804952796923 0.283804085309765 0
0.094652024058551 0.4962132940023131 0
0.443672989596713 0.9056385242568659 0
0.06580647844397258 0.2031898017976675 0
0.05278801859916238 0.539106112382683 0
0.06252180263201135 0.5415732054459979 0
0.05553270430652946 0.5487285490467402 0
0.7405693367187036 0.4281066655514767 0
0.6947543922435359 0.8713647843955733 0
0.4618337525638598 0.7137373732255718 0
0.6820710675064781 0.7606637239139864 0
0.8232402995195638 0.9754133151060334 0
0.8998382358147428 0.4503652729843817 0
0.6706007213399838 0.9456434019861009 0
0.6059099413909842 0.04560240080252809 0
0.6086280607462728 0.05521494201621574 0
0.6183109404334595 0.05767411118615512 0
0.6252882670348991 0.05052180103558496 0
0.1739323377525561 0.2037961079557518 0
0.785618697875723 0.3322607156535835 0
0.7759127836498257 0.3298764142417433 0
0.7731962612829879 0.3202686048738124 0
0.7786432149368429 0.3394185062910817 0
0.771751591915141 0.3466899793056956 0
0.9025773541142582 0.4599537561682151 0
0.4893090752905604 0.07846384576246968 0
0.2527184385852195 0.7678797982246217 0
0.2597310417278867 0.7607200318430651 0
0.2571954730572453 0.7510192599792498 0
0.25003688666422 0.7582499107697199 0
0.2474449406367842 0.7485886560056392 0
0.2430382107547597 0.7654226817160285 0
0.240371687883644 0.7557963992259767 0
0.3317679556143062 0.8592525453994018 0
0.3387206525673021 0.8521404700809967 0
0.3290573305274576 0.8496781478363151 0
0.3195851488140528 0.8472193568408455 0
0.3265710507933708 0.8400634193823114 0
0.3483966624930492 0.854617560815733 0
0.3459014263708492 0.8450550423193495 0
0.9060132454756831 0.5679511677277315 0
0.8916718901826952 0.4215930269384575 0
0.9055991581985845 0.630360039356938 0
0.8099785554885275 0.4187632067374028 0
0.8072710380229586 0.4091532215559681 0
0.7975701205750665 0.4067166798698941 0
0.2158668614217512 0.669328726328805 0
0.553713611077546 0.2112053434210684 0
0.05813361094396158 0.3351729151246112 0
0.1235380436071248 0.7891777977678394 0
0.1262601407780103 0.7987976952454894 0
0.1359496754179033 0.8012514481983962 0
0.138670522189801 0.8108698028707488 0
0.1456379158935332 0.8037048013581813 0
0.1483338508941814 0.8132980434695345 0
0.1552971763459429 0.8061299191600331 0
0.1525966636608029 0.7965313805178345 0
0.1332266334550003 0.791628792729937 0
0.1622577438000723 0.7989529920131718 0
0.165038359954393 0.8084567006016399 0
0.1429121654572091 0.7940811321968442 0
0.1316971676531741 0.8180301665603413 0
0.790096622264127 0.6992757027561157 0
0.6430113212962151 0.8132144893437336 0
0.4146180840974682 0.8982327260171024 0
0.5168153258028024 0.1122363433221007 0
0.2376173950907983 0.8441790672394358 0
0.8780015257963614 0.8198033731354699 0
0.8086237161457639 0.8289519626062308 0
0.8059252265994836 0.8193268969362947 0
0.8032308315564624 0.8097064729815009 0
0.7962481669128558 0.8168510793010927 0
0.798947913634251 0.8264742197635171 0
0.4053729430785352 0.7352002637017464 0
0.6823177079105676 0.3771957567187022 0
0.4739199782984176 0.9490545394673101 0
0.4642502079388521 0.9465940211805179 0
0.4572681231709403 0.9537488728817105 0
0.4475810857586419 0.9512803678311252 0
0.4448616805005929 0.9416524250916889 0
0.4351879181427606 0.9391895956239598 0
0.4282100276599411 0.9463125619715866 0
0.6860348553050453 0.2983262036477127 0
0.8820811319855084 0.1957634136734463 0
0.4630342318113021 0.9105709156815265 0
0.8637827605175841 0.4502811669787183 0
0.1914286215901326 0.5828546463871104 0
0.198538352737652 0.5757429788323227 0
0.1942353297955444 0.5924506371450369 0
0.3936075648789926 0.08987581238618308 0
0.1414236559039709 0.311636421549929 0
0.144244341256717 0.3212651129645096 0
0.1512367828721898 0.3140680008284124 0
0.1540570479299737 0.3236505411286675 0
0.1916994025441682 0.297407401008046 0
0.1944263369276497 0.3070395869471678 0
0.2041728321974271 0.3094932907864984 0
0.1876097050376055 0.3143482542962451 0
0.2749323194434671 0.2738870251454889 0
0.2679787529906583 0.2810370884045603 0
0.2707595423107879 0.2906547966046361 0
0.2777063533707418 0.2835506197517191 0
0.2804201521589419 0.2931533980008859 0
0.2249453101283752 0.573563689047435 0
0.3921637011157902 0.9460923950623441 0
0.3894605751587326 0.9364701048346988 0
0.3824747045638505 0.9436253036378827 0
0.7142007611172488 0.6532442902456933 0
0.719608942368567 0.6724584574899778 0
0.2330905717462599 0.6023791134484328 0
0.2510057910205001 0.06259943916934113 0
0.253723239339692 0.07221975911664086 0
0.5657312430423309 0.2855483718700715 0
0.3117128587002588 0.1493586304202837 0
0.3047412973959005 0.1565151450604438 0
0.2689805388010371 0.3796944126089293 0
0.09381435005458078 0.3977859930258102 0
0.1673334080561079 0.1485382043503737 0
0.8824458777651729 0.3565864275637284 0
0.8754724796282205 0.3637422500630616 0
0.8781788709917452 0.3733544813812451 0
0.8797367085324653 0.3469690521111675 0
0.8700518139819902 0.3445049108458406 0
0.8673342771165499 0.3348775729692111 0
0.8743109284671642 0.3277271554721309 0
0.8328645219359068 0.308249472376953 0
0.8259001423729568 0.3153997312694606 0
0.8286097448858645 0.3250135918181853 0
0.818922481481076 0.322554418752368 0
0.7486922739477797 0.4569181852561281 0
0.5150129765824286 0.2013773154922877 0
0.1110985259626192 0.04496381974975006 0
0.5916563031521622 0.9522752815271656 0
0.5819713818459273 0.9497931626903664 0
0.5792599347758525 0.9401831854203611 0
0.2168001228158508 0.5447474249088918 0
0.2548190000505227 0.6792305458692846 0
0.2888818390823711 0.2595621484155284 0
0.2134237620039615 0.08878768409303434 0
0.2037339071071423 0.08632947867696994 0
0.2377566544766732 0.237691847693828 0
0.2474412197558501 0.2401466849048063 0
0.2544096945371819 0.2329904296630897 0
0.2571255815184642 0.2426005261793054 0
0.2613788464206303 0.2258335600457808 0
0.122782515257476 0.1818887681337039 0
0.3477268628275418 0.1495816357243162 0
0.3546397840814584 0.1424309819355752 0
0.3561175443013226 0.945838142990868 0
0.9428642834054282 0.4434487456939558 0
0.9358783171101569 0.4505818836922891 0
0.5710635007199046 0.08137986074613435 0
0.5640891142249704 0.08853739853035808 0
0.5807495033569298 0.08384156729650555 0
0.5834614774289167 0.09346094856887238 0
0.344608350635615 0.7108899425018946 0
0.3763519921442926 0.7278501977935987 0
0.6239657613495202 0.7459832830100728 0
0.8540311393685402 0.6709154763313856 0
0.5824953867669261 0.887373495852765 0
0.8412221649854126 0.7212206307728323 0
0.8315421589699292 0.7187556620006622 0
0.8385162902588146 0.7116048503019607 0
0.8245677692722726 0.7259068948346428 0
0.8218615310882194 0.716291519993294 0
0.8272723949445089 0.7355233608074501 0
0.8246669396538022 0.50280377195476 0
0.6954162374840797 0.1397865649476617 0
0.6884141960145429 0.1469472535845988 0
0.691103421650942 0.1565720749947116 0
0.6841586932707926 0.163707490748081 0
0.6981151488740931 0.1494092797015765 0
0.2233200359374901 0.3770339697888047 0
0.945974087002541 0.3906325996572315 0
0.6135623240168404 0.7074008628102677 0
0.0579236569980337 0.6207594058159323 0
0.06489357885734809 0.6135953268243134 0
0.0676118821931086 0.6232177272323691 0
0.07458674071556581 0.6160681733586624 0
0.07186833271547421 0.6064432993839162 0
0.06064442977081069 0.6303793408616633 0
0.06217574675644494 0.6039789972076494 0
0.06914654304968493 0.5968166152822331 0
0.07883645531645483 0.5992767896509338 0
0.0761214005533537 0.5896688467151625 0
0.06642781527710806 0.587203970500659 0
0.05673878292696377 0.5847402181544483 0
0.5241795620135963 0.04267553052176354 0
0.5598076866927255 0.8367509351618804 0
0.4991241696759164 0.9108226405193793 0
0.5543773543874762 0.817530887806144 0
0.8735544648427719 0.2293208295632591 0
0.8762652843820746 0.2389406032623471 0
0.1026781540783165 0.3018138268583689 0
0.1707732754098873 0.7654213240330695 0
0.1610876689815037 0.7629701352350685 0
0.2213179948000261 0.6885632168676994 0
0.5064664996939739 0.01040319502962372 0
0.7345814966748399 0.7561736246982356 0
0.4849912465557331 0.008161396100691609 0
0.780190715674164 0.3130595401708524 0
0.7704865470524618 0.3106601319026381 0
0.7677959775569618 0.3010115221646812 0
0.7747797921608905 0.2938264372050945 0
0.7650454934494888 0.291452424614957 0
0.75530299062077 0.2891201379695986 0
0.9916149823150986 0.4550001450014222 0
0.9822074303044098 0.4503647339733655 0
0.9830171695299419 0.4396486410974816 0
0.9916191490803606 0.4345170671002532 0
0.008660083709122246 0.515000295018 0
0.01659766478670854 0.5200663073384294 0
0.01729232174530976 0.5101478459390192 0
0.1050458183769553 0.3738421127722903 0
0.008720734481224068 0.5649588101734668 0
0.01747293651839921 0.5703886483660383 0
0.0173199192234732 0.5799989801240228 0
0.008660319184725318 0.5849990492309609 0
0.0167605456244575 0.5900166416627936 0
0.01777160272392986 0.560014589214092 0
0.02711654619835957 0.5563407879738107 0
0.008531902942923053 0.5949572229866246 0
0.1739567573408504 0.4892179516410166 0
0.1269289158561703 0.6739901929972457 0
0.1338944942025754 0.6668283414098771 0
0.8962256408377667 0.7887174009111142 0
0.107896400502513 0.6066841103858255 0
0.7579621260321432 0.5216920144426804 0
0.8878640450054504 0.3758190928660838 0
0.8905737047483006 0.3854367966211185 0
0.8835997763944087 0.3925935263759241 0
0.6613323705213009 0.0507422888603356 0
0.6640446497685917 0.06036369062475455 0
0.6737325329532271 0.06282687452661151 0
0.6667592497658167 0.06998503377052656 0
0.7055179192708221 0.9098586929180302 0
0.6958327755823203 0.907393114316374 0
0.2192312033717014 0.04559775607998506 0
0.291438786065058 0.7776936528505051 0
0.2887621435406655 0.7680845751707166 0
0.136727441606544 0.1675652093347798 0
0.139443381654288 0.1771846936223049 0
0.2370588745234999 0.07692237037035277 0
0.8901229071632447 0.4480328720700545 0
0.2910206155283478 0.9381835571873891 0
0.2979971803518749 0.9310244101515576 0
0.2883125317474601 0.9285567725000234 0
0.2952873890985587 0.9214002550412654 0
0.2813318314373031 0.9357106292562504 0
0.2786262896865414 0.9260868765473844 0
0.26893981445378 0.9236157884576942 0
0.2759167530375576 0.9164623589349283 0
0.2619588243145858 0.9307694387817042 0
0.2592516025954769 0.9211460398935566 0
0.2522705520068377 0.928300662134816 0
0.2123943252607609 0.8824020466227759 0
0.2193756109705857 0.8752498538070431 0
0.2166737993891152 0.8656294778037001 0
0.2220799740668992 0.8848721207502492 0
0.224784303869422 0.8944944268581645 0
0.4751149542853171 0.1551877510358751 0
0.8301563562449249 0.2986334242640889 0
0.896326242473751 0.5654919060926535 0
0.8893290768984056 0.5726710006359187 0
0.5080505033577091 0.2085281098433762 0
0.5878192676612205 0.9066360277113443 0
0.892927269894228 0.2342462509383057 0
0.8956385980940199 0.2438665618084128 0
0.6844820252298981 0.3246812828332053 0
0.6871926073074553 0.3342869616992146 0
0.09855398588217484 0.5418346795131099 0
0.09583549388153767 0.5322187243166654 0
0.1028056939173898 0.5250652186713889 0
0.2267836665961988 0.7078035578937194 0
0.1072975059351341 0.2226111166716527 0
0.1169958174247165 0.2250667166486768 0
0.1142698931556542 0.2154530099111353 0
0.1045805885090375 0.2129947039971133 0
0.9280012175786569 0.8057276904737918 0
0.9409035717557603 0.5321559001732337 0
0.6968660123207313 0.336746598092194 0
0.9171599036945424 0.7672493694697997 0
0.7761846962760633 0.7135727600703081 0
0.7734453447882659 0.7039602894585442 0
0.7664956039366618 0.7111133540263023 0
0.7692119217016187 0.7207226503081912 0
0.05743334756148888 0.4599963274788866 0
0.4538911826968943 0.2393586956992896 0
0.7835383651107468 0.6440713011419943 0
0.603119603754626 0.7674358141473016 0
0.1228738398786031 0.4051370113485651 0
0.1159113977673764 0.4123040145232748 0
0.7591139962317283 0.5576548628344266 0
0.7521485274340349 0.5647996541189994 0
0.7548536852475007 0.5744069983715792 0
0.7478871359384215 0.5815493521961718 0
0.7505915293658511 0.5911538497268896 0
0.08818341306646377 0.6641699864903313 0
0.6349800902205017 0.05297788944191678 0
0.3135151287597441 0.8903231798115059 0
0.3109803797896202 0.8806790766602084 0
0.4185168163937919 0.9438595457652005 0
0.0543662577593339 0.512705905286056 0
0.6803035025386599 0.9480970285609361 0
0.9099847691415326 0.1671262163295715 0
0.9196737000534568 0.169588639431778 0
0.08847804210365418 0.8870660113511143 0
0.5435560877037213 0.0475969639781168 0
0.1053956520493741 0.3114292944824126 0
0.1335568366884377 0.7292221138192452 0
0.4224499127809574 0.1596935861615511 0
0.03520369566324322 0.7310656641701119 0
0.03262819759844171 0.721588442330652 0
0.02314095843790565 0.7195171563531405 0
0.3598633520325383 0.2244068634740846 0
0.0429708003945285 0.8223540065534379 0
0.3666733291287911 0.7253923625507814 0
0.4005839599158828 0.08271496942860684 0
0.5632449943551129 0.721675094795479 0
0.1068817932052214 0.7938937457910424 0
0.09719237236505113 0.7914407399447947 0
0.6469496266800934 0.9574860423133391 0
0.1011076294183803 0.8370809590967706 0
0.5613421165404193 0.8103737347007083 0
0.6571729790959575 0.8975174461485597 0
0.09689877729521901 0.3449872473915586 0
0.9497550581739673 0.6594626428106858 0
0.912478500721694 0.8464436665204773 0
0.8318564865093528 0.87951671395205 0
0.8221706510994859 0.8770505383896434 0
0.8151908249187572 0.8842055825203852 0
0.812484190935969 0.8745843721188538 0
0.8291494081121202 0.8698957067346234 0
0.8361284199220744 0.8627407219556964 0
0.8264425115875089 0.8602748055091591 0
0.8458148888932263 0.8652065271294052 0
0.6391066985112075 0.7676469645112179 0
0.09653162057388243 0.4074026584854603 0
0.2045749088690527 0.184763897141568 0
0.3053923453082215 0.7633845858036586 0
0.6721086051674794 0.312614273166145 0
0.562593963057203 0.9448728467149599 0
0.7645416909255165 0.7998705306037599 0
0.7714982984141188 0.7927024832816314 0
0.7618614124939698 0.7902343597168953 0
0.8760122187966073 0.9086297373674346 0
0.6294184592190306 0.7652200233773842 0
0.9040316608383955 0.6567681729740029 0
0.8974763410898623 0.6015016744736414 0
0.8481979457004025 0.7140683160054708 0
0.8358115056828754 0.7019870423806989 0
0.8427872593472965 0.6948342680814634 0
0.2602528002345911 0.6984423459674641 0
0.788803982607561 0.05634226114462015 0
0.7818334249344367 0.06350940042967645 0
0.1583678606459401 0.7533557647956979 0
0.3920756493772304 0.1162686838690987 0
0.871438533629148 0.7645661429484227 0
0.8687315909308395 0.7549469423644177 0
0.8757069363148733 0.7477976276277084 0
0.8617477734345821 0.762106802970973 0
0.8660082444524362 0.7453465317038963 0
0.8853921579040377 0.7502584132469524 0
0.8826835639464459 0.7406438102573896 0
0.8644590496381183 0.7717232483519616 0
0.854760338418046 0.7692773196968536 0
0.8590251024131613 0.7525046383968275 0
0.9133036440883538 0.7216355639303036 0
0.9063253223755068 0.7287916709421737 0
0.1413553890160165 0.8204525182761977 0
0.1511002247705142 0.8227882193561189 0
0.05896609622902599 0.4335954060200846 0
0.7505989983474091 0.8141716631560604 0
0.7410033320145485 0.8115933726442832 0
0.5447921275689218 0.9135419381531819 0
0.4000978577525536 0.2078674792950482 0
0.3931362261458243 0.2150191588718998 0
0.2950549534646622 0.6626815099183353 0
0.1916966305258947 0.7439102588674973 0
0.3827541493690618 0.0513955427473749 0
0.2847050829311171 0.883003719117217 0
0.1774821706374096 0.9181670364628758 0
0.184465012289766 0.9110130576864361 0
0.1817627583793557 0.9013902291665361 0
0.2788139226137916 0.03389445208823749 0
0.8923688511551009 0.7431032822792307 0
0.8896626095252836 0.7334823104956808 0
0.8799627968598721 0.7310386761661546 0
0.7663290439406165 0.1042278821838829 0
0.8233009990649032 0.08298679122962954 0
0.8163228713014945 0.09014528973887809 0
0.8190329688728104 0.09976681056458969 0
0.8147642519310765 0.1165444562566927 0
0.6859817459139963 0.8062501093918478 0
0.07739804371663928 0.1168066053228885 0
0.7275794895665927 0.09437548220022141 0
0.7178925206068532 0.09191368628843577 0
0.7206053820037228 0.1015329316539869 0
0.7109184067609289 0.09907156679690493 0
0.2712102442813505 0.4517488115551669 0
0.08172604929833588 0.8321771079343494 0
0.07900446494876323 0.8225573242939889 0
0.8178982223271076 0.8938269960718199 0
0.8082117589971862 0.8913602917115645 0
0.8109179802600741 0.9009826325664886 0
0.7403600614817631 0.04406072149676399 0
0.9016483056511709 0.8079518458594526 0
0.7088722164526116 0.8569664215902781 0
0.241959123644918 0.5065850788570117 0
0.5834213976360638 0.824884862838803 0
0.09842423699055725 0.3185922947001792 0
0.3312268261863603 0.09189119663372569 0
0.2543098355484553 0.8395940453069689 0
0.5837688314551341 0.7625346689949416 0
0.1056875918654501 0.7578758635777634 0
0.7908373825596891 0.574642985533257 0
0.536240536877487 0.9470926317941617 0
0.2157395082984122 0.8296643066448226 0
0.6641562917633432 0.8903685018893172 0
0.7051022597075012 0.1422441880680999 0
0.2882202357924847 0.09883102630566198 0
0.1558549952427952 0.2349190590475964 0
0.1882513881306158 0.1270517522481006 0
0.6802516049808606 0.3414183635342442 0
0.3684425383584278 0.1281000786671681 0
0.9111437596019734 0.2031509679716354 0
0.1289375671955224 0.07628082147754911 0
0.3242600422737228 0.09904477475214613 0
0.3145657272640974 0.09659176402770875 0
0.3231984261660777 0.8927919646881666 0
0.7233182457037376 0.1111519133272753 0
0.127771876388733 0.04024649091570448 0
0.2296905279669587 0.8153704882028903 0
0.8677413709269595 0.2724937575349609 0
0.3198311549749123 0.6867855698178882 0
0.6876886017686691 0.048508481257515 0
0.8496583308781233 0.910851083501081 0
0.1115529989126269 0.2058327714607581 0
0.1065334687367263 0.8562711374634153 0
0.1134989189054774 0.8491317327427269 0
0.07585787219273249 0.1432119852594481 0
0.5550469817121467 0.9913975587985284 0
0.5650075991542213 0.9913496135376884 0
0.569641699151805 0.9828965632839783 0
0.5784887939545463 0.9820656074250412 0
0.5599757129518058 0.9836911523894005 0
0.5848338843197851 0.9907141214541242 0
0.5949240775719501 0.9895652984032073 0
0.5554897568780285 0.008276096379170816 0
0.5651225865781812 0.008506392640609373 0
0.5715875236119456 0.01757734105548703 0
0.5249997022735633 0.9913399178545944 0
0.5344161094644538 0.9911660971212546 0
0.5347020833963126 0.009307561321519109 0
0.866970473318539 0.1740597346647452 0
0.4643113960809814 0.009279329114191659 0
0.454361082262609 0.008460581953959601 0
0.4500002829933439 0.01731983550735966 0
0.4402899875182539 0.01691977610444717 0
0.4349335033938177 0.008744842850422874 0
0.00851127771154897 0.4449926636137019 0
0.01780262314789427 0.4512001319601105 0
0.01707451435240237 0.4401997167191606 0
0.02612362567200882 0.4440234456543204 0
0.00859453335631577 0.4350325904246098 0
0.01696737372226065 0.4300401710489076 0
0.01728395929992599 0.4201429566244009 0
0.02564485502277913 0.4249630894733347 0
0.00844349846790865 0.415023958979542 0
0.008412578414842942 0.4050027781762702 0
0.9914652345620346 0.4749526272939854 0
0.9914211804025317 0.5450091260587203 0
0.9830827468740715 0.5506967705646035 0
0.9827610354389498 0.5401188146552892 0
0.9740213824989561 0.5450003711435434 0
0.9745293748490891 0.5345719155214494 0
0.9666114971366286 0.5526888651998142 0
0.9827785308995232 0.5299495261030217 0
0.9740817376688368 0.5250367696370474 0
0.9915389889640629 0.5153449592641675 0
0.982941526598618 0.5204059904925012 0
0.9918204843791699 0.5052672842556987 0
0.4349010590518337 0.9914488462126644 0
0.4402648646433654 0.9838176683387281 0
0.4301162452557693 0.9827375315504197 0
0.4250027050013219 0.991359456426264 0
0.4200454176779591 0.9824746903907144 0
0.4100098324445941 0.9826450663408939 0
0.414278219796128 0.9741716918922412 0
0.4050048814957543 0.9740190554424022 0
0.4004307085658491 0.9829175035202282 0
0.4050737230241872 0.9913727634840137 0
0.3950852103020424 0.9913833507325148 0
0.3903137657766368 0.9820833352761797 0
0.3798600884283064 0.9832533058427344 0
0.3749916565288239 0.991441501893864 0
0.365013283391288 0.9914718748235047 0
0.198309284699488 0.06708674000248216 0
0.8136123567810063 0.08052285236493589 0
0.00892122263333639 0.5445857347029243 0
0.4049641020898356 0.008634192446123679 0
0.409696616768447 0.01524969573146479 0
0.4010140079787596 0.01890898028632138 0
0.3949997151670495 0.008660089589463238 0
0.3901432017961511 0.01755044497365288 0
0.658563761053365 0.7104014513629777 0
0.7706057642610556 0.917515733159976 0
0.7775858037897777 0.9103604425818846 0
0.767899116539827 0.9078935453117931 0
0.8859513071306233 0.2414032483663513 0
0.9435219953111053 0.7650121458662433 0
0.008660071543209635 0.385000172408651 0
0.01838629286491111 0.3897160273339262 0
0.01689786628740197 0.3785976195288202 0
0.008226841358629444 0.3747663193093694 0
0.6148374855078751 0.9915861712093416 0
0.6248776779533867 0.9920539280879372 0
0.6151339356925579 0.01058992991478219 0
0.6249997355196502 0.00866010134004308 0
0.6299997355327851 0.0173198005111756 0
0.1871691981608612 0.9206372400161938 0
0.3943027641491877 0.250986762310787 0
0.3873314829583874 0.2581458987694394 0
0.3969809912504577 0.2606043027195223 0
0.3776576293503208 0.2556913408310024 0
0.9914024823946486 0.6549304163982242 0
0.9913797281733775 0.665077527907032 0
0.9826801844484911 0.6700000000059363 0
0.008660067997650067 0.6449995698506543 0
0.01830454236217882 0.6385751682218797 0
0.01748375263654989 0.6497613418359709 0
0.02610562785587539 0.645126902559861 0
0.02569597799954249 0.6549752905777168 0
0.01730558103928093 0.6599671381960567 0
0.02576413495595364 0.66473003346818 0
0.008660254037843984 0.355 0
0.00863583793937156 0.3455712734731722 0
0.7555039907893213 0.8958062048969595 0
0.7651900989341902 0.898272195888611 0
0.8098783808569471 0.6418421226649939 0
0.3449999169466462 0.9917165468803024 0
0.3498630128533173 0.9836571638495599 0
0.3349999370495173 0.9919317578230589 0
0.3065529381048261 0.7993653448170789 0
0.4097743368814861 0.2103233811279114 0
0.6443149137040909 0.00955085834611008 0
0.6549170848964414 0.008265935106962052 0
0.6950115187144154 0.2021702263918876 0
0.9450707661088723 0.7386568304286785 0
0.9405594360769381 0.3713960051629766 0
0.008495682542371874 0.324755446884355 0
0.00853503600297989 0.3149591905255359 0
0.01731988796464479 0.3199997396660433 0
0.01776028815272235 0.309343497094241 0
0.02674286147788829 0.3076610986649926 0
0.008659943077687249 0.6749997588464066 0
0.01728183305252395 0.6699483889819484 0
0.0173150684276806 0.6799893166497486 0
0.02609590150042579 0.6745488189066213 0
0.02592402545877315 0.6843092626398375 0
0.03553664556117453 0.6790281847564285 0
0.01731285199554539 0.6898811630154588 0
0.02581157619326102 0.6935387443510617 0
0.01729519582294364 0.6997340989441083 0
0.02715126614203067 0.7026555664164382 0
0.01768441641136964 0.7101124000629093 0
0.008658383102749911 0.6849782000681746 0
0.0777670280559466 0.05436350858516403 0
0.08048395675737574 0.06398572704814887 0
0.3150002914811936 0.9913638621477254 0
0.3198170471295235 0.9816345069381437 0
0.309200969606605 0.9830029952074901 0
0.3048672866626687 0.9913976707760852 0
0.2995151941005545 0.9829341873161519 0
0.2899211406812733 0.9827216851647448 0
0.294475439894928 0.9743734708638561 0
0.2849830490919199 0.9737991528180295 0
0.2801746065562189 0.982320853585142 0
0.290387296404914 0.9648809856678149 0
0.2736368084567877 0.9721320376421116 0
0.2850162126538631 0.9912862336900127 0
0.2752353953636605 0.9913873041708852 0
0.6534972086189702 0.9917253464509083 0
0.675060948444592 0.008777684677322317 0
0.6846973028137699 0.008344817442129671 0
0.6752679287843427 0.9909985703627836 0
0.6851525524010325 0.9913996923942687 0
0.690924390022215 0.9834078189937772 0
0.7002793436077199 0.9832889891105622 0
0.7050458529494051 0.9914410249535652 0
0.7099980355858725 0.9826791334380971 0
0.7043475679601456 0.9735083357162926 0
0.7150073053067478 0.9913565035822327 0
0.71995588572198 0.9830031421926233 0
0.7283205332765699 0.9840481672059938 0
0.9322732024966004 0.7889458144301944 0
0.8376844307240876 0.8363492310375495 0
0.008085204020956582 0.2950491697571006 0
0.008367514690055644 0.2849845743558165 0
0.008690534845117337 0.7049867203247574 0
0.008313812290683342 0.7145934498248696 0
0.7609192480988761 0.9150489066126943 0
0.1014074162086935 0.04250369542156246 0
0.7039465417439875 0.9362664078895842 0
0.7355616652007032 0.9897506457389373 0
0.7568103199899633 0.4857317020736833 0
0.5779902597379392 0.805665774401251 0
0.3602851415038253 0.09926952108375126 0
0.008514721048639984 0.7946316776673031 0
0.008854672220496407 0.8042894474489209 0
0.01835312259191735 0.8085477735303703 0
0.008660254037844317 0.7749999999999999 0
0.008660254037844206 0.2649999999999997 0
0.00882315413038709 0.2555220002447396 0
0.008622704000682047 0.2350003382062936 0
0.008463265322501967 0.2249144186214302 0
0.01723808398555071 0.2299116582656249 0
0.01733245319415133 0.2191670018888628 0
0.02597924809907509 0.2250001252282809 0
0.02542292191599943 0.2350273585490351 0
0.7949999325505461 0.9913400106985175 0
0.790000063331501 0.9830434138737374 0
0.7800008353505536 0.9827406834615491 0
0.7863647104695826 0.9748152964140759 0
0.7999994518390312 0.9829442397751953 0
0.7752502923650001 0.973391037340458 0
0.7700432064244701 0.9825851444024281 0
0.7649270842305568 0.9744657390262684 0
0.7603148823161745 0.9828859263585616 0
0.8052060468457342 0.9912703264021774 0
0.8100000000017048 0.9826798703759796 0
0.2546024540551123 0.9912774958717996 0
0.2450002073941571 0.9913398657012278 0
0.7354103312890465 0.008559621973558418 0
0.7647945537892976 0.008297347609640349 0
0.7600220762300489 0.01659632486496576 0
0.07118102331056697 0.7312793440602735 0
0.9301198252007565 0.270498479367117 0
0.0576526601870444 0.1743266970252362 0
0.2166019607523557 0.3215262934783952 0
0.2703861142114308 0.06751695790756512 0
0.2724596951211936 0.4876295163374413 0
0.09499660872578441 0.4337995497624203 0
0.09771424954537711 0.4434175216738026 0
0.09074513822145702 0.4505791137124751 0
0.8480913697964854 0.9372558017703776 0
0.8692921365468902 0.2460983699695161 0
0.7829917738630467 0.09953297141122996 0
0.9367798621148056 0.1024772198498096 0
0.9297932034400185 0.1096469184827051 0
0.9324750938905639 0.1192436938457487 0
0.9228076142975705 0.1167832917473843 0
0.9200796466863959 0.1072689768387755 0
0.6763008293844086 0.8038002128319313 0
0.2974219819012466 0.7346075124299538 0
0.3070846408235983 0.7370339011749391 0
0.6609486062130091 0.9431540824824067 0
0.9467177014468187 0.489073322917268 0
0.1429125079407133 0.3474961420489363 0
0.9482799641533016 0.4626956362201566 0
0.7748786893107621 0.9007387382979325 0
0.8717394503925676 0.9254099849941489 0
0.8012312848868317 0.8985163964242557 0
0.2953156737585909 0.377534966052427 0
0.8802838697815094 0.06174217530394444 0
0.873304384168716 0.06890270515477515 0
0.8829946877057067 0.07136734953456936 0
0.8760072937829455 0.07852865233087414 0
0.8663242883046108 0.07606229027962746 0
0.8690302350285326 0.08568142562907854 0
0.8787091830038185 0.08814580811218331 0
0.8593451513839443 0.08321996503970891 0
0.8620434919505061 0.09284009388507286 0
0.103500809556573 0.4002408193995456 0
0.08869539657245928 0.8250095662160493 0
0.2300870296523418 0.08408356289785773 0
0.1386287968545518 0.07873881893040846 0
0.1510357570042566 0.09081838247862373 0
0.1634427623103066 0.1028964743707002 0
0.1011499437820972 0.9346454734304539 0
0.9087214429901465 0.5775710442144102 0
0.7616480723399062 0.1833949346450433 0
0.7643536514475207 0.1930091193281105 0
0.05402566657475583 0.5751267788960182 0
0.704221731112309 0.2672735339218456 0
0.5307584800422439 0.8293943535928894 0
0.7915222895003622 0.06597281456295956 0
0.2465618880862847 0.4275024539951033 0
0.09193166066265035 0.4865932023106165 0
0.7049877524155932 0.3655576744846558 0
0.2581202681605631 0.8851312039580479 0
0.3006567856627484 0.8425405920243935 0
0.1238701055896054 0.7267693591401083 0
0.09055994308178666 0.7361872494426555 0
0.9444201028778501 0.4170463133361147 0
0.04607288417395461 0.2607217851326433 0
0.05576029355051565 0.2631616820046737 0
0.1022157604719474 0.1409625611377596 0
0.1204819672895698 0.9393864452587266 0
0.1274685288592636 0.9322208675105825 0
0.1178444351868275 0.9298679927272768 0
0.1248623210146154 0.92264188267509 0
0.1344689054099674 0.9250724891955698 0
0.1317486064914212 0.9155213047438138 0
0.1222923070302698 0.9132518443596318 0
0.1414394205773312 0.9179250194090987 0
0.1387984716113143 0.9084002874213679 0
0.145808753500719 0.9011883489460542 0
0.1432331585457975 0.8917749735031685 0
0.1724392840878527 0.5156001664262709 0
0.05611153058080287 0.2007350700896445 0
0.06853362937950863 0.2128008024129114 0
0.9064137878637073 0.5055435242124338 0
0.8550670702400125 0.1000019050044012 0
0.8577575823203003 0.1096156886572019 0
0.9054988340466601 0.8536005208005539 0
0.9916497090393204 0.7767509928453833 0
0.9913783048037768 0.2249597701142376 0
0.982976086031583 0.2302927972114123 0
0.9827357829268815 0.2200427081553715 0
0.9737255522969173 0.2251663174927447 0
0.97402049135512 0.2150011129004218 0
0.9828587383085372 0.2103078666793393 0
0.2251422673116894 0.007972013278034651 0
0.5614535694143915 0.9088575915132917 0
0.1695812456813522 0.7294202183318634 0
0.2248464447522118 0.3506442471210187 0
0.7291631267422269 0.8980238436205573 0
0.04406128669174997 0.1262158716608596 0
0.05412402342328021 0.06623243969595483 0
0.05684420686649494 0.07585670852724635 0
0.06653281644387254 0.07831432916006043 0
0.05955754484904857 0.08547867531526571 0
0.04987805471454021 0.08302954032347015 0
0.08425530477033794 0.903747686929417 0
0.1139398260689733 0.2778641266681604 0
0.2307880304473463 0.2448484384935444 0
0.901455756754405 0.2006883231421505 0
0.1877958566156808 0.8582657146506516 0
0.1948116232128479 0.8511229755745177 0
0.6473500026107737 0.734294252182875 0
0.262389738586873 0.8683551989522055 0
0.360664280056454 0.03685659489521481 0
0.636676383231862 0.6957281395527442 0
0.8526317611163688 0.250790091852069 0
0.008492605966547995 0.823412181403486 0
0.00981492852259952 0.8339473080084965 0
0.3204801890199968 0.7850499872079792 0
0.1945595096744759 0.9913108029868865 0
0.9902685644982079 0.8036653823119435 0
0.990230314942679 0.1948445266167507 0
0.9800952931066591 0.1832042834568968 0
0.8949150032186655 0.1454420142850693 0
0.8879116896895382 0.1525939851782492 0
0.9454036056706872 0.8994770655680757 0
0.9357096864303097 0.8970215503252742 0
0.9426954550819243 0.8898512520904217 0
0.9330003164771798 0.887398298877359 0
0.9260196203821742 0.8945573365287438 0
0.9486111945484793 0.623441542719444 0
0.05908839102769148 0.6567927642376162 0
0.07159922751829717 0.1600000383213204 0
0.9421166578206792 0.3450079121992133 0
0.04561170504451051 0.09981135690640813 0
0.4727221387323339 0.9130407615060501 0
0.2178026465128091 0.9016472120512341 0
0.2274887693312168 0.9041173661071178 0
0.7946719791662284 0.8432597826613905 0
0.7750075649057044 0.9913342765090463 0
0.1153762451222978 0.7603289713464817 0
0.1250634655670166 0.7627801581486904 0
0.3725071899351147 0.1737238472223381 0
0.3655120341330933 0.1808922498083068 0
0.3822605770756671 0.1763333216107089 0
0.389358629493599 0.1693034096742371 0
0.3682136469209141 0.1906329948696994 0
0.175473645924168 0.1774015974773648 0
0.255019602819644 0.1082451555391716 0
0.4920192792798345 0.08808248994497742 0
0.08437240103402605 0.1096426569847313 0
0.8888329636420551 0.8582879582913616 0
0.8791458083038752 0.8558217792206231 0
0.8665799378203316 0.236477775627758 0
0.2156259349211914 0.9899332718393306 0
0.2087587973598179 0.9820508477147738 0
0.7442430181140516 0.0896801733547854 0
0.6349634512794694 0.276432588568564 0
0.3168406050257283 0.2312720960812952 0
0.2446060593612913 0.8370408088367919 0
0.816027401117027 0.7594408661176776 0
0.8090525167312996 0.7665854799876717 0
0.3310774017238319 0.1542777964301699 0
0.336268384969788 0.2362484105131344 0
0.1669613888174474 0.2109559967951171 0
0.1371600089626889 0.9346913527232883 0
0.8287221922764517 0.1022310373998027 0
0.9501724879100415 0.597041532443269 0
0.9914174119064268 0.1737646957327627 0
0.7451830692730785 0.5719468404030794 0
0.1859754377397629 0.7869710760424971 0
0.5915717514232165 0.85371382088355 0
0.7055069381011149 0.07983544431702411 0
0.8764378977328631 0.8462016221012758 0
0.489872632037809 0.2395783121115306 0
0.2980352131935562 0.8329101681422495 0
0.02518396723642974 0.05832506671351656 0
0.04677684308620889 0.1358380625261272 0
0.8636144531631904 0.06643816655990981 0
0.9382520636669185 0.2993634080232284 0
0.008594276912465171 0.8550157740980073 0
0.01730939663056053 0.8600026876396771 0
0.01731854295855084 0.8700002744135237 0
0.02701471919233528 0.8648180381527427 0
0.02544644981235 0.853748726500155 0
0.02573110625227493 0.8750560723761633 0
0.01709128044486619 0.8796444415549779 0
0.01615257803769043 0.8495103903739758 0
0.009180815710632451 0.1445567822314441 0
0.01854567824059128 0.1490888409989983 0
0.01725317677619298 0.1280864619002876 0
0.01541338714470408 0.1184460317549157 0
0.8551848785900249 0.008035517495514344 0
0.03591410472338413 0.6424360726082247 0
0.2575356484767958 0.6888365990214587 0
0.1448767618783414 0.008902224876225051 0
0.9917686580789615 0.1450015644032385 0
0.983309290436313 0.1411499125365205 0
0.9812424346502538 0.1302610990717674 0
0.9911002106649105 0.1250436360893911 0
0.9826776901582814 0.1192776708146112 0
0.9913349385079939 0.1149482646358184 0
0.9826794442516451 0.1100000135353127 0
0.1434934685231905 0.9901722978208591 0
0.9914882096311399 0.8542267237560367 0
0.874999994529172 0.9913397491207405 0
0.8749999901393021 0.008249060848305234 0
0.8849999405489957 0.008660219713792439 0
0.8797807915780438 0.01775039195914968 0
0.1471588661604442 0.04517597499837744 0
0.1249954676351904 0.008316573796847915 0
0.1150000388868519 0.008660235518687942 0
0.7612181850915941 0.2458241262122897 0
0.008398698080440359 0.9062061305848315 0
0.9051629518414077 0.008640782107246003 0
0.09608656638727892 0.008734587653902337 0
0.990211936041776 0.09526798087730587 0
0.008660254037843373 0.8850000000000002 0
0.09457878590802249 0.9916450086796926 0
0.008766979247958051 0.07493012732485943 0
0.01752463230868828 0.07064478091733412 0
0.01691706503056511 0.08021401527204558 0
0.9250331257909383 0.00803629993613203 0
0.9218841793751016 0.01760959347222346 0
0.07475016836522874 0.008595195214141316 0
0.06738711621641297 0.01603209612283168 0
0.9915415379083176 0.07497600195574006 0
0.9832616946446842 0.08026350855051995 0
0.9824732426805944 0.06909852846393039 0
0.07498232204813104 0.9914925120653949 0
0.08009616602082037 0.982789824644148 0
0.06923174055234405 0.9819964302033821 0
0.9912316408053919 0.9252005257975104 0
0.9836099550716221 0.920223979652728 0
0.9826794922961291 0.9299999997853308 0
0.9450525356306529 0.9914090972174475 0
0.9393802577773387 0.9833479621428185 0
0.9494224296522025 0.9815029110863672 0
0.9549124900450416 0.9913070667457743 0
0.008660254037392789 0.02499999999922009 0
0.975563162478135 0.008597362747431281 0
0.02431852416766389 0.9915887613868092 0
0.9749328358224187 0.9919946565499347 0
0.9549503621217573 0.008587850462231927 0
0.9597362450813535 0.01853701675234498 0
0.1324703455198253 0.1843470359948688 0
0.05571185349428198 0.7720139215601184 0
0.8322774484382063 0.8171072241381292 0
0.2812858233342863 0.1059789827845862 0
0.8915397001477048 0.8679137453289354 0
0.9421603561376235 0.1217016744859491 0
0.1646189682225796 0.1389168830623895 0
0.836836575808563 0.9611964503610808 0
0.5246893497848731 0.203834079584237 0
0.008621720788739795 0.8749407843296888 0
0.1254000963680145 0.7003790614600029 0
0.2146734778927931 0.9544809309774157 0
0.8721656525223833 0.862980560218043 0
0.04116674480629173 0.9111135657810687 0
0.04393685488659227 0.920619288828873 0
0.03205257909669718 0.05160695911340063 0
0.2365644518761529 0.7102823692900864 0
0.7208086019746004 0.708406405261503 0
0.3979605710911152 0.902918771665318 0
0.9287282577459784 0.9041813612418879 0
0.9163304653342202 0.8920916384898264 0
0.05567011603911043 0.03982520632303588 0
0.03261821228404893 0.2121662258867119 0
0.5452037058607733 0.2447144488417224 0
0.9507201348039169 0.08818482757556867 0
0.9410107887559547 0.085788161120679 0
0.8857011908196499 0.9110963651441912 0
0.8055031071289306 0.881740029072386 0
0.04448149239983845 0.795968918499259 0
0.8415239090201334 0.05188607322689409 0
0.266809296616089 0.2450551903708331 0
0.1975753030948019 0.1919298551708378 0
0.896638970304745 0.7263277370739547 0
0.79225402622775 0.1643934246373299 0
0.9107462402692945 0.2655694451994434 0
0.1941523642260592 0.9134837154560661 0
0.2092481297181573 0.9352013802742438 0
0.0602745193551118 0.9780663378130161 0
0.909350796273923 0.8992490207989895 0
0.1592388438430657 0.9492560194374803 0
0.9555838412121547 0.232166444169687 0
0.1316537987745188 0.08590279445504917 0
0.9393838657507911 0.5585654766165797 0
0.8066338986559913 0.08768089530525713 0
0.9784198054184763 0.05942371818524939 0
0.08725665073897043 0.9488301111559552 0
0.0846743305250155 0.9394346982372792 0
0.5644174027609995 0.7576348691064053 0
0.819463599437411 0.8674300828402663 0
0.02614886445938058 0.8900613959712775 0
0.2397777984985704 0.08654142496050449 0
0.05375542815508194 0.1286753482090037 0
0.3495427824787612 0.8905771671002395 0
0.9309164250930542 0.1456455998451627 0
0.626542276379902 0.9165052471948538 0
0.06164591175993461 0.9516835855838173 0
0.9366960894200438 0.3257628830565005 0
0.9913834446776393 0.5350130449242227 0
0.1052964648992701 0.08815014517078684 0
0.9174745253729435 0.9281208599508263 0
0.03786238574717415 0.9632982920441422 0
0.7650303113442725 0.9913551719760489 0
0.9372701779571918 0.8706233029350858 0
0.9522702508854153 0.06209566782532328 0
0.1511252085364644 0.920383305799624 0
0.963541852394011 0.03825703067971054 0
0.922890654660258 0.9473706030497732 0
0.07018696299137578 0.4096554775528018 0
0.3792119774718229 0.229320011606429 0
0.8496565513081832 0.0807557871086344 0
0.9126970380262688 0.176748475167128 0
0.1610676988524228 0.3164657303736414 0
0.9371915294066805 0.04044470023493624 0
0.5517875783754758 0.9063779950351258 0
0.1843628428160463 0.08140905272070931 0
0.008684915662243609 0.6549545473087047 0
0.9385085904119009 0.6833920445192223 0
0.314938843612894 0.03418229047041871 0
0.07050651893622395 0.8561304468428971 0
0.9713374961454888 0.9597087593522551 0
0.7453987409444768 0.1256948528464257 0
0.7481068467628629 0.1353128098519371 0
0.741131405768383 0.1424676237918185 0
0.7550816579246686 0.1281578008503752 0
0.7593517445735674 0.1113840220241634 0
0.5436896339452917 0.2710873259409636 0
0.06266463816684337 0.03292079540952952 0
0.7688183740962352 0.7831039824142927 0
0.0796078196918461 0.02784820493430618 0
0.3205359699001956 0.8831663686851688 0
0.1041601344521653 0.7842746213221728 0
0.9913586591416155 0.2150265579273012 0
0.06965179417736389 0.7576815804429409 0
0.8598577852688735 0.6277726738726169 0
0.1466474081973261 0.6165231700305902 0
0.8733039128015523 0.8990067721256771 0
0.8636178682976048 0.8965392972101702 0
0.7326013444060324 0.1760078210553181 0
0.7283350147625924 0.1927750575462627 0
0.08597392601932702 0.8153906116559053 0
0.3956980199000547 0.7327504137884093 0
0.7634174908011511 0.7637509528419637 0
0.1124274550859329 0.01782158350437307 0
0.1897947460320754 0.1006506978077147 0
0.8144769213030307 0.7857957541114001 0
0.6504251822591767 0.6815307193693377 0
0.2317679228248306 0.8873437501219748 0
0.8933207674671441 0.1718247315346809 0
0.9634399933853424 0.261110032183671 0
0.9232397902756636 0.05477273194749233 0
0.3832885841843194 0.720678885461146 0
0.1586330127849944 0.02090219632075208 0
0.7767361063031595 0.2050792427116428 0
0.2248484330708634 0.7965127357213813 0
0.9460294546071604 0.1673539229181341 0
0.9450002272552599 0.961842080304624 0
0.1877894748996053 0.2518025604000506 0
0.04058913663242975 0.7503185501145002 0
0.2904207391194825 0.2332066604524606 0
0.2967366941304124 0.06527497814017058 0
0.9237298278427322 0.8225079424385652 0
0.9041681330986016 0.2103105358134677 0
0.7314484445876628 0.1400053907173776 0
0.2244990697614475 0.4130020378128486 0
0.8847934638971955 0.2053850437372836 0
0.9658064085543782 0.1098414183185583 0
0.7951191569022951 0.7808636255318584 0
0.8514683953903099 0.2147721869978368 0
0.9672003686531744 0.9138180698085637 0
0.02714360133384519 0.06826023113864871 0
0.8498403788483002 0.4645889655354853 0
0.09643121445950431 0.1841362549899787 0
0.891525155094364 0.03782215850564968 0
0.119111600467611 0.5827495713381895 0
0.5188931000167636 0.2469470042231597 0
0.7579917194170329 0.7445694432458253 0
0.2105746372323432 0.4273042688535717 0
0.2473857312788898 0.5257924083535015 0
0.2896256549203792 0.6434756956907948 0
0.7589400201598125 0.1737786431659251 0
0.05695231397716871 0.2991472003768023 0
0.6706282964618813 0.1156155914127334 0
0.8774259716291649 0.2749561764590133 0
0.08708900713336515 0.1192649960326341 0
0.9470487622473536 0.6498421202286131 0
0.2263596167278875 0.8681004945758013 0
0.5695726993248946 0.9377177235062707 0
0.7769020705269836 0.5889352364007427 0
0.9438337334929426 0.9258977270812838 0
0.9142018627724919 0.3735981662363421 0
0.8701742132878223 0.9518155072383173 0
0.9317246351117209 0.976391159117679 0
0.1580103704220296 0.08365472998603252 0
0.8923371546994325 0.9662702414352526 0
0.06387262903279767 0.8008661260142815 0
0.1092220745585386 0.963308654829748 0
0.05529893931572832 0.1022672707966805 0
0.3074562802409957 0.1661376811341614 0
0.09905937502639095 0.7026325212045282 0
0.9388343509817118 0.8442201296254045 0
0.3241075835486167 0.1614371352713294 0
0.1883039169367132 0.9566540992187982 0
0.311944508226517 0.916714559134763 0
0.1126549386419835 0.7507108776420508 0
0.888664402686799 0.2510250909731363 0
0.9543575392396932 0.8035017917494239 0
0.8124494971289569 0.04448805921887389 0
0.2287472717739393 0.3962442665082969 0
0.7825725040077469 0.16193226242386 0
0.1595612922327527 0.7893627783915169 0
0.9582025135825158 0.8491542244117554 0
0.2310983757935199 0.6910730640948077 0
0.2829297239460326 0.8112311887694538 0
0.7987669257738043 0.219567824431023 0
0.1595522476131236 0.05724856531224531 0
0.3418910885476174 0.701285039605922 0
0.234471230707751 0.8969653329082515 0
0.7372715975405271 0.9268929680349532 0
0.9706283638567503 0.1290591844939549 0
0.7996660006296714 0.9249162022930884 0
0.9355413528171465 0.2897417163646134 0
0.125965369429786 0.8609121864554912 0
0.9048634281833428 0.5319381083296921 0
0.8609139694477254 0.8869156446069864 0
0.05537195411007878 0.834436889885584 0
0.8749497656605263 0.6494443281013517 0
0.8873578101606292 0.6614879223733527 0
0.7186552724040931 0.190313913074307 0
0.8755863127311263 0.1407865955289888 0
0.8262905878732232 0.2530199266145878 0
0.7476999514022226 0.1977007324162328 0
0.1320295645702892 0.7556149365146285 0
0.9077859953324927 0.9256535937835551 0
0.1692435025085881 0.05970739083922372 0
0.8431972115689127 0.02549152308359215 0
0.1355830740919712 0.9610961139833853 0
0.05258903995462383 0.09264943935353037 0
0.7694680946410288 0.8814963413958419 0
0.7604959847621856 0.147389755661928 0
0.7401866195857788 0.713333940727233 0
0.7471445017537528 0.7061839415405102 0
0.7568212840515133 0.7086518698138459 0
0.7541148708585361 0.6990389143169113 0
0.7374682794540554 0.7037227896582001 0
0.7595337999425108 0.7182606270245422 0
0.1576832438291587 0.9754244023467588 0
0.3106824906104267 0.05095703753631192 0
0.7593527201382247 0.9414492778299075 0
0.09346254632387851 0.4601956847930844 0
0.9212278893283818 0.1431842387135194 0
0.1106150163038791 0.6162991284824096 0
0.5528431641120624 0.8439100069030258 0
0.2565448639611653 0.9115245394345463 0
0.9572568290813299 0.143415769057523 0
0.08019527717140229 0.8585715611113336 0
0.1123657304432967 0.3042689240942049 0
0.8464820012579634 0.1335210889455906 0
0.8651720128457969 0.04003064949028023 0
0.8345462672138755 0.0590460359242595 0
0.155076236290821 0.8680518541433044 0
0.9624625283691551 0.8323764646200567 0
0.1401761454798515 0.05233548041451097 0
0.833731102850102 0.1837327340326204 0
0.08058536997606447 0.2872828563818988 0
0.1226813114011822 0.6907655300645864 0
0.900083952765531 0.8343535801089028 0
0.04430390950251079 0.8583469128596153 0
0.2731015428861946 0.07713614826398463 0
0.03582282787134722 0.6062079818465592 0
0.8616414317474688 0.1551128160009709 0
0.7386226025574941 0.5168060698066019 0
0.7260185521218704 0.9508265588630431 0
0.6694752619467678 0.07960513321673729 0
0.6558773721870008 0.7007719574687317 0
0.9347859605769639 0.1912956151340189 0
0.9307096064875222 0.81535071722563 0
0.8580540762649225 0.2700274816439675 0
0.1662211970142999 0.9421005732376302 0
0.03401063767103019 0.1861984788773068 0
0.8325312396163677 0.1478421283526828 0
0.6248408685534538 0.8443001473081303 0
0.8476888667076221 0.1694265730911507 0
0.07479304058419656 0.3304626871184708 0
0.1691045494904495 0.8538030502511889 0
0.2564402463812371 0.08183818695996636 0
0.1076599201363946 0.1601946566611717 0
0.2256615667560668 0.6718562663747707 0
0.9794094823253671 0.8634075728472688 0
0.8938252458707525 0.9399680164710362 0
0.03546283455705085 0.1596276974757782 0
0.7848276470148907 0.2339005053462771 0
0.6877805663329912 0.8785158150973866 0
0.4742000979692196 0.05676401470750586 0
0.1680531379294414 0.7558073962076673 0
0.795815902260669 0.8792746585526618 0
0.9813488474051353 0.9622407047122801 0
0.316111640299982 0.07019380336741315 0
0.8185772844590956 0.1621466881801203 0
0.8878390382074421 0.02652889910077838 0
0.1830427862432115 0.839478072136661 0
0.9035140526093073 0.9424349468393038 0
0.7934601024871564 0.9674818216437682 0
0.5156561647247551 0.076229197627803 0
0.8151669256146594 0.05411722037956679 0
0.3339450379236152 0.1015053686746324 0
0.9369474173583386 0.709790450438196 0
0.6141970253716071 0.9043756517277945 0
0.2801921292904749 0.3557900282541723 0
0.7857024385278968 0.1091540950522054 0
0.7564087824296215 0.5480479847635421 0
0.3757794072195962 0.058554437770306 0
0.1073994780795491 0.4458716194182076 0
0.6335221791895449 0.9093513795232409 0
0.2162297002293429 0.9280472498458795 0
0.9037699360751497 0.2727244763266548 0
0.2504503553976228 0.4730755063496525 0
0.0912204504090634 0.8966118862553051 0
0.4978360704471819 0.04490926310772658 0
0.6570148596357888 0.2909504271995845 0
0.07325742730729562 0.3568607613889683 0
0.6183323525401574 0.2811263219704859 0
0.5795875526270993 0.04782747951017868 0
0.7247324093241474 0.308164837877372 0
0.8046276030489687 0.1764574801062895 0
0.2477986057758519 0.177766629712689 0
0.1053545813293523 0.8202953054214903 0
0.8097689620515438 0.8649662925357788 0
0.08206128799036505 0.7697517229998622 0
0.9275818338813056 0.8681568060285185 0
0.9192770429351125 0.2320138241075335 0
0.1969795121699561 0.8251545861833691 0
0.2465999476033081 0.1417751836702184 0
0.2466804858079247 0.6504185945733589 0
0.7690407562193006 0.9439126579002313 0
0.9586266581430194 0.7867222120526429 0
0.7906812684803857 0.1907685732939609 0
0.1855966775356279 0.9470388704968616 0
0.6792250578518454 0.9120601554226673 0
0.2109146100263894 0.8108326328570965 0
0.2994506208199391 0.07489463890733383 0
0.745796979535306 0.0632801467307994 0
0.2527072732574256 0.8658872280802156 0
0.7513991098148722 0.4665225391531211 0
0.8237243010237623 0.8506587106344552 0
0.02944331622249696 0.7743310322883884 0
0.05542140091055126 0.3255585224325311 0
0.1518446651970866 0.189264051792082 0
0.7227419016029579 0.3968190826371419 0
0.02971174252342168 0.3277283132377992 0
0.08366472298509819 0.2344819853818237 0
0.9476767268082925 0.9709934629834394 0
0.1901586529384439 0.03825801912609683 0
0.1860477277142724 0.8846165534352206 0
0.8802879926634881 0.8918489949042724 0
0.8416444021959526 0.6588380032315562 0
0.407328775757317 0.137960563095296 0
0.6690408850453662 0.9718707971912908 0
0.5985355080471124 0.8465535439248448 0
0.07633030118442885 0.3040631453928209 0
0.1309329872647369 0.2107463310228664 0
0.07172123546295983 0.3832586828509361 0
0.2039084019914174 0.02445985108799648 0
0.7870045247403581 0.7520221700083736 0
0.8423612574154203 0.7572145486319206 0
0.06593743151348902 0.4264356065966388 0
0.9357998039976825 0.6737710318837969 0
0.3854685792877452 0.06101444475446438 0
0.7173662366982146 0.3776204660261232 0
0.8537817518161683 0.2867897533551661 0
0.1421032056272631 0.2491108733808501 0
0.7095806486875473 0.7943851444389303 0
0.1447746239491232 0.7052882350006453 0
0.6526945322818145 0.8156662170629572 0
0.9292387785829317 0.6185141934808313 0
0.2732088529463375 0.9068422463409808 0
0.08212793510159822 0.2608817031042873 0
0.7697633635038181 0.2122328176516168 0
0.9672065084101549 0.2086908293000702 0
0.8260180001722293 0.9226932660681229 0
0.3699695398755642 0.1017298052090203 0
0.9276769095107064 0.6449098361918024 0
0.1494626773249468 0.402735893734624 0
0.9332310246152022 0.2176978320752467 0
0.7607321120358912 0.3083727664583146 0
0.3625736723897152 0.2340145601924001 0
0.2317281056409794 0.7892772390594374 0
0.4430500625916943 0.2009366847501322 0
0.972259585026757 0.6115687351538627 0
0.6414830476385017 0.8395932399015541 0
0.6624387997139257 0.3101512686644662 0
0.6989029703704881 0.02509475507529724 0
0.7331857469266987 0.7825195614068909 0
0.1432440535972664 0.731675863423092 0
0.6725756327855412 0.02680048418610304 0
0.8517358888879889 0.5989316380348332 0
0.2865658783296128 0.6961915631533272 0
0.9066423844688078 0.889626132956325 0
0.5489599504173807 0.7983114218100378 0
0.930798956907951 0.5921185424113722 0
0.2259159177869102 0.930516690901674 0
0.1463033789059739 0.6789036108218679 0
0.7150525205757193 0.3057009544221246 0
0.7123455319670581 0.2960947855584765 0
0.1824452446258211 0.170241323192114 0
0.8549352032585131 0.322787101651365 0
0.07084245871015082 0.7937003997088232 0
0.2896282674198129 0.1348374560915571 0
0.9738912729791559 0.585292126087822 0
0.8431081745883384 0.8555857559926674 0
0.7678825888475949 0.07782728909038417 0
0.1479246613123089 0.4291163910071991 0
0.5976896975557839 0.7482245305219802 0
0.8640435959920467 0.8341197070500155 0
0.3424602023739849 0.06795316451323608 0
0.2365308377486381 0.2017089966143558 0
0.604307857495629 0.80340947469727 0
0.8532954501261991 0.5725531869701947 0
0.2838352382812852 0.1779873219507802 0
0.748307624510965 0.7421393282955038 0
0.3382897196519939 0.9145003760758591 0
0.858626957067085 0.8148831737799147 0
0.5335363603433799 0.9374702529313297 0
0.2202278881838325 0.6526423016012043 0
0.6461157978778183 0.02893112053863944 0
0.7210215802830727 0.03911576627298025 0
0.517751689042152 0.9777359243244272 0
0.2617863333655044 0.6720815295162146 0
0.2103352146538078 0.1416018596670946 0
0.956470974147019 0.2682656555401825 0
0.9380918373918526 0.7458080653332086 0
0.92198761714007 0.241634314451241 0
0.2586674638556913 0.2162206794148847 0
0.9750333139140883 0.2368647218918482 0
0.9622093252174366 0.2246048521588406 0
0.1406182226830737 0.2132026353119598 0
0.07934129823271685 0.7601342418899291 0
0.146386996045035 0.4554971177434323 0
0.7105258372961265 0.1614786236959617 0
0.9687183887585614 0.726810543983029 0
0.5598865896411974 0.9352516034855803 0
0.6182293761857662 0.7890961614281079 0
0.1614719886842197 0.2540281493838779 0
0.3050112108101101 0.8257309237084258 0
0.9618950837850977 0.2875084067916557 0
0.3448636349721534 0.9697740940101889 0
0.7289593802487762 0.7372114416380784 0
0.5713877902061305 0.7504772898470509 0
0.567963764455976 0.865580354276253 0
0.7022839054067581 0.9627438520919592 0
0.6875832106920585 0.2719659212457521 0
0.9296581823857827 0.5561045387212973 0
0.03131125070856083 0.4624904217874479 0
0.7231741812883246 0.3345174995166371 0
0.9413627736539288 0.2465589694971299 0
0.2602113971636569 0.1898376825467028 0
0.9603284577743229 0.3139035702385971 0
0.3246315688697777 0.03662752895324489 0
0.7424840121205143 0.5623394891202843 0
0.7800114704316647 0.5362161541678403 0
0.04755200905413476 0.7431554466904116 0
0.1448541234573892 0.4819172711501859 0
0.7661506091191894 0.3275876615747204 0
0.6965823256616743 0.1757796091728501 0
0.3047282188701856 0.6651328740421604 0
0.5416241312988078 0.8678331711707743 0
0.3714716297146591 0.967177196316471 0
0.1401883369242763 0.7844597292450124 0
0.06865320569034655 0.4360517895471376 0
0.2714615549837298 0.674533100456532 0
0.69697670118517 0.1133849254655667 0
0.8803720813214966 0.6686799364412779 0
0.90065679423573 0.3255080244132416 0
0.2017201582517963 0.2374832160758477 0
0.7204681499955368 0.324913463412035 0
0.4118174790392419 0.05877627333385205 0
0.4387985352233099 0.2176920452574751 0
0.1525948404418309 0.3499537338949463 0
0.5153174117131912 0.8700827832534301 0
0.8483645366987018 0.267559394892957 0
0.8537013050897583 0.5101866552935138 0
0.4329479331105843 0.2608491554860255 0
0.7614124113919569 0.6295851499737499 0
0.8691241131639906 0.6926122949339455 0
0.8646204012365188 0.3252541025622063 0
0.4723672049863699 0.9754650684012373 0
0.3461354936254386 0.01553072157493096 0
0.8521447511644676 0.5365637047169343 0
0.6555921199128009 0.9239052729805352 0
0.1005884505392615 0.6762424096117657 0
0.1503510375160109 0.5010958957554777 0
0.5280442106863398 0.08831091008339964 0
0.1366167077480411 0.6764472176034657 0
0.3900009855783065 0.2677472851128596 0
0.8606718805905612 0.5030338870129398 0
0.680543247028819 0.7870346246817387 0
0.4381656924909814 0.05653911112293863 0
0.04949861756963436 0.1454619733017893 0
0.4336857692588485 0.1357212884834493 0
0.68342736714247 0.06528870125892505 0
0.6212332029706746 0.7363884082960104 0
0.03073371613744352 0.524566424629153 0
0.6973784302421471 0.05097090416202005 0
0.772641047279518 0.6056878561848109 0
0.31850696117859 0.9719897152628337 0
0.5559556676561003 0.05967933989128671 0
0.6915564538061397 0.09414829750883325 0
0.9647511986178697 0.3593739248753683 0
0.2660348699068166 0.6553268391546723 0
0.850178354230077 0.625309580564068 0
0.7811640134408699 0.5721814861578982 0
0.8482849053758987 0.4909632786434891 0
0.9126485194728526 0.3999842487774077 0
0.5005481624995392 0.05452946569477957 0
0.4600087010515667 0.1335000520250959 0
0.632909253333942 0.8731609951495289 0
0.7463314727148633 0.6079106583524414 0
0.3468380946323606 0.8809574512963221 0
0.8471323198818588 0.4549768802635982 0
0.04568296136123906 0.8319799798094887 0
0.2442085371157242 0.3555783278928095 0
0.7405118941326476 0.6510019208809854 0
0.329503492535139 0.6892337879476097 0
0.9703010586854919 0.4770771406259106 0
0.7523666575881287 0.9485990082039798 0
0.701095238271348 0.8279167561198628 0
0.935383494973289 0.7361891156990849 0
0.9680650710524059 0.4052021509632332 0
0.784298070215397 0.742410542418219 0
0.2702544531527185 0.1299288656149393 0
0.2148163783757491 0.6334570938078179 0
0.1175814539023807 0.6091372618019122 0
0.9663303919447849 0.4315238148915052 0
0.3301594644784736 0.7875019702274274 0
0.5683101098239971 0.8032155535746044 0
0.9465419402245792 0.9355225934468515 0
0.1118951137099181 0.9729392140288526 0
0.6735821605514907 0.7941924434200014 0
0.9282053656270464 0.1360239957819475 0
0.2992842320159421 0.6459330516914121 0
0.9706983351040668 0.6379993382300633 0
0.6655290529181527 0.2574443907936411 0
0.6767393528515286 0.679362856036117 0
0.4629648243737782 0.08069861612608092 0
0.6821508689664236 0.698568164028046 0
0.5392607289464344 0.7958661096997998 0
0.6747721447763875 0.8301806290744906 0
0.4124861434153833 0.2199296413357772 0
0.8459107475579103 0.6420725911380818 0
0.2711250639322082 0.7368581845057767 0
0.5068786403962184 0.1724479512794936 0
0.7305390507636047 0.2650390708915114 0
0.2554361277023968 0.3316693440781001 0
0.9231432499240588 0.2776589449295431 0
0.2094715625804704 0.6142270247085589 0
0.552041174910638 0.745577895814067 0
0.5544803680700676 0.02405956510372487 0
0.6059476633463543 0.2690609208790071 0
0.8443509302690588 0.6684521909928398 0
0.2329958958529253 0.3794863631735815 0
0.2202504244942101 0.4297569044704208 0
0.7924137247326712 0.77124926451283 0
0.7498487398159632 0.4928813951140513 0
0.2489189285812514 0.4994311814186516 0
0.71544502708539 0.2433613064977413 0
0.7076965840860353 0.3751586805933841 0
0.3937542788099805 0.02720764348626603 0
0.4924697902747631 0.02582583751571421 0
0.08945782828647053 0.1912995369777463 0
0.4829093552321673 0.2467241746081978 0
0.7339654195535745 0.5958281492658146 0
0.3612300705203286 0.7061976226695935 0
0.8834900308365792 0.6159236536257326 0
0.551585645470222 0.968167631924497 0
0.1510446460422722 0.3763397215218941 0
0.3043821889927419 0.727450654984344 0
0.7045316475507097 0.6507830557062902 0
0.7815643497090677 0.5098578700570044 0
0.6074362238461358 0.01881120353598548 0
0.9252932489289443 0.7961009104213466 0
0.7463772549071719 0.384998374896041 0
0.7416659570437019 0.6869753703034569 0
0.2012408373290123 0.3625023366036181 0
0.5823005204321212 0.05744760128471377 0
0.6806064852430155 0.7248578894529352 0
0.4123005182275791 0.7280217111691578 0
0.2543475288440165 0.5186314216390824 0
0.2187157499611982 0.456116922079076 0
0.8631930536634966 0.958972794339782 0
0.217175519305617 0.4824713724909147 0
0.2039849600779089 0.5949794959532042 0
0.390345202531585 0.9723811011878584 0
0.1464150059222952 0.1700255950179511 0
0.3467215400949326 0.05117321239470474 0
0.4209737788142486 0.1863459808378577 0
0.07318773801264972 0.8656919906251586 0
0.744470878432786 0.4736672345196429 0
0.9657130441751791 0.3331602142156538 0
0.8334202292435342 0.8531213634260458 0
0.5301105228234069 0.2230465597586234 0
0.8029273427259951 0.4260237299271131 0
0.06085253920271078 0.3447867998128806 0
0.5262339183312288 0.177466831421567 0
0.2832762543623252 0.3030397284068094 0
0.2875247803507793 0.2861724565838724 0
0.8145119232524572 0.5627700052639443 0
0.7614627513267256 0.4066626223971302 0
0.6086622961752293 0.2786703098656135 0
0.5322447106669672 0.8030346783057103 0
0.5354518870259363 0.01888607742241472 0
0.2597669884579445 0.537838181640194 0
0.06924836968216702 0.08793844788317662 0
0.7926863490992545 0.9320720064303152 0
0.138306780289112 0.9706235959055531 0
0.4158191478314354 0.1044183401352204 0
0.9702004246553071 0.3787085098445887 0
0.6493206570074153 0.1998143627228134 0
0.7099387044500112 0.6699958937039107 0
0.8757623109977261 0.5246762033421705 0
0.9562322169914856 0.9379899269944079 0
0.6999015926771019 0.7919343597996202 0
0.8082912629444134 0.4453075685461928 0
0.4656778290389957 0.09031674409773205 0
0.02688421637739546 0.57696310113535 0
0.9667300944063721 0.1458541496451693 0
0.7275845870367811 0.9244259688308829 0
0.3378067902136439 0.2098642348948571 0
0.6713047390850182 0.6601596868975999 0
0.02431900568770917 0.1837406106627574 0
0.5311500407514101 0.7670444894032173 0
0.8723239619986376 0.03314730210780481 0
0.9719248935845544 0.4508481387997728 0
0.06711969563407116 0.4624499553601328 0
0.2517625977770058 0.7319366617676781 0
0.9027915382802374 0.8439763319206464 0
0.2968244537945052 0.3510956307627235 0
0.1869274030182912 0.439115415375294 0
0.3664206921351315 0.2796236877990896 0
0.5049649326480665 0.2612227964132432 0
0.945814554892547 0.837062984850879 0
0.03429298783444129 0.6326345439799501 0
0.5482963853530816 0.1919892568044209 0
0.4016407537985378 0.1814985273163089 0
0.7831186655709746 0.4834962953722046 0
0.3389789301657426 0.2458438962067433 0
0.6472620357605877 0.7964488314821397 0
0.7163447252146224 0.1183082829221146 0
0.3662008167765538 0.8858919495547081 0
0.2156508185759635 0.5088260733532544 0
0.8318347623903866 0.04942212162683485 0
0.9312100933589273 0.5297064428843208 0
0.8788684561657051 0.4719541837904392 0
0.8564908331416975 0.2964081077665859 0
0.784546363795807 0.07313193406238133 0
0.6972565844592959 0.2744237349563665 0
0.2687211601248067 0.1562965030917328 0
0.7624903320534904 0.8886493259625112 0
0.1689264439950322 0.951726286422435 0
0.1239737854329679 0.217910036779729 0
0.925506695962347 0.1264076358582322 0
0.4028098212569055 0.2174739339011078 0
0.1661598002521436 0.1125157250348442 0
0.1498766512236539 0.3403718917305788 0
0.1049419574864082 0.9800920095843551 0
0.3075769970221096 0.8353117488826224 0
0.0762230899413005 0.08077497606092032 0
0.7328507641990881 0.3369817689554723 0
0.03987818821418865 0.1429769017069206 0
0.5350291754038864 0.08115125078161395 0
0.7390300609233211 0.4544645829939353 0
0.7372671960102088 0.09683763480740026 0
0.9459030834081583 0.6138208829518036 0
0.1797332804604987 0.1606192092060689 0
0.06782210638217323 0.3376255683468043 0
0.06983832744178375 0.4720661399270397 0
0.2643674735930165 0.4587806051867937 0
0.9633702193260736 0.9307890375530006 0
0.252810690957567 0.5449951583035573 0
0.07243548455941323 0.2584269980814 0
0.2941151714607572 0.3414887696966906 0
0.728822382421224 0.9603804770531934 0
0.2509264948091017 0.6336643259641811 0
0.09832139885204272 0.09531437843911489 0
0.1491297217729819 0.1796449026938495 0
0.9444747693884521 0.193758588261373 0
0.01822019735600389 0.7716193329482777 0
0.9466343443127883 0.7122564678073977 0
0.08094838417434247 0.2248655379251483 0
0.9613176393386419 0.7963507281221879 0
0.5017028568151926 0.09054463125491391 0
0.5532434359333466 0.05005887572933465 0
0.9688737640585798 0.2803542352048162 0
0.9514660562228356 0.186589532221094 0
0.07361363809361299 0.2944446109348346 0
0.9284998713044308 0.5200897420338743 0
0.07976562104906726 0.1888448246889108 0
0.04993414021321807 0.8151967412545176 0
0.2412363753454044 0.6311975646154495 0
0.1506719595993679 0.1532412663884298 0
0.4219737063097257 0.7304765857587271 0
0.1413095592096176 0.3739053468598017 0
0.03336789378669786 0.5967908656075042 0
0.5564211230173373 0.2208118761662128 0
0.1808288389549697 0.258972440465834 0
0.4645133607745791 0.05430280718694247 0
0.7341563354072583 0.1496221398508103 0
0.1809613816631993 0.4820759644843756 0
0.7711359454826188 0.4091208526888996 0
0.8235801622732299 0.2434069237821722 0
0.2811201326164097 0.1683703570688043 0
0.9696821199932301 0.9231726707404739 0
0.7393658228622841 0.6150508231717671 0
0.9136217968970941 0.8824695965257506 0
0.5442151124959316 0.8773455666161059 0
0.3689080702402777 0.8955140293999923 0
0.8758688223688337 0.3013433307851156 0
0.06287826513978162 0.4792197429411048 0
0.3397471355102407 0.05833319872993892 0
0.2617522922569561 0.1634537602966414 0
0.9359406132239281 0.2273186535077542 0
0.2634127230834726 0.07467719815149554 0
0.2574955668362761 0.1802241522484871 0
0.4354505585834448 0.04692784613674139 0
0.2716939126128158 0.3892959812436569 0
0.3479742928769295 0.9169669584234993 0
0.3064240642782466 0.0677343388796533 0
0.8658727442594878 0.9685905312895668 0
0.7213617143554192 0.1999315010931338 0
0.07350676926068267 0.07115058956560388 0
0.06274573874696632 0.2559809043177345 0
0.8093441925418821 0.0973024327241937 0
0.392962085971243 0.7231347010350045 0
0.7452375566485319 0.3490508574779286 0
0.5265554100479916 0.9446241927852147 0
0.9431938811009767 0.6042008099379081 0
0.3140598412975726 0.7298907758562223 0
0.9781792330836663 0.7288205421018934 0
0.7427721504357787 0.785023812531674 0
0.6345196751574232 0.8467525846103559 0
0.3328789686126388 0.7971138655487673 0
0.6724951510011353 0.2502941855323816 0
0.8614167832065933 0.6013938944623392 0
0.2495648608792005 0.9186781546313492 0
0.9389245324665806 0.6209790482925102 0
0.6441811879933353 0.01943943254412533 0
0.1914486515094381 0.9038604194639391 0
0.9734033105952491 0.6476189076866874 0
0.06203536851047858 0.3808018708940847 0
0.0909015843577885 0.6737891254844914 0
0.5893251763193024 0.2737591834539416 0
0.6486021736811465 0.9310521653112722 0
0.5474125534750297 0.09323386005583989 0
0.9354743232375096 0.5129334018576922 0
0.8261351626347229 0.6995175299300103 0
0.707236064161091 0.6603895068841549 0
0.03789437813220065 0.7406915092741555 0
0.644259400125771 0.9478521659557019 0
0.4247170262609801 0.7401004289094066 0
0.8221443105655168 0.04695754976315908 0
0.9487565247838111 0.1769658200676154 0
0.8718274325631783 0.7022252690182149 0
0.7620538479104789 0.9510608625253916 0
0.9554893341927755 0.8395322161544212 0
0.2802138521776713 0.8016199234038487 0
0.5450791815325946 0.752727484119362 0
0.7363157812498441 0.4448555750399755 0
0.5907312737420188 0.7553780015675206 0
0.6402987899740322 0.8036057819527448 0
0.1786144528569744 0.9541935306101401 0
0.4360885513475728 0.208085324700322 0
0.5098963828545767 0.9493070355586838 0
0.4091048193731943 0.04915662614769439 0
0.887400908824338 0.4384036868367964 0
0.03331035432123142 0.149810422708013 0
0.9303844499472441 0.6545300035317363 0
0.1233627167183134 0.5659783692343373 0
0.7953950126458448 0.9416902507670566 0
0.2516977217214928 0.2233773608916971 0
0.782717869456909 0.5458223248743388 0
0.3119124426236747 0.3727523973522789 0
0.8785767770019273 0.3109580321027332 0
0.9104941004354181 0.9352779488399514 0
0.8541056031024806 0.4478116521407225 0
0.2455028240753495 0.6144615683308898 0
0.5544008535841526 0.08607369853338698 0
0.8681613146932801 0.9778115188496281 0
0.9153563142720609 0.4096059001168531 0
0.4309762010552305 0.1261075455618791 0
0.9816021415101054 0.479049441900859 0
0.8629649359050531 0.5750051775853199 0
0.8305516686264642 0.2362518054319316 0
0.977163679226464 0.4077336247932867 0
0.667803497522337 0.8373354615685712 0
0.3688076364428573 0.06571440843834409 0
0.721944545645016 0.9672237134922531 0
0.9474640368384739 0.5874197413015616 0
0.9536120603716811 0.7051008938263177 0
0.2345316975997281 0.3531197355657262 0
0.09017391958793125 0.06644664846697051 0
0.7694166307727378 0.05139176514243821 0
0.2651736838551556 0.5570261199662043 0
0.7748586377239698 0.07066885092843056 0
0.3350984347624428 0.2001963034483976 0
0.1410945402764309 0.9796768406553622 0
0.8288388688088939 0.7091382516919567 0
0.7409639995038023 0.3657881550268354 0
0.9323670112344338 0.5657233044760044 0
0.9289639226057603 0.2344764558400005 0
0.5838940981664833 0.2545421852160643 0
0.8548520267989104 0.5461764876775541 0
0.9639939096623747 0.8059722247413057 0
0.2598404385903347 0.2522100309387549 0
0.7432325664967279 0.6605901762376913 0
0.09838591348575998 0.827462081810498 0
0.235805565048504 0.6119879058968427 0
0.2892810999125336 0.7057954363797933 0
0.7375056328520512 0.2578915751395299 0
0.7912372122547012 0.5123162917789541 0
0.1564696421954307 0.1100587589904998 0
0.7432765393886511 0.4377075110562861 0
0.520437898425851 0.2205904149403177 0
0.6717113962804974 0.9815831204654605 0
0.8906081041208727 0.1622048400736157 0
0.2090407365931881 0.453665119133705 0
0.1160523198130113 0.6355320530446606 0
0.2074387729940331 0.4799612466380894 0
0.2189343846269615 0.9376708790601852 0
0.2784062804602824 0.158754508387242 0
0.9233104250671086 0.8849348498113314 0
0.6279054824392162 0.7915462734230791 0
0.5168710534015699 0.9421552823263541 0
0.4257582523234321 0.04448635779628984 0
0.8331086500149146 0.6923691647746816 0
0.2243885768949502 0.9569630290487519 0
0.9447530495384909 0.5778022133785929 0
0.3695384165641216 0.2268626024081513 0
0.8050830673402497 0.944154766148799 0
0.7597315755640573 0.04894814528844682 0
0.3144227927512553 0.1589750448348702 0
0.1136749498397078 0.5635214290959796 0
0.7506530856589442 0.3682632145744161 0
0.9386513713508009 0.2369390978641167 0
0.07290617803402238 0.4192728262201718 0
0.3855636626532455 0.8908264963409996 0
0.3958480072244681 0.224625487664018 0
0.7438393790168826 0.1520841601780813 0
0.3107452460600528 0.3368027539059713 0
0.1494960776486878 0.1172212634861959 0
0.1408671482856109 0.6596781726883634 0
0.139803331477981 0.1147643744893834 0
0.2823199474056307 0.7129506679043427 0
0.6821686582629991 0.2527493678398968 0
0.8683893269737774 0.5942299286394495 0
0.2582326550336338 0.5641904111648888 0
0.07237185305115146 0.7672992668626928 0
0.3495166011178331 0.7924047256884723 0
0.1790661036012322 0.8917697227400978 0
0.8121881756964325 0.7138171329804133 0
0.7838697142510869 0.5817897710313485 0
0.25015616617828 0.2497556046997161 0
0.8083301597812653 0.6682450156603041 0
0.04215621709893624 0.7239355360152782 0
0.841727305496192 0.4357052315740274 0
0.441294656921255 0.7353740801265809 0
0.9159104359411175 0.9545281544240053 0
0.5365817145075682 0.05475553828889179 0
0.7668766163631107 0.4258731545118631 0
0.9661487882054609 0.2707333103113937 0
0.9132023386532997 0.9449027918241679 0
0.8278379971121301 0.2266428389356513 0
0.566778273128959 0.09815777204837739 0
0.2704677560710177 0.7991419507131263 0
0.1068400626053359 0.06174169996905277 0
0.1804584290131389 0.7678696731963739 0
0.9302895874496253 0.8777787429599562 0
0.7648565491999592 0.9601490361659579 0
0.5672755896070784 0.2592456466126062 0
0.3882734592922137 0.9004509295713774 0
0.3037100174101655 0.05811528522149867 0
0.1311734855349699 0.6572152429238609 0
0.6275952187554518 0.9525377678201392 0
0.8147683119153828 0.9466248017708638 0
0.2260332287799371 0.3866396809517048 0
0.9597692369346457 0.822748883844121 0
0.1720771621356333 0.8989208866884001 0
0.4379309630734231 0.1189588087041714 0
0.9250433155960798 0.4120630332374612 0
0.05843130137131441 0.7816324785128841 0
0.1347492975608144 0.7652305681945949 0
0.0951512923187291 0.6570108264556006 0
0.3769421911051339 0.09457275244003455 0
0.8148907579695865 0.7234411199121686 0
0.9089355715244311 0.961659626751141 0
0.6832618228776433 0.7966421650177429 0
0.2400771604905362 0.5952569499744167 0
0.3522402722512716 0.8020202494464757 0
0.2410157386164019 0.952234759545877 0
0.8645302923792954 0.5486374526961603 0
0.2216430100472047 0.9472989792026988 0
0.1107979210536326 0.8395301317946851 0
0.7310414292845128 0.2023934689070784 0
0.104124355062975 0.05211792533596749 0
0.4617994367392779 0.04469124815153291 0
0.6938539391310395 0.1661759473360906 0
0.4440549834018465 0.7449950236735705 0
0.7308989281171356 0.4256468179334111 0
0.3660926421261848 0.05609469377107135 0
0.06392533796509936 0.2919856047443145 0
0.7508142117825995 0.1449295419665194 0
0.317705619389468 0.3296542251635114 0
0.2590735657084032 0.6624758407753524 0
0.743083381692889 0.05366343709030813 0
0.09752860529403984 0.7290238783085892 0
0.5765505782441306 0.9305637459389502 0
0.03961106607724085 0.7145533989989111 0
0.5737716027084604 0.09099654779890898 0
0.2437029159694181 0.9618401961267076 0
0.7982020056764778 0.5051690520037484 0
0.202080605708274 0.4608088846559527 0
0.5576035694917918 0.2567893585302284 0
0.8579598567693791 0.4934220352269582 0
0.694547728579286 0.2648166244498109 0
0.9020446644125877 0.9686255367372342 0
0.7765501359832675 0.4283342225084804 0
0.237363341673217 0.5856543114604649 0
0.7721461640911745 0.06104589101384539 0
0.06540183179118375 0.7744653087825306 0
0.2726450838726014 0.7104989208020573 0
0.2706049733124658 0.576211387120971 0
0.7923947549475395 0.548280469758499 0
0.2467498896115498 0.07938038373366407 0
0.8486181419220958 0.6516856818614905 0
0.8194253852811842 0.03732662644001261 0
0.955734964272742 0.1698059487557999 0
0.9404855532293042 0.5945800558197081 0
0.5338677722610139 0.04513514932861623 0
0.3564065712973196 0.05363456682150969 0
0.7136329743216846 0.108690355566636 0
0.1813223701219641 0.9638072971496969 0
0.1277828994586412 0.772394998886614 0
0.06120941722148793 0.2823692115156157 0
0.4049294427959323 0.8957623098382496 0
0.9327610616282472 0.5033260358464554 0
0.940069931911069 0.6569961954421186 0
0.2276595689124913 0.5831742090050577 0
0.231767084091038 0.343440297024972 0
0.1017782976807151 0.7122466202527286 0
0.7039490449062356 0.1062293769624644 0
0.1533867742099043 0.1628640031637153 0
0.08546310582540095 0.6545525846894593 0
0.5086782312625968 0.08338726483960379 0
0.4160727632834864 0.04201941182673674 0
0.2604394213550391 0.9572289444071925 0
0.874205083825339 0.551061520211372 0
0.7281793992223393 0.4160320216885411 0
0.3149985513977493 0.3200395284888478 0
0.06321844288543177 0.416817577849735 0
0.1207910462034434 0.04741696340297663 0
0.8539339122682151 0.8940702385270883 0
0.9654077199920666 0.1722792537659721 0
0.8166621791141295 0.02784964815890256 0
0.2674367466174154 0.4060426423177044 0
0.4687737173275817 0.03753315367742699 0
0.3839177384096786 0.08741394119893608 0
0.7982417701452562 0.7281153641853408 0
0.5862359804813168 0.9330311182201201 0
0.368873490157846 0.7973076888827316 0
0.06115258902229392 0.7912492899723873 0
0.5633899329460187 0.2136622753032524 0
0.2547805460781051 0.1706107888633757 0
0.1843238749401191 0.9734032254083101 0
0.1179307398304363 0.5467526919077863 0
0.5861446010613102 0.1030813848104656 0
0.1305035107367091 0.7820111854939413 0
0.6929416867525943 0.7990918699892069 0
0.2703575391104082 0.9602625730327997 0
0.2629663584013884 0.7080469183462785 0
0.2733287513732875 0.5858252853343006 0
0.8603558485953121 0.3420227300851664 0
0.5177256749261844 0.21098424316593 0
0.1354326396972251 0.6404535443913151 0
0.4606555650516515 0.7402712003627218 0
0.9399805494227563 0.8802423464091917 0
0.8566391620030538 0.9036948726835867 0
0.2662310696119315 0.9139939271380311 0
0.7351601183078299 0.4088958574408196 0
0.7993877964423515 0.5411241515753307 0
0.1963903847933687 0.1559199761974735 0
0.2828934834864103 0.9093098054108069 0
0.8009420524656166 0.7377384006910237 0
0.7382252674250318 0.5790831468454364 0
0.9757031950283229 0.2731929042950418 0
0.2139736522365251 0.8560110926980116 0
0.08240233618597931 0.7073365444713092 0
0.9496894157988645 0.8825749764365637 0
0.9427759116345512 0.666615961692351 0
0.3407587233905796 0.156737098627468 0
0.7577883511799449 0.1377741722713302 0
0.5931426246172629 0.09591913538751545 0
0.4215877929281295 0.8910790873303164 0
0.1152136854554904 0.5371396024389844 0
0.3716008762570701 0.8069263737970103 0
0.7722897917762388 0.4450841952222157 0
0.9667121317527739 0.8155907988797362 0
0.053513788605906 0.4144062031344738 0
0.8630640899578417 0.3516369150125085 0
0.2663799867151578 0.592997631008608 0
0.2231150332870583 0.09124508544563148 0
0.7796063584624946 0.5985422288653757 0
0.8694584903088498 0.853359543061875 0
0.2069896492747856 0.8631618973440772 0
0.1936792452573464 0.14629702245209 0
0.5172070074873095 0.04983556061574201 0
0.2856024997677385 0.9189325159521398 0
0.7380156009937895 0.1952382247868919 0
0.2319369719482869 0.5664488956332898 0
0.01683502607239834 0.4002710122546546 0
0.1350880953967588 0.7028344030140919 0
0.5889458791861948 0.942649605074477 0
0.2170352466570834 0.1968257788737232 0
0.9564943719577873 0.8752470875783291 0
0.4660643105146856 0.02790251931690385 0
0.05081310314273352 0.404745234402245 0
0.3322195270540209 0.6988371534829962 0
0.4703232312286819 0.7427077727795328 0
0.8528832004225377 0.6349214328285099 0
0.245908617483378 0.2665202362977774 0
0.8399749885104011 0.908381708453707 0
0.3944051273942653 0.697302280658731 0
0.6918415548768784 0.255207396292177 0
0.8091424130998887 0.5435548566921958 0
0.1857001808358031 0.4030990912116585 0
0.5757695857004251 0.2257269719380879 0
0.3022628958763302 0.9142464436230223 0
0.6597874833302451 0.07714267359855098 0
0.9456731282617007 0.2297677959077252 0
0.2631871995294172 0.4227928100942829 0
0.2292215263802962 0.5568449274306555 0
0.1216074242045928 0.1458718825290943 0
0.7819638222727827 0.4475471623406506 0
0.8995006993918027 0.2895004090777534 0
0.4312680563169995 0.8935466489275489 0
0.2217842152821398 0.4033987648133506 0
0.3316257330298384 0.3153652342479969 0
0.3009957953449884 0.04849836834324373 0
0.2389419399726168 0.2736741714312903 0
0.6055105081372818 0.1080049721231481 0
0.1055231028790106 0.5346791457906909 0
0.4730810725244072 0.7523500561569212 0
0.357393633111555 0.1520586770002227 0
0.8727635846553945 0.3541180173814714 0
0.8426804346831611 0.9180067762488727 0
0.6570720242147869 0.06752258881554413 0
0.1119061770001457 0.1434181762548317 0
0.3882299079944987 0.8022104263024853 0
0.135550181912655 0.1315473483819911 0
0.04810127228249822 0.395126668387392 0
0.7504030715536303 0.2073148852479476 0
0.501090783667044 0.2156783620216143 0
0.9022143848140194 0.2991203427719355 0
0.5075201126749218 0.04737371556847941 0
0.9454828407230489 0.6762366523010164 0
0.8649097189098802 0.4862751599037654 0
0.2064540718395431 0.09594903017415113 0
0.2787558588925485 0.6050222747550769 0
0.2913048980913674 0.04603780547784198 0
0.0602973009883605 0.6928120878075821 0
0.2195136805829402 0.5543605979384144 0
0.1967657476231988 0.09349067102240805 0
0.2292540710146666 0.2712229667464034 0
0.9526094652165231 0.2225917826075805 0
0.4339822078886987 0.9031724338817405 0
0.582740362997038 0.2185777654043614 0
0.61251340362889 0.1008415954057769 0
0.9119005923079094 0.3015873973060038 0
0.1979349936679927 0.1295106723548767 0
0.8357020668655992 0.9251607341243995 0
0.1258562466458615 0.1290927322279726 0
0.7892817146984537 0.6010044730916353 0
0.3289186361405689 0.3057406352161957 0
0.9764450119417906 0.8180575098724703 0
0.07968391179953871 0.6977231464478074 0
0.2885667881254031 0.0364553189456262 0
0.2535216769861319 0.4203493341232392 0
0.7026188243325064 0.8015393945626892 0
0.413220100564844 0.03290816085128478 0
0.8625654124685287 0.6373845684709344 0
0.9146111156035756 0.3112084195228846 0
0.3909609669279659 0.81183226862048 0
0.7409279056747484 0.5886872593731299 0
0.05418069927545888 0.7984160552604088 0
0.189991818460273 0.3863825410904591 0
0.2718093144720237 0.6121985410316008 0
0.09524680004288671 0.1481236956951072 0
0.8684744766864586 0.3708617173326074 0
0.3103886048867799 0.9431127772475418 0
0.6404142200696754 0.07222009124937478 0
0.353692624696871 0.044014010923347 0
0.2049097366628463 0.1223547635855636 0
0.605604955033573 0.9379610922226328 0
0.386175083550722 0.2221690138193902 0
0.06452377843430124 0.6760419276558876 0
0.7777031141448143 0.4642951793993325 0
0.7919875381535629 0.6106130336376576 0
0.7573778668922971 0.2001598664042163 0
0.09209024569814339 0.7097914542215464 0
0.2450424496584416 0.1681582711509743 0
0.4896694300246396 0.7476066346481804 0
0.9551918544564758 0.6786761964833026 0
0.109782664670532 0.5179165607986865 0
0.6248760335255636 0.1129284857828093 0
0.7012377832960863 0.09661145512901692 0
0.8722411494366342 0.639842974112143 0
0.2718492019473853 0.04103226303940977 0
0.4983756236659908 0.2060706804487247 0
0.1762217042258725 0.05254774051153138 0
0.3509769777158929 0.03440857268626235 0
0.4506317775056624 0.8984794942111783 0
0.04720015868506738 0.8055856011591336 0
0.8384086335725855 0.9347870151104092 0
0.2237966847864959 0.5376401565617751 0
0.8711829110749667 0.3804757979053197 0
0.6307286193265891 0.0697588509697849 0
0.07857632342102594 0.1528279512272453 0
0.2175374948240998 0.420154739267059 0
0.7053391787184491 0.8111509370084173 0
0.2250117874730441 0.2879833686368483 0
0.8683142704889146 0.8173428056482221 0
0.4058251197412722 0.164559532324792 0
0.6152797833915483 0.9404191535905682 0
0.9579196260714149 0.6882995471350036 0
0.6748176535129118 0.3222145023360956 0
0.1257415159123519 0.6379898008417081 0
0.7670574254635815 0.2026205339188649 0
0.3270412189475986 0.9384255947374539 0
0.7647647904110875 0.1306203853427489 0
0.9421024560675909 0.568182200163605 0
0.4924273225989802 0.7572499487042694 0
0.7873746518302345 0.466757980846809 0
0.6318837586219525 0.1057640424683592 0
0.7946983527615219 0.6202061737051285 0
0.1735088909767125 0.04292166879269499 0
0.5951167528543154 0.2306419558102411 0
0.1000847557417674 0.5154486473038408 0
0.4075860139554718 0.8071118390912114 0
0.2618288249138668 0.03822165586972431 0
0.7744485653937399 0.1330827688003775 0
0.3506886591944562 0.9265881899267641 0
0.3297591329995037 0.9480525882530221 0
0.3455333735518993 0.3010483394644315 0
0.6209432992234256 0.7987010118583789 0
0.3579737102989283 0.0273032357998792 0
0.2210806033063241 0.5280350270618074 0
0.9103408978765871 0.3279772975613344 0
0.2010200821443121 0.07671052328603328 0
0.1940496209454914 0.08386955729085782 0
0.0743299877268026 0.1696107849692788 0
0.4603140508662638 0.9009450523947202 0
0.8314284390743549 0.9419409513795894 0
0.9606024858799905 0.6979401990719224 0
0.05235735271841158 0.3783374033160943 0
0.180481251032215 0.03576578349095699 0
0.6988082755453395 0.2480566214664572 0
0.8808917930385061 0.3829656613326867 0
0.2079937497639251 0.06954821438374748 0
0.7841329636260752 0.1355453366001401 0
0.7436294494704783 0.5982971457368539 0
0.7080580047992108 0.8207623466603342 0
0.2153152313517725 0.2855308636438808 0
0.214967804875431 0.06238537546739603 0
0.7157574870472805 0.6268843559358447 0
0.2113835883469158 0.5255543525701003 0
0.735557716704105 0.3465856712966777 0
0.1872480491648186 0.376740054348131 0
0.212257229209024 0.05276044420440518 0
0.249273641031082 0.4371026671527769 0
0.6020899402236205 0.2234946095680357 0
0.6280115655507341 0.06013486941243018 0
0.6442464594862081 0.1178519324798306 0
0.4172638949914151 0.8095637886906212 0
0.8244507256754812 0.9490947924073228 0
0.3428390960143075 0.2914424111503733 0
0.793818824238145 0.1380066804502645 0
0.3834651072711425 0.2125623954067019 0
0.7082124289851681 0.08945579273843562 0
0.8725791833095072 0.8005712469691797 0
0.2289170214534915 0.04805859781801602 0
0.2262212131982599 0.03849356422391625 0
0.06065752626403537 0.9156899267622799 0
0.1875245550938076 0.02895466170655187 0
0.1043457752084205 0.4986771349906216 0
0.8007989977140597 0.1308535622656324 0
0.1439328411319385 0.6069101281227749 0
0.7057766841250296 0.2409005689200717 0
0.1049397067743125 0.1505791248392704 0
0.3807413715110506 0.2029435948561394 0
0.04023686770320423 0.8127453055954619 0
0.2078591498179768 0.4177034399077691 0
0.8104857137530262 0.1333175955599728 0
0.2427561577036856 0.03426195931464043 0
0.8766103480306722 0.3997221081696479 0
0.613982400346974 0.8058567635226807 0
0.8795565253881552 0.7934171925864468 0
0.6566417088791525 0.1299253082121201 0
0.1412144159478244 0.597294468964948 0
0.7107190030192029 0.8303593377983318 0
0.08827397754679678 0.1552836568819118 0
0.7740310677340427 0.1954682943188785 0
0.4199994658453388 0.8191894806492488 0
0.594824569154096 0.8994642568108635 0
0.03006053216621429 0.8104350648916415 0
0.481736400543946 0.2107646611409465 0
0.504803955901747 0.03776458646805803 0
0.3710379327596892 0.2004176242313716 0
0.7151881772360275 0.08229860652744148 0
0.2869241196370499 0.6338502266322963 0
0.9060764905043392 0.3447484906063078 0
0.1981791441677236 0.4152445024021279 0
0.7900746529849865 0.476347968328854 0
0.7935536386802154 0.8072391019414266 0
0.6113568142878913 0.06483971612192507 0
0.06999289573656797 0.6952682562434447 0
0.6636472519460151 0.1227654329299609 0
0.8892486052159092 0.7958737087206735 0
0.3049705135026274 0.9238666101361034 0
0.614463994997096 0.235557208734589 0
0.8862972212781453 0.4022195434333371 0
0.06357236653153892 0.3544011159771047 0
0.3594655541057205 0.2867646670653953 0
0.2006494610150532 0.1391375669212109 0
0.7127631301158932 0.2336979706962832 0
0.3639496252264414 0.7157955134200251 0
0.1954401179693682 0.4056178930974156 0
0.9702873868832915 0.7004104634257728 0
0.5020423028869632 0.02818535208276723 0
0.722163583491289 0.07514057365126586 0
0.211088308992659 0.3022943426755922 0
0.7810063972699834 0.18831386958006 0
0.6016711983090377 0.0623777742161985 0
0.6760050516519189 0.1348535285291791 0
0.3076772962939077 0.9334920553787334 0
0.9517887884089098 0.5706427208558245 0
0.1197493602162718 0.234669582021697 0
0.07551285616978676 0.2056338134338735 0
0.9248001817761506 0.02835224479763326 0
0.621439663525869 0.2284103206255604 0
0.1671640806677906 0.6573351317192379 0
0.4366212313963804 0.8144665824475483 0
0.980125449559583 0.7024853601002186 0
0.5866115920501199 0.264152311567463 0
0.6166988817516068 0.8154666230053842 0
0.7194552835595612 0.06552040045459873 0
0.8225933166747791 0.8146433127787541 0
0.1914782932403456 0.3599525440152875 0
0.4651049405985729 0.2154617812157199 0
0.249391750525911 0.6600198139192717 0
0.7796767228220308 0.3754835657123502 0
0.9587002558434847 0.5634932526511719 0
0.7939710793112872 0.7448797830209665 0
0.4393608180114676 0.8240969116479698 0
0.5989478969882149 0.05275497111466682 0
0.8299167879296629 0.9683493323282188 0
0.7264314430838118 0.05836089925074495 0
0.8271646974721734 0.9587223986631541 0
0.7879802577615974 0.1811588406586988 0
0.3540571676329648 0.2675368383311932 0
0.4623868080334707 0.2058500751333867 0
0.9157632122436954 0.3472229803541244 0
0.8661788052380659 0.2988746920911652 0
0.07125350446922746 0.2224139870898496 0
0.6194137851377005 0.8250767811739849 0
0.3673498975341865 0.9219006706688988 0
0.7334008850019532 0.05120446277117824 0
0.5892687247027527 0.05029339563311447 0
0.6338022524662456 0.2404774436742334 0
0.8128650173206204 0.9738359847644154 0
0.7865762015568305 0.814385403752572 0
0.7949540750045865 0.1740038149207489 0
0.452717672469591 0.2033938908110107 0
0.3610159458584343 0.2603934223131542 0
0.7641683159860816 0.6391778359883982 0
0.9114933711298863 0.3639858910226632 0
0.3770320636927668 0.924367786611012 0
0.1957460507816327 0.3432095405389524 0
0.4559779191611173 0.8193691978716915 0
0.06155811914886367 0.2199655961872248 0
0.6124549528927919 0.8322319461449121 0
0.08971881127008918 0.6377738475317198 0
0.7807817274167239 0.6344843110171052 0
0.6434793025019161 0.2429320801721782 0
0.3797557940706037 0.934006535091364 0
0.7525797647774428 0.2795388662495912 0
0.4587209166650081 0.8290026306673894 0
0.05731814478971325 0.2367548665073342 0
0.7904851695333827 0.6369276019945241 0
0.08699862457649304 0.6281581732655066 0
0.6151688221656885 0.8418447407320635 0
0.05388201693287609 0.3519424979297605 0
0.7533420415564036 0.3778607661492891 0
0.9308677542812032 0.3689268326800635 0
0.1695914024627721 0.2829692346258609 0
0.8935131391368248 0.7791053082828105 0
0.583862141213339 0.03108101822828135 0
0.1858906131877722 0.3405714705716408 0
0.8019288404676397 0.1668493473638514 0
0.04419547062096574 0.3494906789932231 0
0.07730526487597705 0.6256861664843505 0
0.7444696792562366 0.2507513227767595 0
0.03723103497863933 0.3566429172566972 0
0.7966734555074106 0.7544924616039153 0
0.8089041678227845 0.1596935233940091 0
0.7726237051636977 0.8286945282027882 0
0.9004933401358622 0.771950800070534 0
0.5354058760305396 0.7502765681936803 0
0.5741587283031968 0.0285889008015151 0
0.02732341987084447 0.3542155225175446 0
0.4753351691531078 0.8242716712047971 0
0.603965124790556 0.8657752871481398 0
0.3964179604497269 0.9293112731888324 0
0.9432709364107729 0.3810117529278085 0
0.7656487832330308 0.8358513512250971 0
0.1831974127189807 0.3309784794063812 0
0.9101834044300934 0.77440508821548 0
0.5214655800222425 0.7645943970131902 0
0.7993793625132966 0.7641076631631236 0
0.815878833743697 0.1525399810481225 0
0.4780798385406738 0.8338951849926375 0
0.7683422031306943 0.8454759612266041 0
0.6136136303286316 0.8682106200541446 0
0.5802824348242893 0.8776518409837131 0
0.05848575660184618 0.272759849086474 0
0.763018477717561 0.3803150857294475 0
0.9335785881110161 0.3785381880446433 0
0.413063731410888 0.9246157539755485 0
0.4066287006249103 0.2630518219949193 0
0.4542403168797178 0.1768854096643493 0
0.08155822100028515 0.6089144497190142 0
0.9389956372134508 0.3977777567939337 0
0.84351772416355 0.7931952203769158 0
0.450009452203828 0.1937803305519872 0
0.9144425271570458 0.7576396185957762 0
0.6082064893150096 0.8489985378969532 0
0.7726965001316484 0.382736608977691 0
0.4227475817184139 0.9270848951618704 0
0.4039510563207459 0.2534556482554354 0
0.8504956617996418 0.7860458756858933 0
0.4569628402315031 0.1865779069659173 0
0.7516967079090604 0.8501518236755309 0
0.4946995557187152 0.8291853817303353 0
0.9214214810544376 0.7504859756557817 0
0.8020821655137306 0.7737181540650355 0
0.7306860891829542 0.04158913745281134 0
0.4254768128442489 0.936727526052769 0
0.08582102501994127 0.5921538664879515 0
0.4109205487464249 0.2463107007959712 0
0.6012462679158879 0.8561604809746831 0
0.5199032339041602 0.7909483987482864 0
0.754388094861421 0.8597813838726954 0
0.5865507237760065 0.0406732158737243 0
0.4974417384073918 0.8388087327246703 0
0.5102253971443826 0.7885016469491392 0
0.7279606681288666 0.03201120241309097 0
0.08310012964777491 0.5825368877116753 0
0.725047343004396 0.02320062694816838 0
0.811761630273911 0.7761858959489741 0
0.737743988671184 0.8644566784689625 0
0.4991057536675858 0.01846001186663759 0
0.04879267744144133 0.2703167931546148 0
0.5031642814575075 0.7956792877629731 0
0.1568205244054804 0.3332363537250972 0
0.4421151951217345 0.9320151140711421 0
0.8520506790085907 0.7596642397228268 0
0.04182561569574972 0.2774519621220753 0
0.7404316615173085 0.8740871763393964 0
0.8214438409870315 0.778651682948719 0
0.816849607245 0.6347075185771855 0
0.490888156485863 0.7835960390706083 0
0.5381129107559699 0.7598855017253479 0
0.8362907221595355 0.4164995270629639 0
0.07339326753015923 0.580060306612552 0
0.514067828215844 0.8340822647647663 0
0.02282483099524873 0.2724544375386477 0
0.4517985665093034 0.9344833622331098 0
0.6504453773571418 0.2357838959436872 0
0.3518228813184276 0.1951860984650484 0
0.9311160049023354 0.7529423918967608 0
0.8433234561000816 0.4090721433360471 0
0.9211813377462861 0.3664575595861877 0
0.4838196560785696 0.7907725153002287 0
0.8311240853627093 0.7811197644661978 0
0.8563136104510983 0.7429009511964579 0
0.8308706388751794 0.397290925846538 0
0.5706210630430744 0.87519019273877 0
0.8238138022825063 0.6275687285442461 0
0.9207595122986838 0.4288473637200707 0
0.4545360376324664 0.9441290930575135 0
0.8338369977046467 0.7907294793724023 0
0.4715387273690095 0.778694304725072 0
0.6477470073625622 0.2261828873766606 0
0.7892722044203518 0.8240068310536162 0
0.6744719001075294 0.1612455395134585 0
0.8379085918157778 0.3898436596051739 0
0.8632954614542374 0.7357481667542574 0
0.9408043085465432 0.7554101396870027 0
0.9601848951666578 0.7603436279918375 0
0.6578388494441936 0.165936127988316 0
0.3567622890495635 0.2771524955632406 0
0.9234685408481471 0.4384650485816514 0
0.46446422943483 0.7858715253874329 0
0.8254542071348137 0.378069952962041 0
0.872987422436396 0.7381944996655617 0
0.950493987894971 0.7578768813746994 0
0.6551055672923785 0.1563112256066493 0
0.4711768952934395 0.939420343688269 0
0.07766976100006173 0.5633043464102708 0
0.9671561351268124 0.7531962112729312 0
0.8324938131773756 0.3706154427493311 0
0.6384805288331431 0.1610134647393342 0
0.9331763743074968 0.4409609347545722 0
0.4521902065158859 0.7737927290485814 0
0.7585296643537719 0.2362142344052302 0
0.7541595748450771 0.2531875069692886 0
0.8200374767994683 0.3588491153702977 0
0.6357454259875797 0.1513937780624745 0
0.07495088969231101 0.5536895334311359 0
0.8129153858552195 0.5891423585895739 0
0.1178062635669516 0.3234827959914751 0
0.8772531132164219 0.7214262169163698 0
0.8198854695929103 0.5819892540073801 0
0.6546995600389529 0.2190320364339001 0
0.4451395087254305 0.7809604444779037 0
0.4878389669219593 0.9347403305065629 0
0.6356354777751316 0.981267317024922 0
0.8270791655959362 0.3513867702973298 0
0.6191202284011145 0.1560929025036916 0
0.9288978535401851 0.4577219352093228 0
0.06524568597807162 0.5512018893281444 0
0.8228551964998153 0.1453915134621566 0
0.7237853592799603 0.8787633953789071 0
0.9764249652814004 0.755977997677508 0
0.03216314679104876 0.2750049153051397 0
0.4975203226543496 0.9372046070396252 0
0.814622151872876 0.3396277936769739 0
0.4328119239642468 0.7689055014475734 0
0.6163830967142949 0.1464722381906878 0
0.5912921630523519 0.1849349742387127 0
0.7168076660758996 0.885911905626354 0
0.8216538236830823 0.3321889538643369 0
0.7125957120496726 0.4563528589398717 0
0.4257983151973792 0.7760538945144457 0
0.719491521979896 0.8955461212657667 0
0.5997600177102106 0.1511709578556174 0
0.5630965778703894 0.8824620769648603 0
0.8507802042701254 0.1167652441078999 0
0.973745772238586 0.5145649571486142 0
0.06949854794327187 0.5344285680864629 0
0.8092055289172422 0.320406497565748 0
0.2086826161808592 0.5159614456859162 0
0.8604513386459371 0.119220694773283 0
0.6267552326298882 0.309367794762258 0
0.5970206389822991 0.1415501878445173 0
0.92462593022693 0.4744829575269578 0
0.4134522151960225 0.7640024682978959 0
0.7008337570495389 0.1590353482070247 0
0.1164696259704754 0.3498118662454135 0
0.8162490595777565 0.3129307714769315 0
0.6704425941099825 0.8469055028938878 0
0.07376933740368241 0.5176770574078368 0
0.5803994375131596 0.1462505024641206 0
0.927343915494192 0.4841047399233934 0
0.406410465625595 0.7711626245372701 0
0.8717133531703061 0.09530152956646087 0
0.577657847845061 0.1366293352358724 0
0.0710462156243043 0.5080585115874642 0
0.9370276693447899 0.4865889548273266 0
0.8813876231519595 0.09774912095658761 0
0.8814844341790662 0.7046705123246035 0
0.7028364523523017 0.9002279234729146 0
0.2167210817383651 0.7677348572619683 0
0.3941284193415966 0.7590841252156522 0
0.6917939282065617 0.7010346964211704 0
0.06134088423702544 0.5055687722263864 0
0.939736099954645 0.4961945334457111 0
0.8884682274820097 0.6975171406227707 0
0.5610381406396538 0.1413338078023537 0
0.8926852901395516 0.07380138453135343 0
0.8298413370683495 0.1382343909566912 0
0.5090077415203422 0.7525160692158001 0
0.8037835082658373 0.3011857543626781 0
0.7084045870497933 0.696347316927638 0
0.8981881203250398 0.6999625430748808 0
0.3844212385753762 0.7566479223818705 0
0.6861881118686528 0.904897460178729 0
0.8368207381832176 0.1310782995521803 0
0.5582948578251592 0.1317093247218714 0
0.8010819503556101 0.2915587517501733 0
0.7111372017106637 0.7059491532098026 0
0.1989545411834953 0.5134751803947475 0
0.0655976530058785 0.4888213078397405 0
0.8438013456616994 0.1239206885000689 0
0.677203122600323 0.1708632704155374 0
0.7277636372904506 0.701263604689409 0
0.8081135993257615 0.2841148728975305 0
0.5416777720783067 0.1364132431300656 0
0.5138386077888736 0.1652137435724705 0
0.9024507191666025 0.6831915293337905 0
0.3774056095692477 0.7637950768020096 0
0.795658343853253 0.2723511396866078 0
0.7943233994483641 0.6825480235096408 0
0.9916484438456448 0.7548582923010015 0
0.5389317737372216 0.1267868707898094 0
0.8674325430936062 0.1120701366416809 0
0.6942842631954418 0.9337899689951765 0
0.7444087476243582 0.6965782611333591 0
0.6888841125196574 0.9145370201852276 0
0.3650762447451788 0.751749778085131 0
0.1244852311616038 0.3787042524462032 0
0.8647362879996953 0.1024562016171149 0
0.7929571165838427 0.2627226763921137 0
0.6809648324685471 0.6626225249838706 0
0.9591729846231655 0.5011984633766934 0
0.8133162648108292 0.5267957039463452 0
0.6782622505846692 0.6530194638086959 0
0.5223164601322805 0.131487182313302 0
0.6755039048976477 0.6429185828844669 0
0.6915871547014096 0.9241628866736797 0
0.8202810883544711 0.5196405144514653 0
0.7610211694700021 0.6918768950440213 0
0.6776232940699453 0.9384697787001054 0
0.686373928376137 0.6818302101705859 0
0.7999835509860086 0.2552888920110336 0
0.6890822688287388 0.6914309475382043 0
0.358060967473347 0.7588957765088405 0
0.5885804904875825 0.1751334391214108 0
0.9622984805851484 0.5111349554277606 0
0.7637650962133804 0.7015036138053651 0
0.5195632866364143 0.121842258160442 0
0.6836701152268101 0.6722236204454407 0
0.6557670318926232 0.76296512186717 0
0.7875256242953972 0.2435242923480263 0
0.8883722455387272 0.09059710882746164 0
0.5029594254316827 0.1265890596495962 0
0.1326532507191111 0.4075285104232418 0
0.3457250025893608 0.746848282946887 0
0.8856647646657513 0.08099752275200023 0
0.5498334839808701 0.1654719565238229 0
0.7803954224424392 0.6968195653337692 0
0.4863151734644473 0.1312696976250962 0
0.9023329743309738 0.07628136601758867 0
0.3387080507891416 0.7539904168551492 0
0.5002389518651872 0.9468316961171216 0
0.6512732732161294 0.9406848848936946 0
0.9093019027419672 0.06911494962653081 0
0.9066043779996502 0.05950727375504422 0
0.3558822120666446 0.1784005605925159 0
0.2527310251770062 0.3220097488057784 0
0.9135802490558694 0.05233838067598828 0
0.6346057819011874 0.9453718051589217 0
0.804084144063323 0.6850043649381237 0
0.4808351682787079 0.1119973211457277 0
0.326417062677555 0.7419242915978516 0
0.502937272806627 0.9564533823717242 0
0.9205552804859499 0.04517262950031803 0
0.9703207643511982 0.3163996722445863 0
0.1484987556868961 0.3045043745188766 0
0.9275391670286992 0.03801829228239073 0
0.4959786870431732 0.9636031534881687 0
0.316748955154132 0.7394696444206266 0
0.6627525486663717 0.7558035896738299 0
0.539511696858477 0.8942445392077137 0
0.4986691224218986 0.973231802222962 0
0.3249079796475413 0.2599507801684378 0
0.4572691222283709 0.1238894752236743 0
0.4545152172063132 0.1142618421669859 0
0.1311097291174137 0.4339218542396803 0
0.8819254015790366 0.6422764570757549 0
0.9730066814812847 0.3260282344400561 0
0.0559100283127244 0.4863528382546433 0
0.4109381493254282 0.2926016138873421 0
0.9494349162848496 0.4986805965953421 0
0.8889154987188489 0.6351019064342626 0
0.04622271852007809 0.4839018452196232 0
0.03928452627496415 0.4910411928053848 0
0.6696142270894316 0.7486769083756911 0
0.2957197019058362 0.7609548422510709 0
0.02956198853909747 0.4885949970854344 0
0.815446357808143 0.2146106749448476 0
0.4448614752652233 0.1118052644979239 0
0.6179671051516106 0.9500253272673593 0
0.2693696741417955 0.3172857577009111 0
0.4393435991269443 0.09248950383728788 0
0.7475195853660981 0.6438645175937802 0
0.4296682463529921 0.0900418692645138 0
0.6206529809890248 0.9596804692750032 0
0.2971671828187656 0.288716746010225 0
0.2720943948332826 0.7728208629714006 0
0.6137033148949442 0.9667752893703865 0
0.129514977428324 0.4603253524152209 0
0.6164959924582941 0.9759549978195676 0
0.2641839048067264 0.7439848170351369 0
0.9149289132514027 0.02590506049969532 0
0.773846360939221 0.6416223892557642 0
0.67361205818317 0.7320042054390901 0
0.7974230503867467 0.629784091200178 0
0.8726450266485087 0.5774400123191704 0
0.7997680274339591 0.4787635091467096 0
0.8796360187384835 0.5702552475550883 0
0.8067596486338087 0.4716165046400504 0
0.8165158795429009 0.474013616368833 0
0.2915607577244864 0.2691849962136802 0
0.2350534997264041 0.7366010256808563 0
0.8921846930495515 0.1359326853530391 0
0.3906171126846703 0.142673198355512 0
0.1584086080712198 0.3068711885211235 0
0.807121311919023 0.6322455478450433 0
0.4835703894941987 0.1216525089190976 0
0.2846459324880982 0.2763836529449705 0
0.3740345440219443 0.1474251221774773 0
0.913114435308495 0.1144501220893359 0
0.3293016381341474 0.2433578003510508 0
0.8811986905198904 0.5438599825426957 0
0.5082730371138433 0.8772050030053504 0
0.364305250829824 0.1448937486494561 0
0.6932342484793624 0.7367942808434369 0
0.9340448247358802 0.09296534568230441 0
0.8745410802651313 0.488719085333728 0
0.2544755697531291 0.7414902874333027 0
0.3097099897391623 0.2381628411323701 0
0.7947335754035804 0.3972021894390924 0
0.3070137469533099 0.2285652125412124 0
0.8827302542102167 0.5174879494263095 0
0.4910258491492272 0.8820231582670537 0
0.3615386219218821 0.1352732099110425 0
0.4421231174039114 0.1022074506097111 0
0.3699058855320021 0.9832373105733881 0
0.3491133975699521 0.1231933733390921 0
0.3325705540011095 0.1279332961680281 0
0.1406411003180905 0.4987060948717938 0
0.3115422767624447 0.2120829158886693 0
0.3228596132317615 0.1254349537231306 0
0.648953314820358 0.7079965332635273 0
0.1336338241603265 0.5058946921821903 0
0.3200781830513547 0.1158232794636249 0
0.3088323403632734 0.2024634575314375 0
0.195819758454968 0.5661319044385141 0
0.3034723951649456 0.1205402692704938 0
0.6693222871699563 0.0171433138548393 0
0.2868618220884123 0.1252499414009056 0
0.2771811486193647 0.1227990325498857 0
0.6420069995322519 0.7150319367429407 0
0.1877081906746287 0.5373049679715369 0
0.2447565054372907 0.7390491462121989 0
0.1155495543058001 0.4746768343302409 0
0.2716002261571895 0.1034614707810069 0
0.4792111131874809 0.8698278403038292 0
0.4716028004914943 0.8771144681355463 0
0.2480730707380231 0.1154044199213147 0
0.8943654280482938 0.4311850401105883 0
0.6616348929400735 0.2117641506824363 0
0.7572135178885482 0.6463061835169311 0
0.3097429107347806 0.7466191485044688 0
0.2638709004641405 0.2978575340918351 0
0.3027425659090632 0.7537851692570113 0
0.6377339428870424 0.7317713359210616 0
0.3518800367004037 0.1328095072615603 0
0.1457517196681469 0.2949817654798502 0
0.4598485481371265 0.8649108967658254 0
0.2861314160466703 0.7584693535832674 0
0.2791423914420222 0.7656355651708744 0
0.4643423041303915 0.01881764464387459 0
0.7622760847462468 0.2819272057495045 0
0.7692439530641362 0.2747479723265628 0
0.4522305062155155 0.8721922084087632 0
0.640558368150321 0.6789166154556042 0
0.2743932104004505 0.1131679648129511 0
0.4404731484745771 0.8599891556793255 0
0.6435118628964016 0.6886050539731717 0
0.7910394565777703 0.3514126067381151 0
0.27355346934867 0.3003948955681192 0
0.01781310531530356 0.3512460917662691 0
0.1813407248061878 0.642854536132755 0
0.4330577861572263 0.8671791976891878 0
0.2155525786153515 0.2232126025880007 0
0.646244170851489 0.6982004931161538 0
0.8955676231020963 0.4671258860867751 0
0.2282665678569449 0.1728354292703467 0
0.1128507292114478 0.2418015832528723 0
0.1360072627738135 0.2924675485587441 0
0.2931133940855815 0.5264704509101478 0
0.4208913274508103 0.8551449030740582 0
0.1653091701253306 0.2997359244552334 0
0.1780750407254483 0.2494615773031704 0
0.1683796162257195 0.2469908224287629 0
0.6350773204475406 0.7221490281617918 0
0.2003837208626226 0.7101843205974003 0
0.1587077059623062 0.2445506504794696 0
0.1950990092882636 0.4678640895713958 0
0.4136927605673832 0.8622745645524832 0
0.1490118495473638 0.2420766800976875 0
0.1853482276052678 0.4654028441172917 0
0.2069622956328068 0.3191352895803455 0
0.7592147787727551 0.7806119996499075 0
0.1393316706818596 0.2396285066693974 0
0.4984832631406597 0.8747862055970121 0
0.1295884767795202 0.2371413737787212 0
0.7769632537512936 0.365880894744914 0
0.2084783248580953 0.7390309627650435 0
0.6308119568595694 0.7388727914258255 0
0.4015290657692868 0.8502289887568188 0
0.2069600018989151 0.7654038580225342 0
0.4246218714411711 0.008704828341768001 0
0.3943304177987046 0.8573506486446376 0
0.2026988393361182 0.7821281608434665 0
0.9752883942633859 0.1743190936542518 0
0.6335594352351869 0.7485181867777057 0
0.192948135705881 0.7797950867446414 0
0.8814597373197675 0.4815727375803834 0
0.754971077329899 0.7975122175501987 0
0.3989202294873231 0.1717742973964653 0
0.3143804027406538 0.6132664723265366 0
0.1471059482998018 0.3308083382832904 0
0.3586360237823681 0.1881012177481143 0
0.6589400714792319 0.2020240863767326 0
0.1373943127780269 0.328362676151742 0
0.1276652847335997 0.3259331237410404 0
0.4287271086695871 0.6958206595495552 0
0.3821668350335281 0.8453129216983845 0
0.1888531142132008 0.7964555055702762 0
0.2993873273633835 0.5833757930853067 0
0.6363393357637112 0.7581835898206424 0
0.7480082369091241 0.8044734616137882 0
0.1817913144830655 0.8036239210401966 0
0.9698342432039462 0.01722480808810861 0
0.8885221172582898 0.4743233723875308 0
0.2931287778911561 0.4033688240072942 0
0.1720339427869505 0.8012965238638042 0
0.3749680967219417 0.8524265127207536 0
0.6460062772145461 0.760615755416868 0
0.7315054486694055 0.8089615679338055 0
0.7944234433863633 0.2362474085139553 0
0.8013707660735365 0.2290905859859142 0
0.808375661851144 0.2219141987565384 0
0.3628044931711968 0.8403968055925286 0
0.03450780199550313 0.2223223859114656 0
0.1678379494654357 0.8179558774978872 0
0.5207466154790328 0.2926688023081332 0
0.1580887691280239 0.8156270707947293 0
0.9917239011876161 0.1647851183077319 0
0.3556058422414297 0.8475022167087202 0
0.153900173571936 0.8322832032325752 0
0.7367724718957079 0.8286032825580072 0
0.2193412488994866 0.3311799759794758 0
0.1441498407442873 0.8299542773853026 0
0.8126765659893578 0.2051577268633581 0
0.1399518279740966 0.8466010217075209 0
0.8197287578391814 0.198018042429948 0
0.6834150126920528 0.7343680853454613 0
0.8294850469255501 0.2003730921104346 0
0.1300752981577908 0.8442802715467733 0
0.3434421528029424 0.8354806342573056 0
0.9912141409995825 0.4848638100592684 0
0.8364842110536286 0.1932217838361392 0
0.1230997951580494 0.8514431350547844 0
0.9827932843482806 0.3296368279262549 0
0.7298259043773652 0.8355605694714878 0
0.8434945407440575 0.1860697956007245 0
0.850449529792669 0.1789119389094072 0
0.01816520163844204 0.0294617960673586 0
0.8574463633309353 0.1717561677635763 0
0.8644015057865575 0.164597665643882 0
0.7000033382535074 0.7296483634907414 0
0.3362533090590779 0.8425651564975881 0
0.9828424290196166 0.6501443346763335 0
0.116200605847915 0.8586084517639295 0
0.01699458398935516 0.5998184566045597 0
0.8713996163334243 0.1574407435006445 0
0.87835177397796 0.1502824971056672 0
0.1121426632848636 0.8752593327032541 0
0.01505913833931422 0.6276425592710383 0
0.1052108289195975 0.882401606323942 0
0.9702183875625399 0.03164388208169489 0
0.8853243997088761 0.1431177268161024 0
0.3194785201293753 0.2407880888728741 0
0.8893874360869201 0.1264301026820988 0
0.7096677037879916 0.7321166281354878 0
0.3241986473162037 0.8305123555968634 0
0.7813798977414634 0.3489551121224811 0
0.8964540564682257 0.1192748305083137 0
0.7133118446830045 0.8401305685943529 0
0.9061379520896247 0.1216096835674473 0
0.07597341167476102 0.8751866993615853 0
0.9102982499461979 0.1049467761996377 0
0.9173848184669183 0.09779474501966801 0
0.05914996550653567 0.8799208216175451 0
0.7124103167683034 0.7417073160503153 0
0.1506228207895829 0.9825841882096494 0
0.9270707980562516 0.1001272483878703 0
0.3839909287124333 0.0251720893896894 0
0.9312322245366225 0.08346607407071016 0
0.05222788790178001 0.887085153478596 0
0.7158691528397749 0.8498275164899977 0
0.9383215297444334 0.07632712732323865 0
0.05092176760732436 0.9133774287960044 0
0.9479813396392867 0.07870359483984701 0
0.186680253936047 0.6619957553044704 0
0.04660329213760139 0.930094129090527 0
0.9549555529038929 0.07162384116294407 0
0.1726521805677561 0.6764425860242018 0
0.722064497851524 0.7441592112481715 0
0.9645675987535797 0.07407551897974107 0
0.0369004545226892 0.9277292191804893 0
0.6992529257501561 0.8544418224433232 0
0.6086139073548424 0.6878004237024045 0
0.02221397048160167 0.1116076396053308 0
0.09543544817734023 0.8800299015505111 0
0.7317200772043161 0.7465930727949837 0
0.08569439558108116 0.8776128029765482 0
0.06905028992353923 0.8822956714116372 0
0.6729825389067359 0.856608716500367 0
0.7413971655742713 0.7490495076795332 0
0.758468570031944 0.9679599176193983 0
0.2941750645683526 0.8855720098405778 0
0.8141675180506318 0.01863748110325764 0
0.7510732231494249 0.7515430835488283 0
0.6564137835633138 0.8613552793759155 0
0.2823092727274568 0.8734021148091022 0
0.7453246802219284 0.009277384840090441 0
0.6589474208548622 0.8711578505495532 0
0.7537923736148437 0.7611231524472583 0
0.5159462389130857 0.9060767365312407 0
0.6519749696268786 0.878416183096548 0
0.7565375165239161 0.7708140116071844 0
0.2615199793892982 0.8325814436714762 0
0.7523057817900558 0.7876216773420637 0
0.9824248400817779 0.6136959259456185 0
0.2509197912434215 0.7941606717552956 0
0.4814399492206423 0.2727733636360429 0
0.2437828331197479 0.80119190107293 0
0.734070130868312 0.8185974505965349 0
0.6161361892982096 0.8776579877923669 0
0.6905434503231752 0.6038282537031393 0
0.6091710668766056 0.8847665723231166 0
0.03569946487537679 0.4459062675593901 0
0.6021507845651115 0.8920129535723524 0
0.4517884812192813 0.7112284651709637 0
0.08603566754057485 0.9749833370439214 0
0.02306056588049532 0.4958057363521294 0
0.5537674683267599 0.8797017843530837 0
0.5467312102832242 0.8869070599710411 0
0.9920373920460487 0.345231258899302 0
0.530133468723757 0.8916034583458017 0
0.5782741210682131 0.2975559833111613 0
0.9912282561688124 0.6053161033060179 0
0.5230876216544996 0.8988257395733221 0
0.745782680847511 0.9913632820178095 0
0.02547517954695661 0.5050319077423676 0
0.7155285179779307 0.9745628422593186 0
0.2000032020594597 0.9829074591048955 0
0.1503213497792426 0.8845537893802575 0
0.2393989598615832 0.01563714772124775 0
0.1769452458266302 0.659649010447549 0
0.2964229850084608 0.5736391748534598 0
0.1293441683183267 0.906024096112571 0
0.3170997760740565 0.8377179567571817 0
0.3101691957000376 0.8448608890708202 0
0.1083654818709661 0.9274845116816637 0
0.2342509850354152 0.7987849098617908 0
0.05739351244062962 0.0139588730265493 0
0.3127080037878793 0.8544742732527619 0
0.2272440072895674 0.8058848389420352 0
0.3059123018854853 0.8616329272097256 0
0.09174374281065223 0.9322073211774332 0
0.2202688059181026 0.8130257958465998 0
0.3085233562997458 0.8710825097875916 0
0.0292692649969501 0.9348741148311278 0
0.2132963370869254 0.8201783481013357 0
0.3014830283295696 0.8782832510645013 0
0.01723491264493771 0.2406623103793104 0
0.2063232496978745 0.8273339796738546 0
0.9817837114766079 0.7750115570195095 0
0.1993469157863028 0.8344893367958437 0
0.9603175344203844 0.9832123123412779 0
0.9740264136688184 0.07655809091118909 0
0.1923493720532113 0.8415627933542574 0
0.44183977045048 0.7087773938213201 0
0.7209239947882585 0.5476876432980268 0
0.9918932150420063 0.7151573690025842 0
0.008086986832513188 0.9252317169138486 0
0.1853694306075464 0.848712880557271 0
0.02650426419857804 0.3178146337430908 0
0.1783940575415935 0.8558704112745212 0
0.3598225062117909 0.9830008986786729 0
0.008102034957932325 0.535 0
0.5712158842704463 0.9735796637489569 0
0.1714190643767455 0.8630268965453669 0
0.9846931081857506 0.9925650137956213 0
0.01527816635914558 0.991717462714295 0
0.01526362373059797 0.008298009312017629 0
0.1644517427223604 0.8702203780878878 0
0.3558287878633524 0.0172842304703264 0
0.1574263264381822 0.8774154092283921 0
0.6975057391340047 0.4340174649795578 0
0.2153133636204584 0.00842392824649163 0
0.1408326830392017 0.8823337692171421 0
0.1338696356573634 0.8894485362865934 0
0.9830656179898163 0.8114700560872612 0
0.2828639857781131 0.4635022425251556 0
0.6386639924111617 0.3216160061474462 0
0.1363132190252384 0.8989120266438776 0
0.6104337556392252 0.9827727143468959 0
0.1198557757922712 0.9038166952605804 0
0.1129301572689004 0.9109342277297771 0
0.7100385080223953 0.4465606938830603 0
0.7510068349493306 0.02025909888137151 0
0.4647145061089767 0.2778855004205439 0
0.5683237379893349 0.294796823617651 0
0.115363946049265 0.9203840461744952 0
0.3278351060732815 0.3688226728844585 0
0.09884299697097232 0.9251686894275437 0
0.7072166654718177 0.4368179322940438 0
0.07536083717151215 0.9371035222351913 0
0.08232316201369544 0.9299495423542831 0
0.9754324879184892 0.4342109352647141 0
0.9917949599619715 0.01580190258267933 0
0.1165628304147796 0.9919155656596238 0
0.7245519667932172 0.4943522029925022 0
0.9736767100432909 0.1384350102731451 0
0.9844867430065538 0.5612953434017339 0
0.6851573556352778 0.3869662556070949 0
0.07094581120776511 0.9541832364668572 0
0.07783970438860244 0.9466943255182145 0
0.07357462869489273 0.9639164948850427 0
0.5501929552254392 0.9831291820547939 0
0.07650672089860999 0.9734215066259769 0
0.007966089290191603 0.7649999999999997 0
0.5963166190238798 0.7129559900132063 0
0.2853240869654002 0.007264186621636082 0
0.7167514666248325 0.5644595163821614 0
0.8850000000000002 0.9920566011536152 0
0.04607571522960585 0.9919133066721133 0
0.4890480166330806 0.01667714157361772 0
0.02612634215779519 0.3810637636373185 0
0.6367618485216463 0.6689598031271701 0
0.00810790059872718 0.1243195212939667 0
0.5345612403763663 0.7145137172286509 0
0.2601389643590744 0.9830292091740118 0
0.007800034892608387 0.4740103448865703 0
0.9921099489093773 0.04521662296979423 0
0.1387740446799969 0.0168384169200681 0
0.5050413196264739 0.9918690240525957 0
0.7083937852997718 0.5056667023130033 0
0.9819174628159377 0.2659771836732883 0
0.991574882275634 0.3952774059922922 0
0.5382676191530149 0.9824479977071588 0
0.2857083809652784 0.5350333352040038 0
0.8399979366811906 0.0164384230148249 0
0.01399089849811208 0.20805176193145 0
0.9448740131788664 0.00804195601130453 0
0.5942189952059357 0.007849250234663319 0
0.01767326950854398 0.2509152794126209 0
0.3610776332619955 0.3218395243727111 0
0.02675134801196316 0.4155210383550167 0
0.03524904818349117 0.8557142020457834 0
0.529246555103961 0.2851624407623738 0
0.02618024259116414 0.5659371698657545 0
0.1878205442163855 0.9824155319926196 0
0.008872387338657917 0.7336178472443153 0
0.6787075870096698 0.6239935555506679 0
0.8787034260706451 0.02695917275729182 0
0.3309235538628174 0.9835619652358922 0
0.0195957429662359 0.9416131314519436 0
0.7843561013482191 0.9647885914187326 0
0.992300052691415 0.4248011494055865 0
0.5583297472670787 0.2921934734711209 0
0.4323514667004491 0.7064334672641968 0
0.9844046416531231 0.2402310409135849 0
0.600325380042949 0.980765194070169 0
0.2896177615527097 0.4199178539155389 0
0.7803604564876852 0.02647715262722128 0
0.3147343425506284 0.00838399004506829 0
0.2255181268085866 0.9917449620370361 0
0.436593967865533 0.9750068870442157 0
0.9834460099876814 0.5889506098549339 0
0.904881155020443 0.9775587699592533 0
0.2935390252245734 0.563684776565939 0
0.007950414089130553 0.09512820130485122 0
0.3879851767758983 0.2930821590534305 0
0.992300805761257 0.7449999999999999 0
0.5702139185927729 0.7146725827087728 0
0.991685311861194 0.975396104791761 0
0.6517881177787362 0.3334118500388966 0
0.0701578512850507 0.02535023378234635 0
0.9663561422090803 0.5300031611075074 0
0.2837287811549937 0.5007153114053292 0
0.5608683340704158 0.01681881446617978 0
0.03378081345719697 0.02608242295076468 0
0.02465804723155429 0.08446421068293197 0
0.3155609033164134 0.3849170005863717 0
0.3627056229315118 0.009675295753326707 0
0.8551178456910545 0.9919915051508325 0
0.2999045664947024 0.9667882834559537 0
0.3416800911284027 0.3531940405449991 0
0.98374555309374 0.4605554709189894 0
0.9767080489489531 0.08678073582332124 0
0.500230559881887 0.7241273285444807 0
0.7035711073603451 0.008623139959638926 0
0.9253452605371125 0.9921706597760518 0
0.6817921279060895 0.9826704546227738 0
0.1606417817207613 0.9845275555113499 0
0.01617806535940647 0.2791259703970054 0
0.008111198964926125 0.9559509912824471 0
0.9831438472690084 0.9108549261769624 0
0.03483056358918912 0.6952269154030343 0
0.01739688282538199 0.8251557975980014 0
0.2906918183853964 0.5539277451494335 0
0.9923072680512258 0.4052462595373522 0
0.5413921501877662 0.2965670610434461 0
0.3845325518525077 0.6954389212545026 0
0.02918388886309375 0.4534322259427836 0
0.03351108155166649 0.6589904143725573 0
0.1745145344822806 0.007534358408356145 0
0.5513277310419763 0.2988217548931016 0
0.980843984808824 0.01657874343516336 0
0.2880442175392475 0.5446473565950822 0
0.03003469205375442 0.7124772554102858 0
0.4464728230983965 0.9769835633519377 0
0.9663879873240439 0.877365309008544 0
0.3347337158056388 0.3608152647440189 0
0.4940438171538037 0.2839389910506492 0
0.1017662483369886 0.01699083098997128 0
0.3573890202614908 0.6625450837774512 0
0.01633955195111392 0.4100530410933377 0
0.3488224293809875 0.3455198976703652 0
0.9923582794432566 0.3054871914813674 0
0.02261213186173872 0.8430651736844585 0
0.5254001165633652 0.006689663652468425 0
0.3047175941795314 0.007713843148009047 0
0.01626988168583721 0.7887770285616926 0
0.974647042367386 0.1137135476442245 0
0.9107541473815335 0.01680092578891762 0
0.6591970637324449 0.01593823667670546 0
0.5512038237749372 0.7008696724316751 0
0.6702726713491285 0.3662643743277887 0
0.6259754294555183 0.02460696072785074 0
0.380552386654105 0.01569244308644147 0
0.6449821667095925 0.9934205174089756 0
0.985688364094534 0.8215700755235167 0
0.6587605344197087 0.3541178578491862 0
0.007958056222946708 0.1637837577076346 0
0.2705595019655022 0.9830391356973804 0
0.3246276708051732 0.6435662023034614 0
0.1946325794036505 0.02249157878163677 0
0.2848148080946099 0.4364944617008796 0
0.8246688864655656 0.007752851738006494 0
0.02454081444007439 0.5937491661380688 0
0.2407690847137703 0.02569625133160935 0
0.4283078876962438 0.2941526316842585 0
0.08991689895976873 0.9837781961931333 0
0.4187032977687846 0.01657179350083354 0
0.07815881568854743 0.01712598003933785 0
0.992716303738771 0.685985947163143 0
0.6964340384806729 0.4077282638015653 0
0.9929274662590826 0.2571858911634083 0
0.6096703634281878 0.3130988830438454 0
0.9638830164417082 0.5446486491968248 0
0.353792397445724 0.3289044036599781 0
0.03444643574460871 0.3121181434198331 0
0.01666644461755057 0.7266676107509027 0
0.510920205674504 0.9841931158495443 0
0.7304639996302131 0.01644606000405091 0
0.01668943115204019 0.3398313011006927 0
0.9834778549527247 0.848469324387222 0
0.9834323374214965 0.6603315607799024 0
0.9839134406806856 0.4994005493482132 0
0.2562636441426311 0.007318703554831163 0
0.308619796824094 0.3986476264074683 0
0.8033003437776005 0.007272467864453791 0
0.007768800441947388 0.1146887657357853 0
0.7684646860786142 0.01662223045150635 0
0.01536201717487806 0.1805354197516097 0
0.4520842450091285 0.2900673606599355 0
0.7248635257983512 0.975603990518652 0
0.8886710305111623 0.01671952702635593 0
0.0334595959751629 0.5618554223091737 0
0.01633023567080166 0.3291506390633729 0
0.01625203706091932 0.5291997635443332 0
0.01720665645103964 0.8882746965667911 0
0.01872467880795536 0.9839474858114623 0
0.007159286456854708 0.05411289554141768 0
0.9929814419077914 0.6259369537358372 0
0.9923797189165222 0.3349862650165757 0
0.8608574939538014 0.9841589203751668 0
0.4664086853196951 0.9923660064646802 0
0.9706455461696922 0.9844519226583957 0
0.61638172327415 0.6817906236081773 0
0.2948250311766075 0.4742882406230987 0
0.007067093546385961 0.6263221483075845 0
0.02521837277494593 0.4340660418772671 0
0.375304201897009 0.9757536063115129 0
0.408663320418889 0.9665020596404343 0
0.9809248375276096 0.6778421575556712 0
0.9928582547424647 0.5633758174912602 0
0.03159940035638081 0.3014527418588332 0
0.6857704490355547 0.6107387305749131 0
0.9391198743165636 0.01537833157581614 0
0.3439296937780829 0.006931753111050321 0
0.4455028485729357 0.0244519668506944 0
0.7005803907956858 0.5817258824053615 0
0.9758545879978555 0.916651925001521 0
0.620125665165711 0.984369821650421 0
0.3376454982482419 0.6576217991755648 0
0.9928444274200154 0.7251201658836008 0
0.5809105290620263 0.9739498955461474 0
0.4017088083309645 0.6916515673837823 0
0.1292228982725939 0.01546690167935771 0
0.01772013988934806 0.5018604159688478 0
0.03254263229482701 0.2393188939827162 0
0.9938001005665453 0.7849868949252643 0
0.983027940378411 0.2019253481342454 0
0.4028307872719004 0.2888980974065717 0
0.4793807614971524 0.01538139992011806 0
0.8354196961108273 0.007896199397349979 0
0.1248736189151044 0.9938705667208152 0
0.05531200628255906 0.9930309576968573 0
0.7745926172007616 0.007873216269303152 0
0.0164813458747381 0.9124756108047783 0
0.6967730712440903 0.0162296876459222 0
0.008345522658223303 0.9448096493188565 0
0.8259263920505959 0.9931821395456196 0
0.4760155861705404 0.9828676432080448 0
0.5848450783561185 0.007010646075295446 0
0.2750000000000004 0.006584928023410597 0
0.9846681760641937 0.1508390192106594 0
0.1631183756063861 0.9928108313382034 0
0.6887626668240128 0.3957378571293758 0
0.526029735146289 0.7132352474280873 0
0.7137883139330101 0.5214751531059691 0
0.1768455053075425 0.9924052489482557 0
0.5507936793102013 0.01574729445781697 0
0.3309793670906289 0.6358631627482143 0
0.01633677298705016 0.7520168236724157 0
0.9930965338127578 0.9451575757942128 0
0.7522300813837363 0.9830439421280279 0
0.9847310307398849 0.3499148886931578 0
0.9845174023367431 0.9791608964089807 0
0.371798984608127 0.6842961908761573 0
0.34016857585 0.9846653365694897 0
0.01530051942444083 0.3702889536905523 0
0.7959381614943829 0.9760232197813757 0
0.9932849781385702 0.0551232366707769 0
0.006703348960912459 0.4648111801587286 0
0.2314414934346853 0.9843543962887951 0
0.6046543806638962 0.7048099276239068 0
0.9926231891059349 0.2429090036040069 0
0.8689630936676775 0.01544706262022205 0
0.02565096818429291 0.02487266759461287 0
0.006408737391009611 0.975 0
0.01640473315268531 0.1569595179655996 0
0.8178999802609891 0.9818665256129054 0
0.9934396063622908 0.2751646050064258 0
0.3037699248725579 0.9752960091668427 0
0.3057959163778317 0.6131965456577435 0
0.981775428863622 0.9377861045420124 0
0.4974253774547426 0.7161883022636941 0
0.6882921995296112 0.9752942154976328 0
0.9838029292849839 0.5115555789017721 0
0.9024199831976991 0.01610513237374195 0
0.9842499122307564 0.7587384261705368 0
0.5554931666060768 0.9763481093943405 0
0.8982896629970434 0.9827295324074417 0
0.278657267384043 0.4547403729565744 0
0.9843763530012619 0.0886695293550237 0
0.01488582666404792 0.2702130196338435 0
0.9836355984307916 0.1758975646575542 0
0.1951701795018211 0.006651019467935448 0
0.2005917530544424 0.0156787947889192 0
0.9919755449862627 0.3156079891826508 0
0.9925830774484826 0.8371535133049671 0
0.9930888291349366 0.5948011479790539 0
0.9925933505535727 0.5771713068449352 0
0.1649999999999996 0.006139678997275022 0
0.02964483949853075 0.548609805337399 0
0.02791862474049545 0.6374603025406855 0
0.4107747254690293 0.02379678523879492 0
0.9838274258740767 0.1020407856820341 0
0.9851875758897017 0.4698582734702073 0
0.9315872534957503 0.9845588164934603 0
0.203655844275987 0.9759749987121334 0
0.7117635761983234 0.5710158937970904 0
0.03218243613221283 0.6503701601475687 0
0.01437932687508076 0.1103459837302508 0
0.09278624321115625 0.01611565547359911 0
0.9854748256229792 0.41115227395877 0
0.6504150219922842 0.01486745411009388 0
0.4496065347007627 0.985740346911595 0
0.7200016471143434 0.5381332163261469 0
0.01468817190951249 0.7799999999999999 0
0.3847123470870417 0.3082690328158288 0
0.7608449930149597 0.02470524007390745 0
0.02615084576394916 0.2171930129003097 0
0.2988737534875192 0.01457659727204241 0
0.02336825205828985 0.07549006549586879 0
0.00732050807568968 0.9926794919243103 0
0.9926794919243103 0.9926794919243103 0
0.00732050807568968 0.00732050807568968 0
0.3775742722184207 0.007403520879426473 0
0.02425866837839374 0.3968393804312602 0
0.05520120478858881 0.006054761163803657 0
0.5153336384912049 0.01628659167279356 0
0.9762847716084485 0.4441243930160321 0
0.9927304073544481 0.007269592645551992 0
0.5037205639285383 0.2849734906022081 0
0.7234734126743106 0.4847639016100539 0
0.9938175308566255 0.365570469034864 0
0.7350506397781993 0.9789440655432153 0
0.24890550321881 0.02908794150660399 0
0.622383475473638 0.01594401432025633 0
0.3746735127974438 0.3161452027292501 0
0.9766698032769128 0.6649372478175144 0
0.9933537156785383 0.8233812613727232 0
0.6557070805028491 0.9839153387569074 0
0.09848514718358126 0.9845699477381888 0
0.2849219985408153 0.5096454665117748 0
0.4749141942776018 0.2775414140593996 0
0.01494600293573373 0.8405673004677956 0
0.006035548110430833 0.2054845760079697 0
0.9836348907660809 0.3573277752529754 0
0.9754873671684676 0.1226958162714903 0
0.03328546755711009 0.6872984599020036 0
0.519818658474913 0.985488714802938 0
0.032883845903461 0.8720811278830529 0
0.9672089957901977 0.02438685201129825 0
0.5789096520026942 0.7194808398535425 0
0.9050963044859365 0.9941256025389996 0
0.005965087736035102 0.494887890873776 0
0.6978518276786554 0.5879478858395243 0
0.9668813450300995 0.2176333510417476 0
0.02304892026157035 0.5849981150264733 0
0.6010065930279118 0.30945143199891 0
0.721849031949394 0.0155639116461877 0
0.01600309112998677 0.8169144523161024 0
0.3973854034747287 0.9755110719261004 0
0.5802311671344866 0.01380082796095117 0
0.007175452543474348 0.6124282483725976 0
0.007174780745710707 0.1775729152152617 0
0.9860792963804936 0.7298117785623465 0
0.869999999058355 0.9856607301061023 0
0.3574816729549092 0.6712535727881226 0
0.7949999999999999 0.005634985781122759 0
0.5571827255466485 0.7054801256024733 0
0.994186016453726 0.02502147763619922 0
0.02594252205372249 0.1468881690568915 0
0.9944107861814035 0.6949999999999998 0
0.6299297465374609 0.3166561370172146 0
0.0150322321998666 0.718754591175586 0
0.9814762808756741 0.8707892858788728 0
0.9799262231616953 0.985723785079286 0
0.6235440421242757 0.6762816991280262 0
0.3281776917290448 0.6286576837063895 0
0.384117465103109 0.9766276352297918 0
0.7680728886498831 0.9674360125000804 0
0.2300899871348411 0.01422717397896878 0
0.984275759066839 0.8573981174276304 0
0.2422928576536585 0.007097284675449067 0
0.02771642795012319 0.9844219898976284 0
0.02423699983720151 0.8824463293743751 0
0.02332851517154338 0.5243342290828023 0
0.6295192938976506 0.9854728200455605 0
0.005453401357593923 0.0450000000000006 0
0.9945581498470251 0.6349999999999999 0
0.4177436763475369 0.9671595260434903 0
0.4362058495113142 0.02364708574844993 0
0.2941837789058062 0.4111287267778979 0
0.395088667417192 0.2943261418997591 0
0.4100481071074452 0.6949594640648985 0
0.3029969527953049 0.6005495121395179 0
0.9299999997412876 0.01405499973151425 0
0.6374954862643483 0.015845228122011 0
0.06065181146890269 0.9854098834896811 0
0.4562373141407637 0.2824245331301152 0
0.4703134564949424 0.01421318284672668 0
0.335 0.005386700128795052 0
0.1200000122432047 0.01403863350316892 0
0.6435744707398997 0.3298646134494047 0
0.3452539660876036 0.9772679628532572 0
0.2399207132823526 0.9857919278241923 0
0.01890018604071919 0.06302096586991246 0
0.9413907214496064 0.975841940916345 0
0.8199961824212835 0.01422898555545316 0
0.986166216276347 0.06015259840969245 0
0.9773674829878964 0.9249999998445504 0
0.2896268428671541 0.4293183562644095 0
0.03231253228734471 0.4285807924917542 0
0.9944446350547982 0.8749236106832368 0
0.6890725887751684 0.01476636079613358 0
0.5645597702021171 0.9773941745793185 0
0.31228598105307 0.9759338308587741 0
0.01414795506819705 0.4597238084465187 0
0.6633859590705888 0.362188514899455 0
0.01359656047078295 0.9290112093270118 0
0.4847871100087802 0.9942756546578724 0
0.7577902195940758 0.9759605457517321 0
0.9648933687886903 0.5594557901120087 0
0.9862515006499559 0.1601099194118836 0
0.8350000000000003 0.9948074300403938 0
0.4521244292066102 0.9931399332454554 0
0.9758561662945173 0.2078096390804937 0
0.1348315499746583 0.9844231776505341 0
0.4179840229375095 0.290870911370563 0
0.5415339726737413 0.01495676214652886 0
0.9852209366427004 0.1887622922309796 0
0.9786253253530386 0.3532249988367399 0
0.01450087147134355 0.2999180003800752 0
0.804836150477821 0.9774358854525875 0
0.02257361154998866 0.3248289260032198 0
0.6957571097112379 0.9769480288300418 0
0.01546191243039458 0.9028762567921398 0
0.2161488289246727 0.9800844081283298 0
0.03113801712987857 0.2301994070194933 0
0.006958333192414012 0.1924094862951699 0
0.9844372742085322 0.7950869717654434 0
0.5646894516392932 0.7058921144828536 0
0.986138896175309 0.2601710520782283 0
0.8600482573334906 0.01381604511824175 0
0.45732181341767 0.01559843247872317 0
0.2899611869840031 0.01328724978123652 0
0.994979498536364 0.375 0
0.9868053631788033 0.4204386141296928 0
0.6752322800791719 0.3739443700678278 0
0.9678011439605974 0.538174314454702 0
$EndNodes
$Elements
11 20963 1 20963
0 1 15 1
1 1 
0 2 15 1
2 2 
0 3 15 1
3 3 
0 4 15 1
4 4 
0 5 15 1
5 5 
1 1 1 100
6 1 6 
7 6 7 
8 7 8 
9 8 9 
10 9 10 
11 10 11 
12 11 12 
13 12 13 
14 13 14 
15 14 15 
16 15 16 
17 16 17 
18 17 18 
19 18 19 
20 19 20 
21 20 21 
22 21 22 
23 22 23 
24 23 24 
25 24 25 
26 25 26 
27 26 27 
28 27 28 
29 28 29 
30 29 30 
31 30 31 
32 31 32 
33 32 33 
34 33 34 
35 34 35 
36 35 36 
37 36 37 
38 37 38 
39 38 39 
40 39 40 
41 40 41 
42 41 42 
43 42 43 
44 43 44 
45 44 45 
46 45 46 
47 46 47 
48 47 48 
49 48 49 
50 49 50 
51 50 51 
52 51 52 
53 52 53 
54 53 54 
55 54 55 
56 55 56 
57 56 57 
58 57 58 
59 58 59 
60 59 60 
61 60 61 
62 61 62 
63 62 63 
64 63 64 
65 64 65 
66 65 66 
67 66 67 
68 67 68 
69 68 69 
70 69 70 
71 70 71 
72 71 72 
73 72 73 
74 73 74 
75 74 75 
76 75 76 
77 76 77 
78 77 78 
79 78 79 
80 79 80 
81 80 81 
82 81 82 
83 82 83 
84 83 84 
85 84 85 
86 85 86 
87 86 87 
88 87 88 
89 88 89 
90 89 90 
91 90 91 
92 91 92 
93 92 93 
94 93 94 
95 94 95 
96 95 96 
97 96 97 
98 97 98 
99 98 99 
100 99 100 
101 100 101 
102 101 102 
103 102 103 
104 103 104 
105 104 2 
1 2 1 100
106 3 105 
107 105 106 
108 106 107 
109 107 108 
110 108 109 
111 109 110 
112 110 111 
113 111 112 
114 112 113 
115 113 114 
116 114 115 
117 115 116 
118 116 117 
119 117 118 
120 118 119 
121 119 120 
122 120 121 
123 121 122 
124 122 123 
125 123 124 
126 124 125 
127 125 126 
128 126 127 
129 127 128 
130 128 129 
131 129 130 
132 130 131 
133 131 132 
134 132 133 
135 133 134 
136 134 135 
137 135 136 
138 136 137 
139 137 138 
140 138 139 
141 139 140 
142 140 141 
143 141 142 
144 142 143 
145 143 144 
146 144 145 
147 145 146 
148 146 147 
149 147 148 
150 148 149 
151 149 150 
152 150 151 
153 151 152 
154 152 153 
155 153 154 
156 154 155 
157 155 156 
158 156 157 
159 157 158 
160 158 159 
161 159 160 
162 160 161 
163 161 162 
164 162 163 
165 163 164 
166 164 165 
167 165 166 
168 166 167 
169 167 168 
170 168 169 
171 169 170 
172 170 171 
173 171 172 
174 172 173 
175 173 174 
176 174 175 
177 175 176 
178 176 177 
179 177 178 
180 178 179 
181 179 180 
182 180 181 
183 181 182 
184 182 183 
185 183 184 
186 184 185 
187 185 186 
188 186 187 
189 187 188 
190 188 189 
191 189 190 
192 190 191 
193 191 192 
194 192 193 
195 193 194 
196 194 195 
197 195 196 
198 196 197 
199 197 198 
200 198 199 
201 199 200 
202 200 201 
203 201 202 
204 202 203 
205 203 1 
1 3 1 100
206 2 204 
207 204 205 
208 205 206 
209 206 207 
210 207 208 
211 208 209 
212 209 210 
213 210 211 
214 211 212 
215 212 213 
216 213 214 
217 214 215 
218 215 216 
219 216 217 
220 217 218 
221 218 219 
222 219 220 
223 220 221 
224 221 222 
225 222 223 
226 223 224 
227 224 225 
228 225 226 
229 226 227 
230 227 228 
231 228 229 
232 229 230 
233 230 231 
234 231 232 
235 232 233 
236 233 234 
237 234 235 
238 235 236 
239 236 237 
240 237 238 
241 238 239 
242 239 240 
243 240 241 
244 241 242 
245 242 243 
246 243 244 
247 244 245 
248 245 246 
249 246 247 
250 247 248 
251 248 249 
252 249 250 
253 250 251 
254 251 252 
255 252 253 
256 253 254 
257 254 255 
258 255 256 
259 256 257 
260 257 258 
261 258 259 
262 259 260 
263 260 261 
264 261 262 
265 262 263 
266 263 264 
267 264 265 
268 265 266 
269 266 267 
270 267 268 
271 268 269 
272 269 270 
273 270 271 
274 271 272 
275 272 273 
276 273 274 
277 274 275 
278 275 276 
279 276 277 
280 277 278 
281 278 279 
282 279 280 
283 280 281 
284 281 282 
285 282 283 
286 283 284 
287 284 285 
288 285 286 
289 286 287 
290 287 288 
291 288 289 
292 289 290 
293 290 291 
294 291 292 
295 292 293 
296 293 294 
297 294 295 
298 295 296 
299 296 297 
300 297 298 
301 298 299 
302 299 300 
303 300 301 
304 301 302 
305 302 4 
1 4 1 100
306 4 303 
307 303 304 
308 304 305 
309 305 306 
310 306 307 
311 307 308 
312 308 309 
313 309 310 
314 310 311 
315 311 312 
316 312 313 
317 313 314 
318 314 315 
319 315 316 
320 316 317 
321 317 318 
322 318 319 
323 319 320 
324 320 321 
325 321 322 
326 322 323 
327 323 324 
328 324 325 
329 325 326 
330 326 327 
331 327 328 
332 328 329 
333 329 330 
334 330 331 
335 331 332 
336 332 333 
337 333 334 
338 334 335 
339 335 336 
340 336 337 
341 337 338 
342 338 339 
343 339 340 
344 340 341 
345 341 342 
346 342 343 
347 343 344 
348 344 345 
349 345 346 
350 346 347 
351 347 348 
352 348 349 
353 349 350 
354 350 351 
355 351 352 
356 352 353 
357 353 354 
358 354 355 
359 355 356 
360 356 357 
361 357 358 
362 358 359 
363 359 360 
364 360 361 
365 361 362 
366 362 363 
367 363 364 
368 364 365 
369 365 366 
370 366 367 
371 367 368 
372 368 369 
373 369 370 
374 370 371 
375 371 372 
376 372 373 
377 373 374 
378 374 375 
379 375 376 
380 376 377 
381 377 378 
382 378 379 
383 379 380 
384 380 381 
385 381 382 
386 382 383 
387 383 384 
388 384 385 
389 385 386 
390 386 387 
391 387 388 
392 388 389 
393 389 390 
394 390 391 
395 391 392 
396 392 393 
397 393 394 
398 394 395 
399 395 396 
400 396 397 
401 397 398 
402 398 399 
403 399 400 
404 400 401 
405 401 3 
1 5 1 126
406 5 402 
407 402 403 
408 403 404 
409 404 405 
410 405 406 
411 406 407 
412 407 408 
413 408 409 
414 409 410 
415 410 411 
416 411 412 
417 412 413 
418 413 414 
419 414 415 
420 415 416 
421 416 417 
422 417 418 
423 418 419 
424 419 420 
425 420 421 
426 421 422 
427 422 423 
428 423 424 
429 424 425 
430 425 426 
431 426 427 
432 427 428 
433 428 429 
434 429 430 
435 430 431 
436 431 432 
437 432 433 
438 433 434 
439 434 435 
440 435 436 
441 436 437 
442 437 438 
443 438 439 
444 439 440 
445 440 441 
446 441 442 
447 442 443 
448 443 444 
449 444 445 
450 445 446 
451 446 447 
452 447 448 
453 448 449 
454 449 450 
455 450 451 
456 451 452 
457 452 453 
458 453 454 
459 454 455 
460 455 456 
461 456 457 
462 457 458 
463 458 459 
464 459 460 
465 460 461 
466 461 462 
467 462 463 
468 463 464 
469 464 465 
470 465 466 
471 466 467 
472 467 468 
473 468 469 
474 469 470 
475 470 471 
476 471 472 
477 472 473 
478 473 474 
479 474 475 
480 475 476 
481 476 477 
482 477 478 
483 478 479 
484 479 480 
485 480 481 
486 481 482 
487 482 483 
488 483 484 
489 484 485 
490 485 486 
491 486 487 
492 487 488 
493 488 489 
494 489 490 
495 490 491 
496 491 492 
497 492 493 
498 493 494 
499 494 495 
500 495 496 
501 496 497 
502 497 498 
503 498 499 
504 499 500 
505 500 501 
506 501 502 
507 502 503 
508 503 504 
509 504 505 
510 505 506 
511 506 507 
512 507 508 
513 508 509 
514 509 510 
515 510 511 
516 511 512 
517 512 513 
518 513 514 
519 514 515 
520 515 516 
521 516 517 
522 517 518 
523 518 519 
524 519 520 
525 520 521 
526 521 522 
527 522 523 
528 523 524 
529 524 525 
530 525 526 
531 526 5 
2 1 2 20432
532 5094 8728 7834 
533 654 10029 6243 
534 681 10206 6396 
535 6206 8134 711 
536 632 7852 6172 
537 9 6270 697 
538 6454 9295 6455 
539 10027 10109 651 
540 129 6227 649 
541 343 7764 342 
542 5552 6332 6331 
543 299 6416 298 
544 5541 7791 7789 
545 8063 10163 6127 
546 3903 10214 3905 
547 6039 10017 8171 
548 6410 9917 8185 
549 5541 7793 7791 
550 6022 10117 7274 
551 8154 10232 8449 
552 4149 8657 6408 
553 8062 10163 8063 
554 6250 6690 5570 
555 8449 10118 8154 
556 6410 8185 727 
557 6206 8135 8134 
558 8065 10115 10007 
559 691 10100 6236 
560 292 6354 291 
561 657 10063 9976 
562 6298 6366 4559 
563 10049 10148 6137 
564 6353 6354 612 
565 6109 10002 9984 
566 130 6227 129 
567 8186 10172 9882 
568 6370 10176 4595 
569 7934 10106 6074 
570 8929 10147 6924 
571 6319 10167 4488 
572 465 6203 466 
573 4368 6371 5538 
574 617 6203 465 
575 8037 8583 5270 
576 232 6442 231 
577 10141 10209 8279 
578 9604 9684 6040 
579 6371 10176 6370 
580 7928 10084 8835 
581 6167 6995 689 
582 7929 7930 6067 
583 8033 10029 654 
584 4666 7764 7763 
585 6396 10206 6102 
586 6575 10326 558 
587 6181 6584 616 
588 6231 6248 665 
589 4666 7763 7761 
590 6855 9125 7896 
591 6366 10320 4559 
592 528 6313 6189 
593 8171 10017 625 
594 7881 10162 3642 
595 670 6334 6202 
596 6452 6453 539 
597 7829 10091 4499 
598 4612 8068 4611 
599 8171 10209 10141 
600 613 10135 6268 
601 665 6249 6231 
602 6352 6353 612 
603 538 10106 7934 
604 4517 8716 7819 
605 7879 10162 7881 
606 603 8302 6235 
607 7882 10174 7630 
608 689 9838 6167 
609 7846 9928 5537 
610 4543 6346 6126 
611 10 6270 9 
612 7532 10114 8773 
613 10120 10277 623 
614 3344 7877 3347 
615 7930 10109 6067 
616 6356 10167 6319 
617 7819 10333 4517 
618 7787 9910 8938 
619 6199 10120 623 
620 597 10103 10082 
621 6105 10109 10027 
622 6334 10385 6202 
623 5936 7776 7775 
624 7514 10358 6124 
625 6244 8302 603 
626 6257 7526 7525 
627 3905 10214 7793 
628 6285 10035 4562 
629 8835 10084 6254 
630 5854 10088 8151 
631 6273 6274 6217 
632 618 6332 6267 
633 6388 9674 6251 
634 4149 6408 6265 
635 566 6690 6250 
636 6268 10135 6393 
637 7852 9829 6172 
638 8129 10112 3637 
639 7881 10174 7882 
640 694 6709 6174 
641 708 10287 6175 
642 544 6398 77 
643 6189 6314 528 
644 6278 10110 6657 
645 5572 10211 6713 
646 644 10148 10049 
647 5610 9360 7927 
648 6089 10094 6333 
649 8144 10076 8369 
650 6657 10110 5580 
651 527 6273 6217 
652 611 8813 6177 
653 5626 8781 7524 
654 6388 10117 6022 
655 7871 10039 7870 
656 5544 10302 6397 
657 6451 6452 539 
658 4344 10121 7942 
659 6124 9516 7514 
660 10007 10115 5630 
661 7830 10091 7829 
662 6455 9295 4100 
663 6306 7070 3312 
664 4562 10087 6285 
665 612 6354 292 
666 562 10234 10220 
667 9882 10172 6242 
668 10220 10234 6155 
669 6153 9394 8169 
670 5270 8584 8037 
671 6386 10281 10086 
672 6182 7536 600 
673 6451 10281 6386 
674 6236 10100 6267 
675 6175 10115 708 
676 4611 8068 6152 
677 6329 10035 6285 
678 6170 10117 552 
679 7894 10199 7896 
680 5666 7769 7768 
681 5552 10362 6332 
682 6214 6216 663 
683 7893 7896 3638 
684 6196 8971 559 
685 9976 10063 6069 
686 3638 7895 7893 
687 4419 9684 9604 
688 4812 6316 6314 
689 6285 6363 6329 
690 6477 10120 10024 
691 630 10328 10132 
692 10132 10328 6151 
693 5938 6371 4368 
694 637 6260 6259 
695 558 9913 6575 
696 5536 6346 4543 
697 7834 8728 576 
698 6325 10147 8929 
699 600 7816 6182 
700 6237 6981 6328 
701 547 6657 6362 
702 6174 9895 694 
703 7900 7901 6145 
704 9984 10002 573 
705 6090 8190 4551 
706 7921 10364 6068 
707 7763 7764 343 
708 342 7764 575 
709 6408 8657 5147 
710 666 6416 299 
711 6262 6264 574 
712 6108 10147 6338 
713 6394 10088 5854 
714 7760 10043 7761 
715 6171 10250 557 
716 7524 10152 5626 
717 552 10253 6170 
718 542 10137 6367 
719 10216 10252 3372 
720 5584 10052 8040 
721 7783 10181 10111 
722 6328 10286 6237 
723 697 6270 6269 
724 6184 6996 563 
725 6332 10075 6267 
726 557 10210 6171 
727 88 10271 10203 
728 8130 10184 5113 
729 7942 10121 7940 
730 10043 10262 7761 
731 7834 10366 5094 
732 676 10425 6205 
733 700 10185 6136 
734 4551 8190 4552 
735 4875 6559 6146 
736 6136 10358 700 
737 7525 10072 6257 
738 8130 10112 8129 
739 6416 10291 298 
740 7871 10252 10216 
741 449 6315 450 
742 6348 10178 615 
743 6261 6262 574 
744 616 10313 6181 
745 6376 9464 7767 
746 5552 6331 6330 
747 6089 6333 6129 
748 6454 6455 6452 
749 7532 8773 7533 
750 10203 10271 6173 
751 8773 10114 4090 
752 6177 10074 611 
753 6574 10326 6575 
754 6442 10309 231 
755 5575 10041 7858 
756 6340 6359 550 
757 6183 10148 42 
758 6397 10302 6303 
759 563 9875 6184 
760 6022 9674 6388 
761 7803 7805 4584 
762 669 6388 6251 
763 42 10355 6183 
764 10082 10103 6093 
765 6338 10225 6108 
766 7528 7529 4591 
767 7896 9125 3638 
768 109 10277 10160 
769 5666 10103 7769 
770 6855 7896 6856 
771 6194 10056 589 
772 8143 10076 8144 
773 720 8167 6393 
774 6308 7130 6141 
775 645 9582 6180 
776 3572 6444 4147 
777 6657 10367 6362 
778 709 6422 6185 
779 6198 10329 630 
780 6188 10279 702 
781 702 10242 6188 
782 5551 10083 8177 
783 700 10358 7514 
784 638 6442 232 
785 551 10478 7391 
786 556 6234 6232 
787 6314 10260 4812 
788 77 6398 76 
789 6475 6477 4132 
790 5570 6690 5572 
791 450 6315 677 
792 558 10240 9913 
793 228 10212 6186 
794 6103 10178 6348 
795 6690 10211 5572 
796 559 10370 6196 
797 655 9972 6176 
798 6320 10478 551 
799 6186 10303 228 
800 6265 8765 4149 
801 8133 10184 8130 
802 6205 6407 676 
803 640 9928 7846 
804 10085 10302 3613 
805 695 6228 6207 
806 9838 10104 6167 
807 711 8136 6206 
808 5538 6371 6353 
809 668 10192 6320 
810 6068 10004 7921 
811 10192 10478 6320 
812 7778 10168 6224 
813 10116 10217 6148 
814 3343 7877 3344 
815 590 10104 9838 
816 3347 7877 4164 
817 8938 9910 6468 
818 6280 10425 676 
819 6222 6225 704 
820 7870 10039 7869 
821 6559 9869 553 
822 7894 7896 7893 
823 7798 10315 10223 
824 8157 8293 608 
825 581 9924 6219 
826 6180 10195 645 
827 6367 10137 6368 
828 10223 10315 6041 
829 6041 9604 6040 
830 8035 8583 8037 
831 6474 8251 6229 
832 6354 10443 291 
833 6176 10226 655 
834 8177 8228 5551 
835 7927 9360 6125 
836 6347 6348 615 
837 6245 9398 653 
838 5610 7927 5622 
839 10160 10277 6476 
840 7908 8599 5848 
841 7818 10333 7819 
842 6193 10211 671 
843 10095 10199 540 
844 6403 10128 4583 
845 630 10132 6198 
846 6185 10170 709 
847 6474 6475 4132 
848 9913 10240 6134 
849 617 6389 6203 
850 5624 6411 6351 
851 8231 9220 8584 
852 6238 6240 698 
853 5564 10067 6325 
854 10111 10181 4534 
855 7896 10199 6856 
856 8134 8135 578 
857 6602 10052 5584 
858 7948 7949 6132 
859 7775 10421 5936 
860 6219 10393 581 
861 6202 9990 670 
862 4025 10128 3574 
863 8149 10457 8953 
864 589 10245 6194 
865 6340 10213 6359 
866 6235 8141 603 
867 6333 10094 588 
868 7819 8716 7821 
869 5605 10425 6280 
870 8068 10323 710 
871 8183 8501 5454 
872 6397 9962 5544 
873 6280 10311 5605 
874 4612 9863 8068 
875 9823 10092 4588 
876 6174 10113 9895 
877 727 10047 6410 
878 6435 6436 721 
879 6325 8929 5564 
880 9895 10113 587 
881 6151 10002 6109 
882 616 6584 6351 
883 8293 10179 608 
884 8167 10146 6393 
885 7767 9464 5422 
886 6272 10182 6615 
887 7801 7803 4584 
888 6182 7537 7536 
889 7784 10111 3935 
890 7789 10077 5541 
891 3312 7071 6306 
892 10024 10120 6199 
893 550 6359 6358 
894 673 10263 6356 
895 7274 10117 6170 
896 6306 10085 7070 
897 5524 10334 8148 
898 6303 10302 10085 
899 6143 7871 7870 
900 6232 6377 556 
901 735 6564 732 
902 6315 10289 677 
903 5576 10041 5575 
904 5617 6444 6402 
905 7764 10126 575 
906 5936 9860 7776 
907 7887 8654 6045 
908 4464 10364 10231 
909 7952 10063 657 
910 5536 6399 6346 
911 589 10056 6366 
912 550 6358 6357 
913 673 6356 6355 
914 547 6362 6361 
915 6360 6404 683 
916 589 6366 6365 
917 7770 8759 6136 
918 7911 10364 7921 
919 7780 10168 7778 
920 6172 10297 632 
921 6475 10120 6477 
922 5622 7927 7926 
923 6163 10276 10155 
924 592 6406 6247 
925 568 7130 6308 
926 6195 10232 614 
927 6330 7113 5552 
928 10129 10186 36 
929 5617 6402 6401 
930 716 10272 6154 
931 9394 9750 8169 
932 10231 10364 7911 
933 8177 10083 8176 
934 5619 6559 4875 
935 8938 10335 7787 
936 8148 10188 5524 
937 6102 10206 7035 
938 10206 10458 7035 
939 294 6580 293 
940 5935 10333 10208 
941 6346 10285 6126 
942 614 10316 6195 
943 651 10109 7930 
944 4444 10175 10131 
945 4506 8599 7908 
946 6216 10418 663 
947 6278 10215 10110 
948 5537 10332 7846 
949 575 10126 10059 
950 6227 10290 649 
951 710 10323 8114 
952 5453 8235 8174 
953 545 10217 10116 
954 6076 6396 4795 
955 6207 10089 695 
956 559 8971 7902 
957 6312 6347 6310 
958 3935 10442 7784 
959 716 10457 8149 
960 5619 9869 6559 
961 6154 10457 716 
962 718 10405 8438 
963 4164 7877 7875 
964 7514 9516 591 
965 6924 10147 6108 
966 6443 10101 541 
967 8169 10426 6153 
968 3574 6444 3572 
969 4147 6444 5617 
970 234 10326 10183 
971 708 10115 8065 
972 5515 6584 5517 
973 5491 6460 6318 
974 6282 10092 6166 
975 528 6315 449 
976 6145 9796 7900 
977 7926 7927 648 
978 8154 10118 6179 
979 6274 10140 6217 
980 6171 10210 6546 
981 6203 10245 466 
982 6259 10419 637 
983 6160 10470 8066 
984 526 6331 618 
985 6190 10327 606 
986 623 10449 6199 
987 6410 10305 9917 
988 6162 10267 534 
989 142 10393 6221 
990 6476 10277 10120 
991 6262 8765 6265 
992 6615 10182 5591 
993 4575 10314 10157 
994 4094 10233 7537 
995 6391 10278 658 
996 6211 9897 8114 
997 10055 10196 9230 
998 606 10221 6190 
999 6201 10209 723 
1000 7899 10195 6180 
1001 663 9917 6214 
1002 723 10341 6201 
1003 671 10284 6193 
1004 6197 10037 719 
1005 6430 10471 685 
1006 8953 9945 8149 
1007 6312 6348 6347 
1008 385 10283 6213 
1009 6305 10471 6430 
1010 6236 10286 691 
1011 6247 6414 592 
1012 6213 10287 385 
1013 6221 10246 142 
1014 687 10124 9875 
1015 8189 8190 6090 
1016 243 10165 10102 
1017 260 10329 6212 
1018 6615 10215 6278 
1019 8174 10032 5453 
1020 653 9398 6546 
1021 637 9922 6260 
1022 6225 6226 704 
1023 6351 6584 5624 
1024 534 10470 6162 
1025 704 10096 6222 
1026 7537 10331 4094 
1027 6436 10156 721 
1028 6252 6392 580 
1029 5622 7926 7925 
1030 6212 10251 260 
1031 6331 6332 618 
1032 728 10172 8186 
1033 4795 6396 6102 
1034 4132 8251 6474 
1035 6231 6474 6229 
1036 658 10308 6391 
1037 6240 6241 698 
1038 10208 10333 7818 
1039 544 10389 6398 
1040 7901 10444 6145 
1041 6856 10199 10095 
1042 10210 10402 6546 
1043 6272 6615 672 
1044 7529 10005 4591 
1045 6251 6688 669 
1046 3906 10214 3903 
1047 6316 10289 6315 
1048 187 10198 6218 
1049 6136 10185 7770 
1050 7951 10274 10228 
1051 6180 10370 7899 
1052 6137 10148 6183 
1053 541 10309 6443 
1054 130 10116 6227 
1055 6545 10405 718 
1056 8584 9220 3548 
1057 5626 10152 5646 
1058 8231 8584 5270 
1059 577 8138 6372 
1060 6179 10304 8154 
1061 4164 7875 7851 
1062 6404 10225 683 
1063 580 6390 6252 
1064 7875 7877 7876 
1065 3574 10128 6444 
1066 6182 7816 6079 
1067 6401 10226 6176 
1068 6132 10095 7948 
1069 6313 10180 6189 
1070 5509 10034 9994 
1071 3318 7895 3638 
1072 576 8728 6374 
1073 6285 10087 6284 
1074 8066 10470 534 
1075 7767 10392 6376 
1076 6348 9986 6103 
1077 620 10291 6204 
1078 6364 10206 681 
1079 7853 9829 7852 
1080 4588 10092 6564 
1081 4597 8136 4596 
1082 6206 8136 4597 
1083 698 10097 6238 
1084 10183 10326 6574 
1085 719 10275 6197 
1086 7030 9975 2246 
1087 6353 6370 6354 
1088 565 10257 6334 
1089 6218 10394 187 
1090 6154 10074 6177 
1091 10155 10276 646 
1092 9598 10062 5426 
1093 583 7113 6330 
1094 6269 6271 697 
1095 732 6564 731 
1096 4588 6564 735 
1097 6248 10306 665 
1098 7769 10103 597 
1099 4419 9604 7795 
1100 6050 6392 5614 
1101 6300 6397 6303 
1102 6221 10393 6219 
1103 6373 6473 4915 
1104 5230 6473 6373 
1105 6452 6455 6453 
1106 6437 10383 609 
1107 595 10077 7789 
1108 6401 10398 10226 
1109 6134 10293 5612 
1110 3365 6477 3534 
1111 4132 6477 3365 
1112 6045 10119 7887 
1113 6250 10051 566 
1114 9954 10010 3166 
1115 6204 10312 620 
1116 532 10325 10324 
1117 548 6355 6319 
1118 679 6357 6275 
1119 6283 6286 565 
1120 6296 6360 570 
1121 674 6361 6291 
1122 6289 6364 564 
1123 6329 6363 584 
1124 692 6363 6285 
1125 6301 6430 567 
1126 688 6365 6298 
1127 7899 10370 559 
1128 6279 6280 676 
1129 6305 6430 6301 
1130 6357 6358 6275 
1131 6355 6356 6319 
1132 6361 6362 6291 
1133 6296 6404 6360 
1134 6365 6366 6298 
1135 448 6313 528 
1136 479 6323 530 
1137 515 6320 551 
1138 412 6336 552 
1139 418 731 667 
1140 481 6272 672 
1141 475 6338 554 
1142 507 6340 550 
1143 519 6335 566 
1144 517 6276 671 
1145 454 6279 676 
1146 505 6308 680 
1147 523 6343 583 
1148 6310 6347 493 
1149 6351 6411 435 
1150 464 6344 617 
1151 496 6349 694 
1152 293 6580 612 
1153 726 6580 294 
1154 653 10036 6245 
1155 6290 6292 6288 
1156 644 10049 8636 
1157 10152 10335 5646 
1158 7950 9976 6069 
1159 10157 10314 7904 
1160 6162 10029 8033 
1161 6352 10161 5585 
1162 6141 10388 6308 
1163 6338 10147 554 
1164 5455 7030 6463 
1165 6217 10197 527 
1166 8171 10141 6039 
1167 5663 6412 5420 
1168 6244 10170 6185 
1169 4848 7476 6400 
1170 6559 10408 6146 
1171 9999 10293 6134 
1172 5624 6584 5515 
1173 5517 6584 6181 
1174 6400 7476 4598 
1175 6314 6315 528 
1176 6249 6474 6231 
1177 6356 10263 9178 
1178 6461 6462 4187 
1179 553 9869 6279 
1180 4116 9992 7780 
1181 6379 10186 10129 
1182 666 8446 6416 
1183 7914 7915 5621 
1184 6394 10319 609 
1185 5511 9994 7326 
1186 6402 10128 6403 
1187 5454 10031 8183 
1188 9781 9853 6413 
1189 10257 10385 6334 
1190 6105 10027 7936 
1191 5614 6392 6252 
1192 6257 10122 7526 
1193 10065 10123 7429 
1194 5423 9781 6413 
1195 612 6580 6352 
1196 9875 10124 6184 
1197 4915 6473 4984 
1198 3320 7895 3318 
1199 10131 10175 7800 
1200 5848 10006 7908 
1201 4583 10348 10228 
1202 4591 10416 7528 
1203 731 6564 667 
1204 6777 9982 4361 
1205 609 10319 6437 
1206 6390 10278 6391 
1207 6318 6460 6317 
1208 6299 6397 6300 
1209 6287 6290 6288 
1210 6294 6297 6295 
1211 6175 10287 6213 
1212 6346 6399 693 
1213 8449 10232 6195 
1214 8100 10467 6096 
1215 6343 9598 583 
1216 6219 9924 6220 
1217 5455 9975 7030 
1218 6262 6265 6264 
1219 6655 7506 4822 
1220 10228 10274 6403 
1221 5621 10462 7914 
1222 6212 10329 6198 
1223 608 10179 8161 
1224 593 10384 6226 
1225 6278 6657 6277 
1226 6241 10172 10073 
1227 4583 10228 6403 
1228 8 6409 7 
1229 525 6331 526 
1230 10073 10400 6241 
1231 8066 10055 6160 
1232 6601 9968 5492 
1233 8114 10323 6211 
1234 6694 9957 4738 
1235 6267 10100 618 
1236 6895 9961 1438 
1237 6205 9878 6407 
1238 6401 6402 535 
1239 6335 6690 566 
1240 7391 10078 551 
1241 603 10330 6244 
1242 6463 7031 5455 
1243 8135 10307 578 
1244 707 10196 10055 
1245 6693 9957 6694 
1246 6580 10161 6352 
1247 6462 6777 4187 
1248 6178 10304 6179 
1249 6713 10211 6193 
1250 7844 10250 4607 
1251 6154 10272 10074 
1252 9359 9993 7158 
1253 6566 8446 666 
1254 5762 7180 6695 
1255 7805 10420 4584 
1256 667 10092 6282 
1257 1193 6692 1191 
1258 4187 7031 6461 
1259 5595 10164 10134 
1260 6373 6911 5230 
1261 6076 10230 6396 
1262 6339 9962 684 
1263 3650 6767 6766 
1264 10198 10307 6168 
1265 4190 9534 3643 
1266 10102 10165 6263 
1267 8183 10437 8501 
1268 529 6688 733 
1269 176 7915 175 
1270 6247 9720 6414 
1271 30 10224 6457 
1272 9719 9998 5499 
1273 7853 10220 9829 
1274 4737 7117 7000 
1275 574 10102 6261 
1276 5423 6413 6412 
1277 6414 9720 6031 
1278 1531 6911 6480 
1279 5962 9363 8092 
1280 6412 6413 5420 
1281 8136 8137 4596 
1282 10324 10325 6423 
1283 1046 8091 1049 
1284 6258 9984 573 
1285 5507 10034 5509 
1286 5624 7326 6411 
1287 6407 9878 569 
1288 6465 6695 6693 
1289 8162 10334 6111 
1290 10051 10069 690 
1291 552 10117 6322 
1292 5663 6655 6412 
1293 6411 7326 586 
1294 6457 10413 30 
1295 10151 10177 5579 
1296 6465 6693 6692 
1297 3201 9739 6704 
1298 8716 9947 7821 
1299 6390 10454 10278 
1300 6290 6293 6292 
1301 7871 10216 10039 
1302 5255 9095 6796 
1303 3822 6700 3824 
1304 6034 9859 7200 
1305 3653 9901 4357 
1306 6244 10330 10170 
1307 1220 6585 6426 
1308 1201 6585 1220 
1309 7870 10462 6143 
1310 1959 7161 1961 
1311 3162 6581 6424 
1312 1195 6581 3162 
1313 8636 10255 644 
1314 6427 9856 6956 
1315 5456 6895 6405 
1316 6307 10001 568 
1317 4194 6702 6701 
1318 5623 10193 7836 
1319 4865 9791 4862 
1320 6243 10317 654 
1321 7418 9766 8754 
1322 5442 9609 6359 
1323 6359 10213 5442 
1324 3157 6677 6555 
1325 1386 9853 9781 
1326 8204 9952 8205 
1327 6405 6896 5456 
1328 6998 10177 10067 
1329 6096 10130 8100 
1330 4607 10368 7844 
1331 10032 10153 4573 
1332 8279 10209 6201 
1333 7118 9830 3166 
1334 4086 10249 7806 
1335 6998 10067 5564 
1336 556 10431 6234 
1337 9595 9683 2836 
1338 6443 10309 6442 
1339 4242 6478 5659 
1340 4242 6479 6478 
1341 4243 7031 3604 
1342 6782 8850 5841 
1343 1972 8753 7419 
1344 1973 7160 7159 
1345 7112 9403 7110 
1346 995 9695 998 
1347 6727 9805 9804 
1348 6415 9822 9816 
1349 6226 10265 593 
1350 1965 9721 1967 
1351 9804 9805 3197 
1352 6417 9831 9825 
1353 7115 9323 2844 
1354 8033 10267 6162 
1355 9816 9822 1357 
1356 5638 7282 6620 
1357 6418 9847 9839 
1358 9825 9831 3228 
1359 7228 9861 9858 
1360 4794 10136 6293 
1361 7326 9994 586 
1362 6589 9534 4190 
1363 7225 9886 9876 
1364 9839 9847 1334 
1365 1062 6567 1065 
1366 1065 6567 6431 
1367 7235 9898 9892 
1368 9858 9861 3195 
1369 6439 6586 4620 
1370 4213 9403 7112 
1371 5597 10134 10011 
1372 7282 8665 6620 
1373 5201 9323 7115 
1374 6266 10363 6264 
1375 9876 9886 1294 
1376 4616 6940 6548 
1377 4620 6586 4617 
1378 7356 9921 9909 
1379 4862 6553 4860 
1380 9892 9898 3181 
1381 4616 6548 4614 
1382 6448 6450 1281 
1383 6658 8665 7282 
1384 6330 6331 525 
1385 6428 6446 3160 
1386 9278 9868 1045 
1387 6281 6559 553 
1388 548 6318 6317 
1389 554 6325 6324 
1390 6322 6388 669 
1391 679 6274 6273 
1392 6317 6460 675 
1393 6299 6300 567 
1394 672 6278 6277 
1395 6287 6288 564 
1396 6294 6295 570 
1397 684 6397 6299 
1398 674 6290 6287 
1399 692 6284 6283 
1400 6327 6328 584 
1401 681 6396 6309 
1402 688 6297 6294 
1403 9909 9921 1284 
1404 6345 6346 693 
1405 693 6399 6350 
1406 6069 10219 7950 
1407 6552 8611 3179 
1408 6326 10173 590 
1409 8088 8090 5963 
1410 5963 8090 4613 
1411 5194 6557 6556 
1412 6949 9614 6525 
1413 998 6560 1003 
1414 721 6437 6435 
1415 6497 6774 6500 
1416 7836 10427 5623 
1417 5194 6556 4621 
1418 6729 7001 5643 
1419 6343 10062 9598 
1420 5672 9181 6992 
1421 3265 6777 2316 
1422 5643 6730 6729 
1423 4399 8665 6658 
1424 6458 6780 5346 
1425 5652 9602 9542 
1426 6684 7006 4847 
1427 6992 9181 2846 
1428 2833 6493 6491 
1429 4847 8786 6684 
1430 6424 6465 3162 
1431 6400 9359 4848 
1432 6480 9987 9985 
1433 9542 9602 5150 
1434 5963 8089 8088 
1435 1108 7414 1109 
1436 5737 6533 5644 
1437 5661 9850 5660 
1438 1061 6567 1062 
1439 6358 10057 6275 
1440 1197 6581 1195 
1441 3648 6765 3666 
1442 1061 6568 6567 
1443 9985 9987 3127 
1444 4613 8090 5641 
1445 9714 9763 7409 
1446 7159 7163 1973 
1447 3650 6766 6765 
1448 4650 6528 4651 
1449 1061 6571 6568 
1450 6166 10092 9823 
1451 5194 6558 6557 
1452 2827 7024 6521 
1453 4860 6553 6434 
1454 4647 6900 6525 
1455 6434 6553 1335 
1456 5652 9479 7476 
1457 697 6409 8 
1458 6490 6495 4904 
1459 9971 10026 2244 
1460 4218 6495 6490 
1461 1339 8766 7024 
1462 6425 9844 6778 
1463 1969 9705 6703 
1464 7024 8766 6521 
1465 6178 10473 10304 
1466 1203 6585 1201 
1467 7476 9479 4598 
1468 5652 9542 9479 
1469 6254 10084 649 
1470 8173 10032 8174 
1471 7000 9830 7118 
1472 7000 7118 4737 
1473 7161 9744 7162 
1474 6440 6442 638 
1475 998 9695 6560 
1476 6517 9872 9808 
1477 6519 9595 2836 
1478 4887 6633 4884 
1479 4887 6469 6466 
1480 7417 9828 9811 
1481 6429 6956 1692 
1482 6466 6633 4887 
1483 6466 6469 5176 
1484 6541 8611 6552 
1485 6541 6552 5640 
1486 4621 6556 6438 
1487 6438 6556 4823 
1488 7409 8262 7410 
1489 7162 9744 8754 
1490 7410 8262 1115 
1491 4653 6614 4654 
1492 568 10001 7130 
1493 6704 9739 6703 
1494 638 6573 6440 
1495 1692 6957 6429 
1496 6525 9614 4647 
1497 6412 6655 4822 
1498 7936 10266 6105 
1499 6445 6549 4649 
1500 4862 9791 6553 
1501 4624 9666 6901 
1502 2903 7506 6655 
1503 6325 10067 6324 
1504 3837 6488 5674 
1505 6911 9021 5866 
1506 6480 6911 6373 
1507 3558 6876 4634 
1508 3837 6489 6488 
1509 6461 7031 6463 
1510 6878 7314 5781 
1511 958 6752 960 
1512 6769 9450 1106 
1513 6166 10407 6282 
1514 6459 6561 1352 
1515 9979 10003 4906 
1516 5456 9961 6895 
1517 5982 9492 9406 
1518 7780 10247 4116 
1519 2527 6779 2530 
1520 1041 9278 1042 
1521 1358 7026 6520 
1522 2836 7028 6519 
1523 6295 10127 6296 
1524 583 9598 7113 
1525 6746 8052 5817 
1526 4959 7340 4961 
1527 4977 9936 6785 
1528 6535 9380 1019 
1529 4885 9647 6562 
1530 2820 6483 6482 
1531 6288 9728 6289 
1532 6508 7025 6510 
1533 6504 7027 6506 
1534 1086 6739 6523 
1535 1084 6739 1086 
1536 6586 6940 4616 
1537 4617 6586 4616 
1538 990 6773 993 
1539 5802 7655 6654 
1540 3647 9968 6601 
1541 6802 9793 2861 
1542 10179 10341 8161 
1543 7409 9763 8262 
1544 5656 9256 6890 
1545 6410 10047 6409 
1546 4194 6701 6700 
1547 6879 6880 2821 
1548 6878 6879 2821 
1549 2931 8532 6852 
1550 923 6635 1572 
1551 2986 6768 3389 
1552 1572 6635 6486 
1553 4416 6663 5449 
1554 4614 6548 4649 
1555 4649 6548 6445 
1556 6663 6666 5449 
1557 3555 8561 6865 
1558 1386 9781 6727 
1559 5153 8565 6818 
1560 899 6783 901 
1561 4190 8952 6589 
1562 4647 6901 6900 
1563 6784 9855 6785 
1564 6333 10191 6129 
1565 7000 7117 6570 
1566 3086 8587 6889 
1567 8146 10188 8148 
1568 6610 6656 1881 
1569 943 6484 947 
1570 950 6787 954 
1571 3560 6627 3561 
1572 5383 6642 6524 
1573 5709 6554 4645 
1574 4867 9849 7018 
1575 8150 10221 606 
1576 7163 9721 1965 
1577 5762 6695 6465 
1578 6695 7180 4722 
1579 6886 6887 2257 
1580 6277 6657 547 
1581 1961 7161 1973 
1582 733 6688 6251 
1583 6240 6242 6241 
1584 6433 6892 3150 
1585 8369 10377 8144 
1586 6785 9855 4977 
1587 1352 6560 6459 
1588 6432 6903 1293 
1589 1003 6560 1352 
1590 6426 6778 1220 
1591 7104 10257 6286 
1592 1191 6692 1225 
1593 3162 6692 1193 
1594 2879 6962 6563 
1595 709 6423 6422 
1596 6562 6962 4885 
1597 1066 6802 1069 
1598 6563 6962 6562 
1599 1045 9868 8091 
1600 3197 9805 6415 
1601 3160 6999 6428 
1602 6727 9804 1386 
1603 5640 6639 6541 
1604 1281 6988 6448 
1605 4526 10467 8101 
1606 3157 6975 6677 
1607 546 7915 176 
1608 175 7915 7914 
1609 4196 9871 8092 
1610 5658 8482 6842 
1611 5292 6738 6699 
1612 7200 9859 3878 
1613 6956 9856 1692 
1614 1161 6891 1159 
1615 9534 9871 4196 
1616 6849 9012 7283 
1617 6788 6997 3048 
1618 7249 7250 5668 
1619 1165 6902 1163 
1620 5668 7250 5011 
1621 6446 6988 3160 
1622 6570 6999 1235 
1623 6450 6975 1281 
1624 7848 10332 8139 
1625 6540 6639 4635 
1626 1169 6909 1167 
1627 4583 10128 4025 
1628 4624 6901 3663 
1629 10015 10066 8017 
1630 671 10211 6335 
1631 6204 10291 6416 
1632 7403 7404 5667 
1633 6415 9816 3197 
1634 5184 9747 6889 
1635 447 6313 448 
1636 478 6323 479 
1637 514 6320 515 
1638 411 6336 412 
1639 970 6880 972 
1640 474 6338 475 
1641 417 731 418 
1642 506 6340 507 
1643 518 6335 519 
1644 480 6272 481 
1645 516 6276 517 
1646 453 6279 454 
1647 504 6308 505 
1648 522 6343 523 
1649 6431 6802 1065 
1650 524 6330 525 
1651 492 6310 493 
1652 8092 9363 4196 
1653 434 6351 435 
1654 495 6349 496 
1655 463 6344 464 
1656 6372 10105 577 
1657 919 9821 921 
1658 5667 7404 4952 
1659 527 6321 512 
1660 511 6273 527 
1661 552 6322 413 
1662 548 6317 445 
1663 483 6277 547 
1664 452 6281 553 
1665 554 6324 476 
1666 416 6688 529 
1667 420 6282 549 
1668 549 6339 421 
1669 565 6334 409 
1670 513 6321 668 
1671 487 6287 564 
1672 563 6337 441 
1673 444 6355 548 
1674 414 6322 669 
1675 446 6317 675 
1676 672 6277 482 
1677 679 6273 510 
1678 550 6357 508 
1679 677 6281 451 
1680 477 6324 678 
1681 667 6282 419 
1682 424 6299 567 
1683 547 6361 484 
1684 408 6283 565 
1685 669 6688 415 
1686 569 6342 457 
1687 471 6294 570 
1688 456 6407 569 
1689 503 6307 568 
1690 410 6334 670 
1691 674 6287 486 
1692 570 6360 472 
1693 442 6337 673 
1694 422 6339 684 
1695 586 6341 437 
1696 491 6309 585 
1697 509 6357 679 
1698 460 6326 590 
1699 684 6299 423 
1700 564 6364 488 
1701 673 6355 443 
1702 676 6407 455 
1703 567 6430 425 
1704 485 6361 674 
1705 473 6360 683 
1706 458 6342 682 
1707 688 6294 470 
1708 438 6341 687 
1709 681 6309 490 
1710 692 6283 407 
1711 584 6363 405 
1712 589 6365 468 
1713 682 6326 459 
1714 429 6333 588 
1715 436 6411 586 
1716 404 6327 584 
1717 489 6364 681 
1718 588 6345 430 
1719 406 6363 692 
1720 6561 8752 4648 
1721 686 6307 502 
1722 469 6365 688 
1723 426 6430 685 
1724 431 6345 693 
1725 691 6327 403 
1726 494 6347 615 
1727 693 6350 432 
1728 433 6350 616 
1729 4620 9485 6439 
1730 5326 9835 5328 
1731 1293 6909 6432 
1732 6576 6784 6783 
1733 10012 10058 8023 
1734 3150 6902 6433 
1735 6293 10347 4794 
1736 2246 9975 7697 
1737 6549 7262 2840 
1738 4204 6877 6481 
1739 1049 8091 8090 
1740 1045 8091 1046 
1741 1335 6891 6434 
1742 10363 10476 6264 
1743 5822 9854 9392 
1744 6577 9278 1041 
1745 1344 9950 9938 
1746 6555 6909 3157 
1747 10021 10068 7996 
1748 6768 9450 6769 
1749 10008 10050 6959 
1750 5962 8092 5963 
1751 1204 9760 1206 
1752 1963 7163 1965 
1753 6496 6774 6497 
1754 4823 6788 6438 
1755 6524 6642 5216 
1756 5182 9724 6865 
1757 9938 9950 6049 
1758 1357 9822 6417 
1759 6065 9891 9736 
1760 7418 8754 7419 
1761 7412 7413 6471 
1762 5798 9832 6987 
1763 3643 9534 4196 
1764 6417 9825 1357 
1765 6576 9406 6784 
1766 3789 9874 9576 
1767 1973 7161 7160 
1768 4194 6700 3822 
1769 3824 6700 4242 
1770 1359 6774 6496 
1771 6796 9095 4357 
1772 5972 7362 5985 
1773 5985 7362 7361 
1774 5684 9692 6852 
1775 1881 7358 6610 
1776 1803 7358 1881 
1777 5255 6796 6478 
1778 7783 10111 7784 
1779 1303 6591 1202 
1780 6543 6591 1303 
1781 1173 6975 1171 
1782 6082 10091 7830 
1783 5346 6889 6458 
1784 6472 9836 5677 
1785 4854 6903 4852 
1786 9769 9932 5369 
1787 3228 9831 6418 
1788 6353 6371 6370 
1789 6370 6545 6354 
1790 1177 6988 1175 
1791 6601 9977 9974 
1792 5663 10003 9979 
1793 2833 6773 6493 
1794 6703 9705 6701 
1795 6418 9839 3228 
1796 4858 6892 4856 
1797 6471 7414 7412 
1798 1181 6999 1179 
1799 1113 7414 6470 
1800 9851 9981 1574 
1801 2820 6484 6483 
1802 6533 6865 5644 
1803 4884 6633 4885 
1804 9974 9977 4454 
1805 6271 6409 697 
1806 6496 6773 1359 
1807 6869 9906 9773 
1808 2840 9654 6549 
1809 7858 10434 5575 
1810 4668 9795 5415 
1811 6774 9683 9595 
1812 6643 8975 6469 
1813 1973 7163 1963 
1814 4361 9982 6473 
1815 6400 9993 9359 
1816 6536 7363 2864 
1817 6963 9800 1400 
1818 6469 8975 5176 
1819 6534 7294 1394 
1820 6538 7513 1363 
1821 6530 7202 2858 
1822 7164 8704 2858 
1823 6782 9666 4624 
1824 9485 9496 6007 
1825 6528 6852 4651 
1826 1572 9571 8158 
1827 6542 7590 2911 
1828 5870 8975 6643 
1829 6459 8752 6561 
1830 9867 9983 7661 
1831 6529 7164 1414 
1832 7251 9794 1434 
1833 2858 8704 6530 
1834 1202 6591 1204 
1835 6445 7262 6549 
1836 6529 8704 7164 
1837 7347 7349 1573 
1838 4631 6646 5650 
1839 6520 7027 1358 
1840 3604 7031 4187 
1841 6455 6456 6453 
1842 1414 8740 6529 
1843 5455 7031 4243 
1844 6528 6782 5841 
1845 4624 8850 6782 
1846 5660 9850 7956 
1847 8754 9766 7162 
1848 2855 6683 4867 
1849 2472 9806 6803 
1850 6639 9802 4635 
1851 6558 8744 4195 
1852 4952 7404 4954 
1853 1334 9847 7228 
1854 6472 6614 2908 
1855 2855 7006 6684 
1856 2855 6684 6683 
1857 6521 7025 2827 
1858 4654 6614 6472 
1859 6539 6576 2851 
1860 9453 9471 5676 
1861 5011 7250 5013 
1862 2854 6728 4847 
1863 6728 8786 4847 
1864 3663 6901 4647 
1865 7346 7347 7345 
1866 2854 7001 6729 
1867 947 6484 2820 
1868 5985 7361 7360 
1869 2818 7344 6590 
1870 2854 6729 6728 
1871 2832 8750 7360 
1872 5970 7362 5972 
1873 7228 9858 1334 
1874 6770 9840 9763 
1875 6374 10108 576 
1876 2832 7064 6547 
1877 6590 7344 5411 
1878 6589 8952 6568 
1879 7360 8750 5985 
1880 7072 9676 2865 
1881 6633 9647 4885 
1882 6547 8750 2832 
1883 1401 8771 7064 
1884 5129 8506 6623 
1885 5101 7521 7519 
1886 4897 7518 7338 
1887 5129 6623 6565 
1888 1401 7042 6551 
1889 1041 7627 6577 
1890 7064 8771 6547 
1891 7337 7339 4962 
1892 7518 8534 7519 
1893 7337 8612 7338 
1894 3166 10010 7118 
1895 6885 6886 2257 
1896 609 10088 6394 
1897 6551 8771 1401 
1898 921 6635 923 
1899 7338 8612 4897 
1900 4897 8534 7518 
1901 7519 8534 5101 
1902 4962 8612 7337 
1903 6603 7042 2899 
1904 6551 7042 6603 
1905 4036 6624 6569 
1906 1409 9778 6923 
1907 5101 7522 7521 
1908 2316 6777 4361 
1909 5194 8744 6558 
1910 4631 6746 6646 
1911 4187 6777 3265 
1912 4837 9241 6992 
1913 4653 6746 6614 
1914 5676 9471 6470 
1915 7110 9403 7115 
1916 2844 9323 4837 
1917 2908 6779 6472 
1918 4357 9901 6796 
1919 5678 9762 6625 
1920 7412 7414 1108 
1921 6885 7310 5769 
1922 729 10306 6248 
1923 1109 7414 1113 
1924 4837 9323 9241 
1925 3650 6765 3648 
1926 6904 9654 2840 
1927 6485 9570 8158 
1928 7097 10347 6362 
1929 6462 9982 6777 
1930 9433 9453 5676 
1931 3666 6765 6646 
1932 6992 9241 5672 
1933 4242 6700 6479 
1934 5643 9181 6730 
1935 2164 9809 9741 
1936 3195 9861 7225 
1937 8158 9571 6485 
1938 6694 10010 9954 
1939 8040 10411 5584 
1940 3389 6768 3650 
1941 590 9838 461 
1942 462 9838 689 
1943 6314 6316 6315 
1944 6527 6610 5217 
1945 6598 7232 4902 
1946 6599 7232 6598 
1947 8205 9952 3045 
1948 7115 9403 5201 
1949 5217 6642 6527 
1950 6470 9471 1113 
1951 2846 9181 5643 
1952 7112 9433 4213 
1953 6527 6656 6610 
1954 7340 9936 4977 
1955 7112 9453 9433 
1956 6478 6796 5659 
1957 6484 9570 6485 
1958 6486 9571 1572 
1959 9668 9680 5683 
1960 7419 8754 1972 
1961 7225 9876 3195 
1962 1693 9680 9668 
1963 5709 6641 6554 
1964 4902 9067 6598 
1965 4067 9998 9719 
1966 9645 9652 7086 
1967 9900 9988 1437 
1968 6605 7483 2865 
1969 937 9652 9645 
1970 1019 6787 6535 
1971 6481 6876 4204 
1972 8801 9883 9866 
1973 6482 6787 2820 
1974 6604 9067 4902 
1975 4630 7073 6778 
1976 1449 9865 9862 
1977 6662 8962 8671 
1978 9606 9615 7445 
1979 3837 6752 6489 
1980 1799 9807 1801 
1981 7014 9578 2857 
1982 6637 8094 2468 
1983 6591 9760 1204 
1984 3161 9615 9606 
1985 1531 9021 6911 
1986 6027 8094 6637 
1987 9862 9865 7200 
1988 4204 6876 3558 
1989 6481 6878 5781 
1990 6654 7655 3414 
1991 9894 9896 7376 
1992 4901 6604 4902 
1993 6522 6654 3414 
1994 6488 6876 5674 
1995 1019 9380 6752 
1996 9592 9597 7166 
1997 9899 9902 7687 
1998 2821 7314 6878 
1999 3052 9896 9894 
2000 5230 6911 5866 
2001 4644 6627 3560 
2002 6532 6627 4644 
2003 1097 7062 6986 
2004 440 9875 563 
2005 960 6752 3837 
2006 942 9597 9592 
2007 4634 6876 6488 
2008 687 9875 439 
2009 4901 6605 6604 
2010 1087 6739 1084 
2011 1019 6752 958 
2012 9904 9908 6613 
2013 4901 7483 6605 
2014 6985 6987 3415 
2015 9572 9583 7147 
2016 6596 7312 5933 
2017 1330 9902 9899 
2018 5647 6573 5648 
2019 1058 6571 1061 
2020 6550 7283 3158 
2021 1057 6571 1058 
2022 6440 6573 5647 
2023 1235 7000 6570 
2024 3067 9908 9904 
2025 3415 8623 6985 
2026 6985 8623 6986 
2027 6818 9169 5327 
2028 3165 9583 9572 
2029 4195 6578 6558 
2030 2530 6779 2908 
2031 2526 6779 2527 
2032 6699 6738 3782 
2033 6769 9840 6770 
2034 1294 9886 7235 
2035 6523 6818 1086 
2036 4448 9733 9718 
2037 6061 9718 9688 
2038 4631 8052 6746 
2039 9559 9566 7149 
2040 4650 6782 6528 
2041 2833 9695 995 
2042 6614 6746 5817 
2043 6986 8623 1097 
2044 6495 9614 6949 
2045 4961 7340 4977 
2046 1240 9885 9881 
2047 4962 7340 4959 
2048 953 9566 9559 
2049 4648 9654 6561 
2050 1097 8307 7062 
2051 680 10213 6340 
2052 8159 10275 719 
2053 3414 7063 6522 
2054 6563 6963 2879 
2055 5668 7251 7249 
2056 9541 9551 7178 
2057 6208 10089 6207 
2058 4448 9718 6061 
2059 6524 7283 5383 
2060 6520 7025 6508 
2061 9955 9960 8205 
2062 6510 7025 6521 
2063 1359 6773 990 
2064 6519 7027 6504 
2065 6506 7027 6520 
2066 993 6773 2833 
2067 7235 9892 1294 
2068 6265 6266 6264 
2069 6545 10443 6354 
2070 1967 9721 1976 
2071 2857 6594 3750 
2072 5667 7405 7403 
2073 498 9895 587 
2074 7806 10391 4086 
2075 694 9895 497 
2076 3167 9551 9541 
2077 3534 9960 9955 
2078 7405 8740 1414 
2079 6350 10313 616 
2080 6533 9692 5684 
2081 9811 9828 6704 
2082 9406 9492 4976 
2083 4443 9733 4448 
2084 686 10123 10065 
2085 4644 6842 6532 
2086 5346 9724 5182 
2087 1573 9801 7347 
2088 9528 9536 6550 
2089 7281 9657 5683 
2090 6774 9595 6500 
2091 6890 9256 5328 
2092 6554 6842 4645 
2093 6852 8532 5684 
2094 1001 9536 9528 
2095 6428 6999 6570 
2096 2931 6852 6528 
2097 1976 9721 6526 
2098 1042 9278 1045 
2099 7087 9638 7086 
2100 9881 9885 6047 
2101 6540 9747 5184 
2102 9657 9668 5683 
2103 2865 9676 6605 
2104 2851 6783 899 
2105 901 6783 1390 
2106 9638 9645 7086 
2107 6865 8561 5182 
2108 1394 8680 6534 
2109 7346 7349 7347 
2110 6818 8565 1086 
2111 3555 6865 6533 
2112 2851 6923 6539 
2113 6448 6988 6446 
2114 8104 9779 4246 
2115 5327 9169 6654 
2116 5656 6890 6627 
2117 5153 6818 5327 
2118 2864 8573 6536 
2119 7344 7346 7345 
2120 9777 9779 8104 
2121 5038 6600 5261 
2122 6530 8680 7202 
2123 1789 6887 1791 
2124 6393 10135 720 
2125 954 6787 1019 
2126 1363 8437 6538 
2127 6889 8587 5184 
2128 7927 10390 648 
2129 2820 6787 950 
2130 4904 9576 6490 
2131 6677 6975 6450 
2132 5800 9788 6873 
2133 3086 6889 5346 
2134 6534 8573 7294 
2135 6654 9169 5802 
2136 6554 6641 5675 
2137 2911 8362 6542 
2138 6536 8437 7363 
2139 2861 9793 5800 
2140 6565 6624 5129 
2141 6623 8506 1043 
2142 6758 9010 4824 
2143 1115 9519 7410 
2144 5800 9793 9788 
2145 6538 8362 7513 
2146 5982 9406 6576 
2147 1303 8207 6543 
2148 9867 9880 5440 
2149 6308 10388 680 
2150 6542 8207 7590 
2151 3254 6624 4036 
2152 1959 9744 7161 
2153 2257 6887 1789 
2154 5637 7163 7159 
2155 2088 9637 6649 
2156 6772 9002 5315 
2157 4488 10295 6319 
2158 8101 10467 8100 
2159 3181 9898 7356 
2160 6552 9787 5639 
2161 5639 9791 4865 
2162 3764 9780 3765 
2163 5216 6642 5217 
2164 6404 9884 6107 
2165 6699 9802 6639 
2166 9787 9791 5639 
2167 4218 9614 6495 
2168 5440 9880 5439 
2169 6402 6403 535 
2170 2857 9578 6594 
2171 6627 6890 3561 
2172 1069 6802 2861 
2173 3768 9770 6837 
2174 6641 6803 5675 
2175 4660 6772 5315 
2176 1065 6802 1066 
2177 4846 6622 6003 
2178 5292 6699 5640 
2179 6770 9763 9714 
2180 7087 9615 3161 
2181 6143 10462 5621 
2182 7283 9012 3158 
2183 6622 8764 6003 
2184 7356 9909 3181 
2185 6842 8482 6532 
2186 6439 6788 3048 
2187 4202 8700 3942 
2188 5658 6842 6554 
2189 9994 10034 6341 
2190 7278 9691 7280 
2191 4823 6997 6788 
2192 3150 6891 1161 
2193 7445 9597 942 
2194 5737 9692 6533 
2195 1159 6891 1335 
2196 6491 9695 2833 
2197 7166 9583 3165 
2198 1293 6902 1165 
2199 1163 6902 3150 
2200 3736 9837 9815 
2201 2986 9450 6768 
2202 7147 9566 953 
2203 3157 6909 1169 
2204 7281 9652 937 
2205 1167 6909 1293 
2206 972 6880 1339 
2207 2821 6880 970 
2208 942 9606 7445 
2209 6249 6475 6474 
2210 3165 9592 7166 
2211 7149 9551 3167 
2212 6849 7283 6524 
2213 3161 9638 7087 
2214 8090 8091 5641 
2215 937 9657 7281 
2216 953 9572 7147 
2217 943 9570 6484 
2218 6531 9680 1693 
2219 7178 9536 1001 
2220 921 9821 6635 
2221 3167 9559 7149 
2222 6780 9724 5346 
2223 3650 6768 6767 
2224 1693 9689 6531 
2225 6107 10225 6404 
2226 1001 9541 7178 
2227 9900 9914 6038 
2228 6683 9849 4867 
2229 3818 6905 3820 
2230 3158 9528 6550 
2231 3450 6661 3452 
2232 9136 9180 5932 
2233 4646 8207 4926 
2234 4928 8362 4930 
2235 4671 8755 4672 
2236 6703 9739 1969 
2237 6038 9914 6579 
2238 4679 6619 4483 
2239 4932 8437 4934 
2240 1284 9921 7354 
2241 7580 9756 5745 
2242 5963 8092 8089 
2243 6569 6744 4036 
2244 5261 6600 6583 
2245 6583 6600 2853 
2246 6661 8962 6662 
2247 9808 9872 6879 
2248 4936 8573 4938 
2249 6871 9733 4443 
2250 6577 7627 6557 
2251 834 6913 845 
2252 4852 6903 6432 
2253 6520 7026 7025 
2254 1801 7358 1803 
2255 6628 6630 4676 
2256 1006 6904 1009 
2257 4635 9747 6540 
2258 6432 6909 6555 
2259 6111 10321 8162 
2260 5385 6630 6628 
2261 6003 8764 6744 
2262 3422 7071 3313 
2263 1209 6957 1207 
2264 1207 6957 1692 
2265 4940 8680 4942 
2266 7354 9935 1284 
2267 6541 6639 6540 
2268 4856 6892 6433 
2269 1281 6975 1173 
2270 1171 6975 3157 
2271 5415 9795 6638 
2272 6519 7028 7027 
2273 7329 7341 5682 
2274 3160 6988 1177 
2275 1175 6988 1281 
2276 6465 6692 3162 
2277 6433 6903 4854 
2278 4195 8792 6578 
2279 6526 9769 1976 
2280 5682 7560 7329 
2281 7329 7560 2260 
2282 7560 8922 2260 
2283 4443 9752 6871 
2284 6019 9971 7697 
2285 4620 9496 9485 
2286 2915 6757 2917 
2287 1235 6999 1181 
2288 1179 6999 3160 
2289 6434 6892 4858 
2290 6625 9762 1047 
2291 6702 6703 6701 
2292 4246 9779 6873 
2293 7697 9975 6019 
2294 895 6923 897 
2295 6704 9828 3201 
2296 5509 9994 5511 
2297 8753 9828 7419 
2298 4544 6616 5536 
2299 4544 6617 6616 
2300 9658 9708 1391 
2301 5667 8740 7405 
2302 6778 9844 1220 
2303 1174 7405 1176 
2304 6757 9010 6758 
2305 6881 6882 5770 
2306 4063 6896 5904 
2307 6581 9844 6425 
2308 5456 6896 4063 
2309 4905 9730 6953 
2310 2257 7310 6885 
2311 6595 9180 4659 
2312 5685 7664 6723 
2313 3765 6881 5770 
2314 6873 9788 4246 
2315 5245 8621 8377 
2316 9757 9758 4900 
2317 5129 6624 3254 
2318 5328 9835 6890 
2319 7312 8755 5933 
2320 5933 9180 6596 
2321 1438 9961 7724 
2322 9745 9818 1300 
2323 6603 9758 9757 
2324 6900 6901 4623 
2325 6429 9859 6034 
2326 6594 8755 3750 
2327 9790 9833 8424 
2328 5938 10176 6371 
2329 5758 6837 6582 
2330 7419 9828 7417 
2331 7344 7345 5411 
2332 6582 8768 5758 
2333 5492 9968 6405 
2334 4559 10202 6298 
2335 6987 9832 3415 
2336 1168 7251 1170 
2337 679 6275 6274 
2338 548 6319 6318 
2339 672 6615 6278 
2340 6295 6296 570 
2341 674 6291 6290 
2342 6328 6329 584 
2343 692 6285 6284 
2344 6284 6286 6283 
2345 6300 6301 567 
2346 6288 6289 564 
2347 688 6298 6297 
2348 5770 6885 5769 
2349 9734 9812 7656 
2350 7202 8680 1394 
2351 982 7028 984 
2352 6571 6589 6568 
2353 2853 6913 6583 
2354 6438 9485 6007 
2355 6585 9856 6427 
2356 4630 6778 6426 
2357 3179 9787 6552 
2358 6778 7073 6425 
2359 7294 8573 2864 
2360 7044 9699 9693 
2361 6558 6577 6557 
2362 10009 10205 6138 
2363 7280 9691 1020 
2364 9693 9699 1642 
2365 7363 8437 1363 
2366 5745 6862 4266 
2367 7268 9682 9665 
2368 7021 9656 9641 
2369 6649 9637 6619 
2370 9392 9854 5677 
2371 9759 9766 3827 
2372 5677 9836 9392 
2373 978 7026 980 
2374 1162 6963 1164 
2375 9665 9682 3211 
2376 6862 9103 4266 
2377 3076 9530 6994 
2378 7513 8362 2911 
2379 1057 6572 6571 
2380 6573 6574 5648 
2381 9789 9792 6058 
2382 6744 8764 4036 
2383 7590 8207 1303 
2384 9772 9782 6626 
2385 4667 9792 9789 
2386 9641 9656 1667 
2387 4701 6631 5689 
2388 6631 8002 5689 
2389 9760 9801 1573 
2390 4679 6649 6619 
2391 7046 9620 9612 
2392 6707 9605 5697 
2393 286 10327 6255 
2394 9612 9620 3204 
2395 2913 9696 7379 
2396 5734 8758 8695 
2397 6697 9585 6942 
2398 5315 9002 6857 
2399 8906 9701 6016 
2400 7075 9599 9593 
2401 9030 9707 5700 
2402 8391 9663 8393 
2403 5681 9751 7605 
2404 4483 6619 4544 
2405 6587 6772 4660 
2406 4194 6905 6702 
2407 7484 7736 7488 
2408 9593 9599 1641 
2409 6587 6850 4662 
2410 4662 6772 6587 
2411 3937 6660 6592 
2412 9813 9843 6066 
2413 1327 9651 8394 
2414 7330 9678 7620 
2415 4922 6631 6608 
2416 2735 10080 10079 
2417 7392 9563 6691 
2418 6608 6631 4701 
2419 5689 8002 6994 
2420 3424 9655 6969 
2421 6292 9728 6288 
2422 6588 8722 6850 
2423 7120 9580 9569 
2424 9576 9874 6490 
2425 6592 6737 3937 
2426 1670 10071 10070 
2427 6336 10253 552 
2428 7464 9782 9772 
2429 8116 9877 6047 
2430 7487 9053 3154 
2431 6588 6953 5690 
2432 9569 9580 3198 
2433 9755 9757 4900 
2434 5690 8722 6588 
2435 3743 6847 3744 
2436 9877 9881 6047 
2437 5754 6764 6744 
2438 4150 6847 3743 
2439 6678 8631 6669 
2440 7139 9558 9547 
2441 6803 9806 5675 
2442 6318 10295 5491 
2443 3942 8700 4648 
2444 4649 8700 4202 
2445 2852 6678 6669 
2446 6850 8722 4662 
2447 9547 9558 1671 
2448 1878 8758 6611 
2449 3452 6661 3937 
2450 3468 9389 2362 
2451 10060 10061 1475 
2452 5660 9901 3653 
2453 1206 9760 1573 
2454 6767 9815 6766 
2455 7232 9755 4900 
2456 6431 9793 6802 
2457 7553 9627 7552 
2458 7198 9538 9526 
2459 6477 10024 3534 
2460 4193 6905 3818 
2461 3820 6905 4194 
2462 4871 9676 7072 
2463 9526 9538 3180 
2464 6790 9577 6789 
2465 6218 10198 6168 
2466 6595 9671 4871 
2467 4659 9180 9136 
2468 4926 8207 6542 
2469 5708 9578 7014 
2470 6543 8207 4646 
2471 3716 6756 6755 
2472 4930 8362 6538 
2473 6612 9518 9510 
2474 6052 9710 6597 
2475 6542 8362 4928 
2476 6563 9800 6963 
2477 9671 9676 4871 
2478 5933 8755 4671 
2479 1801 9807 7358 
2480 6468 9910 594 
2481 3468 7485 6647 
2482 4672 8755 6594 
2483 6647 7485 6648 
2484 6678 6845 4800 
2485 4934 8437 6536 
2486 9790 9799 5418 
2487 6600 9575 5708 
2488 10053 10054 1404 
2489 6538 8437 4932 
2490 6576 6783 2851 
2491 7856 9764 9525 
2492 6052 9717 9710 
2493 2917 6757 3716 
2494 845 6913 2853 
2495 1352 6904 1006 
2496 3450 8962 6661 
2497 1009 6904 2840 
2498 833 6913 834 
2499 9510 9518 1672 
2500 9736 9891 1450 
2501 6845 6846 4800 
2502 6471 9850 5661 
2503 9575 9578 5708 
2504 4938 8573 6534 
2505 7021 9629 7020 
2506 4088 7071 3422 
2507 6536 8573 4936 
2508 4800 8631 6678 
2509 5668 9794 7251 
2510 8700 9654 4648 
2511 5932 9180 5933 
2512 3313 7071 3312 
2513 6914 9543 6037 
2514 5680 6755 6737 
2515 7161 7162 7160 
2516 6493 6773 6496 
2517 7021 9641 9629 
2518 4942 8680 6530 
2519 6534 8680 4940 
2520 6994 9530 5689 
2521 6960 9783 9740 
2522 4377 8376 6606 
2523 9977 9980 4454 
2524 7486 9053 7487 
2525 7362 9778 1409 
2526 5263 6914 6037 
2527 6723 7664 3578 
2528 5680 6737 6592 
2529 5418 9799 4049 
2530 6561 6904 1352 
2531 3744 6847 6846 
2532 7118 9396 4737 
2533 6609 6723 3578 
2534 5702 9444 9438 
2535 6758 9708 9658 
2536 6549 8700 4649 
2537 4394 9487 3657 
2538 8149 9945 604 
2539 6606 8377 4377 
2540 6647 9389 3468 
2541 1409 6923 895 
2542 897 6923 2851 
2543 4544 6619 6617 
2544 6484 6485 6483 
2545 6621 6679 4876 
2546 6271 6410 6409 
2547 4454 9980 6620 
2548 3765 9780 6881 
2549 5606 6679 6621 
2550 1391 7379 6607 
2551 7245 9328 7242 
2552 2915 9010 6757 
2553 6837 9770 6582 
2554 7840 8643 7839 
2555 1176 7405 1414 
2556 7403 7405 1174 
2557 7677 9521 7683 
2558 4876 6679 5619 
2559 3578 6969 6609 
2560 4786 8643 7840 
2561 1434 9794 7404 
2562 7500 9486 7496 
2563 1979 7841 6673 
2564 6723 8377 5685 
2565 6456 6457 6453 
2566 5698 7841 7839 
2567 6608 8758 4922 
2568 3716 6755 5680 
2569 5703 9468 6717 
2570 6923 9778 6539 
2571 7222 9549 7223 
2572 9905 9907 6875 
2573 7839 8643 5698 
2574 9741 9809 6662 
2575 7330 7973 5699 
2576 6698 9036 6951 
2577 6673 7841 5698 
2578 4188 9354 3796 
2579 6877 6878 6481 
2580 8377 8621 4377 
2581 957 9907 9905 
2582 5699 7973 5887 
2583 4394 6951 6711 
2584 5745 9756 6862 
2585 8835 10346 7928 
2586 6565 7673 6624 
2587 1854 9036 6698 
2588 6624 7673 6569 
2589 5245 8377 6723 
2590 1170 7251 1434 
2591 7249 7251 1168 
2592 984 7028 2836 
2593 9438 9444 7605 
2594 1339 9872 8766 
2595 9820 9821 1022 
2596 6235 10098 8141 
2597 8372 9923 9912 
2598 6473 9982 4984 
2599 1400 9800 7250 
2600 5553 7114 6640 
2601 6396 10230 6309 
2602 2473 6803 2476 
2603 6612 9506 6611 
2604 1358 7028 982 
2605 6951 9036 6711 
2606 9937 9939 6070 
2607 833 9543 6914 
2608 1474 9939 9937 
2609 9635 9694 7983 
2610 1793 9585 6697 
2611 8695 8758 1878 
2612 3754 9814 9785 
2613 6612 9510 9506 
2614 9942 9946 7969 
2615 5038 9575 6600 
2616 980 7026 1358 
2617 3964 7522 3967 
2618 5068 9328 7245 
2619 3967 7522 5101 
2620 4204 6894 6877 
2621 8194 9824 9803 
2622 10018 10020 4245 
2623 1578 9946 9942 
2624 6669 6952 2852 
2625 1164 6963 1400 
2626 9951 9953 8216 
2627 3787 8276 7114 
2628 2593 9605 6707 
2629 7114 8276 6640 
2630 2879 6963 1162 
2631 6691 9563 2175 
2632 830 9543 833 
2633 6526 9932 9769 
2634 2728 9953 9951 
2635 6621 6745 5606 
2636 1991 6952 6668 
2637 2827 7026 978 
2638 1641 9599 7046 
2639 3204 9620 7020 
2640 9773 9906 3269 
2641 3198 9580 7075 
2642 10013 10014 8814 
2643 1671 9558 7120 
2644 6672 8276 3787 
2645 3744 6846 6845 
2646 8372 9912 3067 
2647 573 10239 6258 
2648 7217 9386 7413 
2649 3180 9538 7139 
2650 7521 9820 1022 
2651 5654 6714 6713 
2652 1667 9656 7268 
2653 9834 9883 5218 
2654 6413 9771 5420 
2655 6953 9730 5690 
2656 6889 9747 6458 
2657 6702 9811 6704 
2658 5767 6672 3787 
2659 3211 9682 7044 
2660 7263 9069 5767 
2661 1406 9923 8372 
2662 6265 6408 6266 
2663 6676 9354 4188 
2664 3700 9443 4033 
2665 4812 10200 6316 
2666 1672 9518 7198 
2667 1477 9964 9929 
2668 6645 8285 4739 
2669 7046 9612 1641 
2670 4695 6642 5383 
2671 5654 6713 6193 
2672 7940 10121 8452 
2673 7075 9593 3198 
2674 7020 9629 3204 
2675 6750 7682 2310 
2676 3067 9912 9908 
2677 1642 9699 6597 
2678 7484 7488 7485 
2679 4739 6651 6645 
2680 6527 6642 4695 
2681 4659 9671 6595 
2682 7120 9569 1671 
2683 7488 7736 3873 
2684 7339 7340 4962 
2685 6596 9180 6595 
2686 9550 9650 1000 
2687 5277 6651 4739 
2688 7268 9665 1667 
2689 2476 6803 6641 
2690 7139 9547 3180 
2691 5330 7465 6958 
2692 6014 7682 6750 
2693 5767 9069 6672 
2694 5754 6744 6569 
2695 5993 9742 9740 
2696 8766 9872 6517 
2697 7044 9693 3211 
2698 7198 9526 1672 
2699 6671 6745 2906 
2700 7485 7486 6648 
2701 6629 9927 6053 
2702 7401 9307 5775 
2703 5439 9880 7690 
2704 6622 9742 5993 
2705 4693 6680 6202 
2706 5704 8825 7716 
2707 6711 9487 4394 
2708 7716 8825 4982 
2709 5495 9991 9989 
2710 3750 8755 7312 
2711 3460 9967 9943 
2712 5771 9340 7318 
2713 9927 9929 6053 
2714 6865 9724 5644 
2715 4690 8634 7440 
2716 5277 6696 6651 
2717 6597 9710 1642 
2718 1991 9504 1988 
2719 6611 9506 1878 
2720 2480 6939 6733 
2721 1995 6952 1992 
2722 6744 6764 6003 
2723 4851 6982 4189 
2724 6623 9762 5678 
2725 7320 9393 8028 
2726 7440 8634 7441 
2727 4676 9709 6628 
2728 7279 9686 1378 
2729 6717 9468 2191 
2730 6249 6476 6475 
2731 1823 7441 6685 
2732 6768 6769 6767 
2733 6789 9577 3437 
2734 6724 6725 4340 
2735 4035 8879 8013 
2736 7096 9287 6618 
2737 6625 9767 6626 
2738 6590 9745 2818 
2739 4836 6812 6667 
2740 7090 9660 3196 
2741 5707 6681 6147 
2742 4033 6754 4035 
2743 5775 6724 4340 
2744 1402 9495 2310 
2745 8013 8879 5937 
2746 1022 9821 919 
2747 7441 8634 6685 
2748 5495 9989 6658 
2749 6677 6982 6555 
2750 8394 9651 5378 
2751 833 6914 6913 
2752 6607 9658 1391 
2753 4922 8758 5734 
2754 2609 9486 7500 
2755 3229 9786 6058 
2756 5763 7185 6808 
2757 6646 6765 5650 
2758 9767 9772 6626 
2759 7279 9691 7278 
2760 6634 9795 4668 
2761 7099 9644 1353 
2762 6754 8879 4035 
2763 2819 9198 6636 
2764 8393 9663 4379 
2765 5415 9797 5416 
2766 2106 8498 3356 
2767 3782 6738 5771 
2768 6470 7414 6471 
2769 9786 9789 6058 
2770 5637 9721 7163 
2771 6852 9692 4651 
2772 7690 9888 5439 
2773 6057 9949 9943 
2774 5868 9723 9722 
2775 4188 6982 6676 
2776 7307 9099 5318 
2777 6668 9504 1991 
2778 3476 9306 7171 
2779 9797 9798 5416 
2780 8094 9806 2472 
2781 7108 9622 3194 
2782 6583 6914 5263 
2783 6686 8483 4937 
2784 6732 9297 2232 
2785 2746 8483 6686 
2786 7413 9386 4241 
2787 6663 9949 6057 
2788 4894 7201 4892 
2789 2645 9099 7307 
2790 7188 9303 6795 
2791 5449 9952 8204 
2792 6561 9654 6904 
2793 1378 9686 9673 
2794 4268 9709 4676 
2795 6618 9287 9257 
2796 6644 9849 9846 
2797 6646 6746 4653 
2798 2755 9217 7452 
2799 7127 9610 1331 
2800 1669 6666 4663 
2801 7683 9521 3979 
2802 1054 9704 1057 
2803 4663 6666 6663 
2804 6702 6704 6703 
2805 5383 7283 6550 
2806 6714 6809 3356 
2807 3150 6892 6891 
2808 3196 9660 9653 
2809 7379 9696 6607 
2810 7181 9054 5712 
2811 6652 9372 2408 
2812 4529 6812 4836 
2813 5699 9678 7330 
2814 8779 9527 1599 
2815 5775 9307 6724 
2816 2472 6803 2473 
2817 6019 10026 9971 
2818 7382 9686 7279 
2819 7181 9131 2752 
2820 5728 9270 7452 
2821 9302 9321 2756 
2822 7136 9594 3193 
2823 1714 6974 1696 
2824 6636 9198 9174 
2825 1468 9627 7553 
2826 1893 9701 8906 
2827 2280 9707 9030 
2828 1353 9644 9634 
2829 6901 9666 4623 
2830 6644 9846 6643 
2831 3480 6950 6762 
2832 6439 9485 6788 
2833 4388 7389 7385 
2834 6673 9429 1979 
2835 5313 8845 6753 
2836 4074 6743 4375 
2837 6763 6950 5318 
2838 6668 6952 6669 
2839 4375 6743 6741 
2840 6753 8845 2523 
2841 7089 9660 7090 
2842 5728 9302 9270 
2843 3480 9251 3346 
2844 2754 9094 7420 
2845 4796 6846 6077 
2846 9257 9287 2819 
2847 5313 7171 6670 
2848 6762 6950 6763 
2849 9131 9174 2752 
2850 6535 6787 6482 
2851 6969 9655 6609 
2852 2834 8907 6653 
2853 3194 9622 9618 
2854 6738 9340 5771 
2855 4800 6846 4796 
2856 4693 6812 6680 
2857 6636 9257 2819 
2858 9174 9198 2752 
2859 5344 9509 6659 
2860 2668 6897 6696 
2861 6670 8845 5313 
2862 6479 9705 5256 
2863 7183 9573 1010 
2864 6656 9376 1881 
2865 837 8193 816 
2866 5318 9099 6763 
2867 1979 9429 1975 
2868 9187 9217 2755 
2869 2894 7063 2891 
2870 5729 9165 7420 
2871 4678 9313 7547 
2872 7098 9644 7099 
2873 2362 9389 2408 
2874 4033 9443 6754 
2875 6917 9662 3595 
2876 8035 10125 8583 
2877 4907 9640 7239 
2878 1293 6903 6902 
2879 711 10093 8136 
2880 3356 8498 6714 
2881 1331 9610 9601 
2882 6480 9985 1531 
2883 5712 9054 9013 
2884 6650 9473 6649 
2885 6705 9529 6706 
2886 6710 9631 5992 
2887 639 10363 6266 
2888 6291 6293 6290 
2889 5728 9321 9302 
2890 7292 9476 5338 
2891 6300 6302 6301 
2892 7601 9685 7600 
2893 4339 6726 5423 
2894 5729 9187 9165 
2895 5712 9131 7181 
2896 2166 6944 2163 
2897 6558 6578 6577 
2898 7107 9622 7108 
2899 6814 9348 6811 
2900 9013 9054 2834 
2901 6720 6721 3871 
2902 2745 8964 7426 
2903 5654 6809 6714 
2904 6572 6589 6571 
2905 6664 9562 3170 
2906 5344 9530 3076 
2907 7231 9442 5332 
2908 6611 8758 6608 
2909 3716 6757 6756 
2910 7452 9270 2755 
2911 5729 9217 9187 
2912 5310 9289 7241 
2913 2899 9758 6603 
2914 6967 9402 6721 
2915 6088 9715 9394 
2916 3193 9594 9584 
2917 7096 9637 2088 
2918 4680 9200 7436 
2919 6574 6575 5648 
2920 9074 9094 2754 
2921 7126 9610 7127 
2922 8028 9393 2548 
2923 8671 9741 6662 
2924 5640 6699 6639 
2925 6935 9600 6934 
2926 6653 9013 2834 
2927 6667 6916 4836 
2928 6653 8907 8849 
2929 9350 9376 6656 
2930 7390 8735 2787 
2931 7390 8291 5715 
2932 5730 9044 7426 
2933 7171 9306 6670 
2934 7129 9409 5319 
2935 749 9630 1691 
2936 753 9646 8208 
2937 6737 6755 4669 
2938 7135 9594 7136 
2939 6958 9297 6732 
2940 5732 9361 6970 
2941 5330 6958 6732 
2942 8849 8907 2787 
2943 1010 9573 9567 
2944 8779 9473 6650 
2945 5539 6759 4125 
2946 7420 9165 2754 
2947 3159 9303 7188 
2948 1209 9628 6957 
2949 7018 9849 6644 
2950 6958 7465 4375 
2951 6696 6897 6651 
2952 841 7913 839 
2953 4935 9405 4933 
2954 7242 9328 7241 
2955 2657 9529 6705 
2956 5730 9094 9074 
2957 7041 9358 4682 
2958 5606 6745 6671 
2959 5299 9223 7237 
2960 5730 9074 9044 
2961 6815 9523 6793 
2962 7437 9244 7436 
2963 6037 9543 9525 
2964 1882 9381 7633 
2965 4824 9708 6758 
2966 6659 9509 9498 
2967 8588 9613 3873 
2968 1197 9844 6581 
2969 9353 9372 6652 
2970 2906 9242 6671 
2971 2310 9495 6750 
2972 8735 8849 2787 
2973 1924 9325 6978 
2974 3170 9562 9555 
2975 3183 8847 6675 
2976 4740 8642 7541 
2977 6745 9365 6974 
2978 9271 9313 4678 
2979 2189 9091 7381 
2980 7488 9613 7486 
2981 6762 9251 3480 
2982 4645 6842 4644 
2983 7322 9586 7323 
2984 5338 9476 9466 
2985 2761 7640 6719 
2986 7394 9545 7393 
2987 8865 9418 1855 
2988 6759 8788 4125 
2989 7437 9271 9244 
2990 6713 6714 5705 
2991 7182 9573 7183 
2992 7223 7389 4388 
2993 2852 6952 1995 
2994 7541 8642 7540 
2995 6555 6982 4851 
2996 4679 6650 6649 
2997 1359 9683 6774 
2998 5707 7201 6681 
2999 6689 8498 2108 
3000 2725 8881 8291 
3001 5715 8735 7390 
3002 6680 6812 4529 
3003 1992 6952 1991 
3004 7426 9044 2745 
3005 4125 8788 5756 
3006 2313 9549 7222 
3007 6733 6939 5709 
3008 8933 8964 2745 
3009 2786 9156 6682 
3010 7487 9650 9550 
3011 4189 6982 4188 
3012 7467 9568 7466 
3013 6808 7185 3119 
3014 5278 9148 7248 
3015 9815 9837 6766 
3016 6621 9365 6745 
3017 5332 9442 9434 
3018 7439 9128 7440 
3019 2477 6939 2480 
3020 9260 9289 5310 
3021 8291 8881 5715 
3022 3796 9354 3797 
3023 5311 9331 7106 
3024 2408 9389 6652 
3025 6685 8930 1823 
3026 133 7917 132 
3027 3937 6661 6660 
3028 8190 10381 4552 
3029 7393 9545 2253 
3030 6675 8964 8933 
3031 7384 9277 6964 
3032 4751 9310 4502 
3033 5727 6725 6724 
3034 6104 6759 6709 
3035 7680 9560 7704 
3036 4896 7740 7586 
3037 6687 6808 3119 
3038 6967 7386 1530 
3039 4982 8825 6808 
3040 5358 9562 6664 
3041 2625 7540 6761 
3042 9155 9200 4680 
3043 3462 8822 6775 
3044 3797 9342 6645 
3045 2168 6916 6715 
3046 929 9570 943 
3047 7473 7633 5731 
3048 6522 9835 5326 
3049 9484 9494 5871 
3050 7397 9502 2243 
3051 7540 8642 6761 
3052 7547 9376 9350 
3053 7486 9613 9053 
3054 7386 7387 1530 
3055 7439 9155 9128 
3056 6775 8822 5273 
3057 5132 8140 7453 
3058 2666 9586 7322 
3059 3119 6978 6687 
3060 1057 9704 6572 
3061 4669 6755 5302 
3062 6942 9585 7467 
3063 5319 9409 9397 
3064 6681 7201 4894 
3065 7547 9350 4678 
3066 7037 9238 5294 
3067 5709 6939 6641 
3068 2108 9135 6689 
3069 7473 8301 2725 
3070 6675 8933 3183 
3071 2295 9069 7263 
3072 6709 6759 5539 
3073 6671 9242 9214 
3074 7398 9502 7397 
3075 5289 9229 7094 
3076 6736 9417 5316 
3077 1861 9568 7467 
3078 5998 9348 6814 
3079 2281 9399 8958 
3080 6649 9473 2088 
3081 7381 9091 5716 
3082 7373 7377 3514 
3083 6641 6939 2476 
3084 8831 8847 3183 
3085 3797 9354 9342 
3086 7437 9313 9271 
3087 7304 8958 5736 
3088 2671 9631 6710 
3089 7436 9244 4680 
3090 5070 9065 7471 
3091 9196 9223 5299 
3092 2088 9473 1562 
3093 6971 9509 5344 
3094 6808 8825 5763 
3095 4892 7201 4896 
3096 6715 8861 2168 
3097 7304 9026 2295 
3098 5496 9991 5495 
3099 6733 9248 2480 
3100 6686 8847 8831 
3101 8301 8881 2725 
3102 7306 9003 5740 
3103 2108 8498 2106 
3104 2655 9456 7495 
3105 7245 9353 5068 
3106 7245 9372 9353 
3107 2906 6974 1714 
3108 4937 8483 4935 
3109 7393 9563 7392 
3110 6740 7434 5273 
3111 5731 8301 7473 
3112 7422 9440 2242 
3113 3937 6737 3679 
3114 6691 9581 5956 
3115 1843 9417 6736 
3116 1696 6974 1695 
3117 7241 9328 5310 
3118 7439 9200 9155 
3119 7585 9281 7276 
3120 7453 8140 4929 
3121 2085 8882 6712 
3122 6833 9019 6874 
3123 7373 8360 7375 
3124 5922 9469 7490 
3125 7306 9078 3287 
3126 8666 9316 2155 
3127 5273 8822 6740 
3128 3679 6737 4669 
3129 2825 6944 2166 
3130 6676 6982 6677 
3131 7440 9128 4690 
3132 7375 8360 5421 
3133 5754 7406 6764 
3134 6682 9156 9127 
3135 5250 9029 7191 
3136 6686 8831 2746 
3137 3109 7434 6807 
3138 2816 8061 6798 
3139 5988 9611 6697 
3140 6896 9616 5904 
3141 7237 9289 9260 
3142 3703 8427 6722 
3143 7406 7634 6764 
3144 4340 6726 4339 
3145 8882 9322 5744 
3146 7201 7740 4896 
3147 6807 7434 6740 
3148 4798 9105 7012 
3149 7605 9751 9438 
3150 7216 9318 3952 
3151 7048 9151 5264 
3152 7037 9294 7038 
3153 5697 9605 7322 
3154 7223 9549 7389 
3155 5950 9544 6698 
3156 7170 7472 4705 
3157 6972 6977 4751 
3158 7397 9520 7396 
3159 7291 9476 7292 
3160 6798 8061 6797 
3161 7237 9260 5299 
3162 6846 6847 6077 
3163 9026 9069 2295 
3164 7385 7389 7386 
3165 2480 9248 2481 
3166 7495 9456 7494 
3167 2891 7063 3414 
3168 5953 9564 6705 
3169 3561 7063 2894 
3170 7324 8969 5743 
3171 9581 9591 5956 
3172 5734 8548 6719 
3173 2810 6908 2808 
3174 5304 6977 6972 
3175 816 8193 810 
3176 6794 9237 4709 
3177 9122 9148 5278 
3178 9214 9242 2786 
3179 6708 9617 6707 
3180 6813 9507 5340 
3181 8955 8990 3171 
3182 3514 8360 7373 
3183 9415 9556 2062 
3184 6810 9477 5343 
3185 6874 9019 6065 
3186 3657 9487 7490 
3187 9619 9624 1864 
3188 1690 8748 6735 
3189 7324 9055 2912 
3190 3871 8193 837 
3191 4682 9358 9329 
3192 7289 8707 4810 
3193 3871 7913 6720 
3194 5733 8930 6685 
3195 7248 9223 9196 
3196 9557 9568 1861 
3197 5746 8934 7469 
3198 6804 6806 5350 
3199 6689 9135 9104 
3200 7882 7916 7880 
3201 3255 8827 6731 
3202 6717 9483 6718 
3203 9078 9127 3287 
3204 5988 9619 9611 
3205 10228 10348 7952 
3206 7422 9468 5703 
3207 6797 8061 4278 
3208 5342 6799 6793 
3209 6682 9214 2786 
3210 6025 6806 6804 
3211 6793 6799 4029 
3212 7657 8540 7316 
3213 5734 8695 8548 
3214 6780 6966 4239 
3215 9574 9586 2666 
3216 9299 9331 5311 
3217 4239 6966 2939 
3218 8865 8930 5733 
3219 2808 8318 2774 
3220 9127 9156 3287 
3221 7490 9469 3627 
3222 6908 8318 2808 
3223 9294 9329 7038 
3224 4501 9206 4498 
3225 5950 9557 9544 
3226 1492 9041 6742 
3227 9520 9532 7396 
3228 6712 8990 8955 
3229 7585 7586 5124 
3230 6821 9373 7542 
3231 7248 9196 5278 
3232 2253 9545 9532 
3233 7230 9442 7231 
3234 1375 9523 6815 
3235 5953 9574 9564 
3236 7207 9009 3921 
3237 6714 8498 5705 
3238 2163 6944 2168 
3239 9864 9879 2924 
3240 6708 9623 9617 
3241 2243 9502 9493 
3242 9623 9631 2671 
3243 5741 8519 6722 
3244 5736 9026 7304 
3245 5259 9237 6794 
3246 5970 9778 7362 
3247 5335 9472 7598 
3248 7496 9486 7495 
3249 2073 9395 7144 
3250 4278 7963 6797 
3251 6719 8548 2761 
3252 9483 9493 6718 
3253 7033 9045 5243 
3254 7153 9111 7156 
3255 7880 7916 650 
3256 7040 9358 7041 
3257 7471 9148 9122 
3258 7704 9577 6790 
3259 6721 8193 3871 
3260 6739 9832 5798 
3261 7586 7740 5124 
3262 6712 8955 2085 
3263 6916 9320 4836 
3264 7423 9440 7422 
3265 839 7913 3871 
3266 7128 9409 7129 
3267 6692 6693 1225 
3268 9055 9104 2912 
3269 1745 6969 1747 
3270 1833 8465 6928 
3271 9020 9065 5070 
3272 6732 9421 5900 
3273 6735 7913 1690 
3274 4754 8056 6938 
3275 5740 9003 8950 
3276 5756 8788 7103 
3277 5496 9993 9991 
3278 1599 7059 7058 
3279 6650 9527 8779 
3280 9104 9135 2912 
3281 5071 9173 5913 
3282 6700 6701 6479 
3283 5741 8802 8519 
3284 7319 9221 5813 
3285 5294 9238 9204 
3286 6928 8465 6929 
3287 8238 8597 7055 
3288 6741 6958 4375 
3289 3697 9435 3699 
3290 6938 8056 5545 
3291 3862 8238 7060 
3292 5740 9078 7306 
3293 7486 7487 6648 
3294 9434 9442 7129 
3295 1690 7913 841 
3296 2242 9440 9432 
3297 6929 8225 4988 
3298 7471 9122 5070 
3299 5923 9437 7307 
3300 6645 9342 8285 
3301 3517 6829 6827 
3302 6748 9293 2679 
3303 7211 9219 4276 
3304 2476 6939 2477 
3305 9466 9476 7231 
3306 9397 9409 7041 
3307 7144 9395 7143 
3308 7501 9503 7500 
3309 4705 8721 7170 
3310 2776 9307 7401 
3311 7158 9993 5496 
3312 5319 9434 7129 
3313 3202 9326 7101 
3314 7730 8916 7051 
3315 3862 8597 8238 
3316 2408 9372 8332 
3317 6747 8818 2409 
3318 6970 9361 2005 
3319 4074 9298 6743 
3320 6722 8519 3703 
3321 7334 9327 7333 
3322 1521 7058 1519 
3323 6523 9169 6818 
3324 7319 9267 2776 
3325 5332 9466 7231 
3326 7175 9118 7174 
3327 7216 9386 7217 
3328 3699 9435 6749 
3329 7567 9134 7568 
3330 8950 9003 3255 
3331 4991 9192 5961 
3332 5907 9157 7455 
3333 9445 9456 2655 
3334 2710 7103 6838 
3335 6981 7034 4521 
3336 132 7917 545 
3337 6838 7103 4979 
3338 9193 9229 5289 
3339 6696 8974 2668 
3340 4920 7507 4918 
3341 7916 7917 133 
3342 6716 8861 6715 
3343 8666 8861 6716 
3344 5672 9382 9181 
3345 4278 8099 7963 
3346 2847 8328 6760 
3347 4863 9197 7589 
3348 9421 9432 5900 
3349 8998 9029 5250 
3350 1530 9402 6967 
3351 6786 8563 7121 
3352 3954 7723 3477 
3353 7469 9065 9020 
3354 6944 9320 6916 
3355 9498 9509 7292 
3356 8078 9273 5830 
3357 6761 8415 2625 
3358 7213 9318 7216 
3359 4682 9397 7041 
3360 7446 8493 5751 
3361 571 7811 7810 
3362 6599 9755 7232 
3363 5338 9498 7292 
3364 1373 8203 1443 
3365 6091 10020 10018 
3366 2438 9113 2439 
3367 7463 9146 5902 
3368 7318 9340 2679 
3369 7485 7488 7486 
3370 5521 9981 9851 
3371 7703 7704 6790 
3372 3502 9019 6833 
3373 6725 6726 4340 
3374 2938 7608 4206 
3375 6833 6908 3502 
3376 2438 7634 7406 
3377 6769 6770 6767 
3378 7055 8597 4275 
3379 5743 8969 8915 
3380 4988 8703 6929 
3381 5742 8577 7453 
3382 5923 9445 9437 
3383 5743 9055 7324 
3384 7446 8819 2801 
3385 8098 9159 8119 
3386 7547 9313 7546 
3387 8201 9167 2656 
3388 3494 7709 6811 
3389 4925 9126 3682 
3390 5913 8366 7472 
3391 8901 8934 5746 
3392 7145 9424 7144 
3393 7106 9331 7105 
3394 6964 9277 3115 
3395 7191 9130 5250 
3396 1599 7058 1521 
3397 7121 8563 5161 
3398 4737 9396 4727 
3399 7101 9326 7100 
3400 9114 9139 3891 
3401 4275 7730 7055 
3402 6776 9245 5827 
3403 7954 8703 4988 
3404 5163 8829 7008 
3405 4969 8462 7960 
3406 2074 9222 7066 
3407 6731 8950 3255 
3408 7469 9020 5746 
3409 7060 8705 3862 
3410 2939 6966 4969 
3411 3502 6908 2810 
3412 7648 8218 4286 
3413 5496 8457 7158 
3414 7239 9640 6001 
3415 6781 9216 3345 
3416 7060 8914 8705 
3417 1881 9376 1805 
3418 7541 9029 8998 
3419 7704 9560 4018 
3420 7501 9512 9503 
3421 7748 9107 5873 
3422 5742 9060 8577 
3423 5294 9294 7037 
3424 6731 8827 8760 
3425 4580 8540 7657 
3426 4998 8098 8097 
3427 7158 8457 7157 
3428 7023 8889 5193 
3429 7633 9381 5731 
3430 7682 9521 7677 
3431 3699 9443 3700 
3432 8915 8969 2801 
3433 6659 9530 5344 
3434 6977 9310 4751 
3435 3217 8917 6835 
3436 5264 9151 9116 
3437 8078 9306 3476 
3438 6795 7187 6948 
3439 7259 9264 7258 
3440 8705 8914 4480 
3441 7094 9229 7093 
3442 7328 9411 6253 
3443 7094 9331 9299 
3444 2775 7302 6823 
3445 8760 8827 2847 
3446 2773 7302 2775 
3447 6929 8465 8225 
3448 6806 8767 5350 
3449 4921 7081 7079 
3450 7542 9373 1420 
3451 7106 9378 5311 
3452 1691 9630 6771 
3453 7018 8856 2859 
3454 9267 9307 2776 
3455 9329 9358 7038 
3456 6820 6839 3844 
3457 6978 9325 6687 
3458 5281 9227 6801 
3459 7151 8873 7154 
3460 2409 8934 8901 
3461 8427 8629 6798 
3462 9512 9529 2657 
3463 6719 7640 7507 
3464 6753 9393 7320 
3465 6835 8917 5819 
3466 7878 7880 650 
3467 4870 9049 7756 
3468 7453 8577 5132 
3469 3200 9118 7175 
3470 6948 7188 6795 
3471 7472 8366 4705 
3472 1447 9600 6935 
3473 6786 8119 1367 
3474 8603 8816 2079 
3475 6801 9227 3134 
3476 3703 8629 8427 
3477 7370 7377 7373 
3478 7066 9222 7065 
3479 1367 8563 6786 
3480 3952 9318 9276 
3481 3844 6839 5815 
3482 7036 9238 7037 
3483 7241 9289 7240 
3484 365 7812 364 
3485 7208 9009 7207 
3486 8209 9027 5805 
3487 6948 7187 6947 
3488 4821 8221 7460 
3489 7683 9540 7678 
3490 7300 9062 7299 
3491 6840 6843 4971 
3492 4276 9219 9195 
3493 9204 9238 7048 
3494 6800 8453 2849 
3495 8097 8195 4998 
3496 7541 8998 4740 
3497 7651 8239 4277 
3498 2066 8473 7124 
3499 4927 7669 4925 
3500 6870 7327 5414 
3501 3185 8954 7481 
3502 4714 6843 6840 
3503 7207 9176 7206 
3504 7381 9149 2742 
3505 4810 8899 7289 
3506 7882 7917 7916 
3507 6959 6965 4089 
3508 7589 9197 7588 
3509 4661 7580 3771 
3510 7094 9299 5289 
3511 7012 9105 7011 
3512 5374 8309 6899 
3513 3964 9441 7522 
3514 3346 9251 3345 
3515 3382 7034 6980 
3516 7333 9327 2405 
3517 7442 7443 7088 
3518 571 7810 7809 
3519 670 9990 6336 
3520 9634 9644 7108 
3521 7377 8617 3514 
3522 7125 8624 7124 
3523 7217 7413 7412 
3524 7125 8816 8603 
3525 9618 9622 7127 
3526 6789 9626 5790 
3527 6910 8649 7550 
3528 6899 8309 3828 
3529 2736 7725 6817 
3530 3506 7327 6868 
3531 6665 9550 1000 
3532 6966 8462 4969 
3533 6743 9298 9284 
3534 2679 9293 2589 
3535 9137 9161 3690 
3536 1928 9233 8004 
3537 828 9477 6810 
3538 6947 7187 3479 
3539 9653 9660 7099 
3540 7640 8684 7082 
3541 4692 6812 4693 
3542 8819 8915 2801 
3543 5556 6965 6959 
3544 7145 9439 9424 
3545 7082 7923 4825 
3546 5264 9204 7048 
3547 1519 7058 7056 
3548 2721 7922 6819 
3549 7436 9200 7435 
3550 2850 7977 7855 
3551 6795 9303 6794 
3552 7840 9484 4786 
3553 8155 8412 6805 
3554 5813 9221 9191 
3555 7840 9494 9484 
3556 8483 9405 4935 
3557 3036 8155 6791 
3558 6809 8518 3356 
3559 9601 9610 7136 
3560 3194 9634 7108 
3561 7374 8617 7377 
3562 6002 9646 9639 
3563 1581 9287 7096 
3564 7079 7505 4921 
3565 7012 9229 9193 
3566 3201 9828 8753 
3567 6792 8365 6791 
3568 7284 7751 7286 
3569 3879 7551 7550 
3570 1331 9618 7127 
3571 1353 9653 7099 
3572 6811 7709 5764 
3573 7574 8336 7573 
3574 7647 8218 7648 
3575 4929 8140 4927 
3576 4057 9023 5435 
3577 6749 9435 9419 
3578 3879 8423 7551 
3579 6798 8629 2816 
3580 4821 7460 7459 
3581 7237 9223 7236 
3582 6980 7034 6981 
3583 5761 7073 5760 
3584 9673 9686 7090 
3585 1203 9856 6585 
3586 7078 7505 7079 
3587 3382 8421 6912 
3588 6742 9041 5275 
3589 6838 8120 2710 
3590 6877 6879 6878 
3591 7156 9111 4548 
3592 2409 8901 6747 
3593 6485 9457 6483 
3594 7162 9766 9759 
3595 7195 8103 4744 
3596 9225 9379 5272 
3597 8381 9164 5914 
3598 6836 7694 2709 
3599 7449 9168 7305 
3600 6742 9139 9114 
3601 6922 8999 2497 
3602 9626 9633 5790 
3603 4302 8336 7574 
3604 5124 9281 7585 
3605 6735 8748 8494 
3606 6849 8932 1015 
3607 8201 8415 5752 
3608 6868 7327 6870 
3609 3193 9601 7136 
3610 7009 8996 7008 
3611 3196 9673 7090 
3612 4927 8140 7669 
3613 6667 6812 4692 
3614 6837 6851 3768 
3615 9059 9105 4798 
3616 7353 10014 10013 
3617 8494 8748 7651 
3618 7047 9151 7048 
3619 6799 7854 4029 
3620 650 7883 7878 
3621 5221 8989 7068 
3622 5737 7608 7607 
3623 1747 6969 3578 
3624 6760 8760 2847 
3625 5733 9418 8865 
3626 9375 9395 2073 
3627 7367 7374 7368 
3628 6827 7302 3517 
3629 7239 9655 3424 
3630 6792 8384 8365 
3631 7029 8058 7030 
3632 8209 9091 2189 
3633 363 7809 362 
3634 5752 8415 6761 
3635 8641 8818 6747 
3636 8453 9100 2412 
3637 4018 9560 9552 
3638 2085 9322 8882 
3639 9176 9195 7206 
3640 5231 6921 4325 
3641 2736 8736 8328 
3642 6807 8848 3109 
3643 4060 9298 4074 
3644 7374 7377 7368 
3645 8603 8624 7125 
3646 3768 6851 3766 
3647 9130 9282 5277 
3648 1378 9691 7279 
3649 3036 8412 8155 
3650 7030 8058 6463 
3651 6863 7990 5750 
3652 6811 9348 3494 
3653 4955 7625 6848 
3654 7012 9193 4798 
3655 3738 6973 6961 
3656 3771 7580 5772 
3657 9584 9594 7183 
3658 3424 6969 1745 
3659 7196 8757 8707 
3660 7963 8099 7509 
3661 5756 7103 7102 
3662 6934 8044 4845 
3663 7447 9129 7581 
3664 3804 7461 3802 
3665 2761 8684 7640 
3666 9116 9151 7033 
3667 6765 6766 5650 
3668 7255 8458 7254 
3669 5760 7073 6864 
3670 1716 9242 2906 
3671 4311 7575 7573 
3672 7277 7657 7316 
3673 1519 7056 1517 
3674 9540 9552 7678 
3675 9259 9293 6748 
3676 3037 9273 8078 
3677 3253 7367 3717 
3678 7213 7216 7215 
3679 3314 7748 6805 
3680 6716 9316 8666 
3681 7366 9123 7374 
3682 7452 9217 5010 
3683 5148 9080 7559 
3684 7457 7458 7208 
3685 6979 9337 5287 
3686 6791 8365 3036 
3687 5687 6882 6881 
3688 7248 9148 7247 
3689 7140 9206 4501 
3690 4924 6919 5281 
3691 7137 9032 5806 
3692 7568 9134 8525 
3693 7194 8103 7195 
3694 2339 8275 2336 
3695 1010 9584 7183 
3696 3738 6961 6960 
3697 8707 8757 4810 
3698 7564 9163 2227 
3699 4326 6921 6920 
3700 7586 7597 4896 
3701 6742 9114 1492 
3702 8208 9646 6002 
3703 2506 9203 9188 
3704 4277 8494 7651 
3705 6844 7744 6059 
3706 4755 8458 7255 
3707 2849 8818 8641 
3708 4275 8916 7730 
3709 7648 8477 8239 
3710 7080 7082 4825 
3711 5788 8223 5789 
3712 6719 7507 4920 
3713 7554 9324 4382 
3714 5751 8819 7446 
3715 1104 7411 1105 
3716 1605 9198 2819 
3717 2250 7571 2765 
3718 2363 8332 2365 
3719 3212 9189 6834 
3720 7277 7316 3730 
3721 2721 8746 8493 
3722 8328 8736 6760 
3723 9567 9573 6664 
3724 8004 9233 5892 
3725 7595 8729 3309 
3726 3227 9507 6813 
3727 4661 9756 7580 
3728 4433 8972 8070 
3729 2650 8010 2643 
3730 2774 8318 3517 
3731 5499 8264 6893 
3732 6805 8412 3314 
3733 6300 6303 6302 
3734 7264 8948 5786 
3735 7502 7503 6706 
3736 2251 8864 6822 
3737 5780 8064 7309 
3738 9149 9191 2742 
3739 8329 8689 2709 
3740 5243 9045 9005 
3741 4743 8987 6867 
3742 2183 9221 7319 
3743 8239 8477 4277 
3744 6302 6304 6301 
3745 5820 8932 6849 
3746 6821 7723 5293 
3747 7854 8806 7855 
3748 8208 9651 1327 
3749 2980 7708 6841 
3750 5797 6985 6984 
3751 7032 9045 7033 
3752 6001 9640 9633 
3753 7288 8707 7289 
3754 6745 6974 2906 
3755 9007 9041 1492 
3756 3384 9245 6776 
3757 5812 8963 7639 
3758 8286 8504 5032 
3759 5243 9116 7033 
3760 6783 6784 1390 
3761 3557 6894 3556 
3762 8493 8746 5751 
3763 6644 8856 7018 
3764 7088 7578 7442 
3765 7154 8873 4430 
3766 6933 6934 4845 
3767 375 7898 374 
3768 8559 8748 1690 
3769 6872 6899 3828 
3770 7563 9163 7564 
3771 4453 8987 4743 
3772 1020 9697 7280 
3773 6980 8421 3382 
3774 6661 6662 6660 
3775 6755 6756 5302 
3776 7855 7977 7825 
3777 5687 6884 6882 
3778 7550 8649 3879 
3779 6757 6758 6756 
3780 8108 8351 5809 
3781 7258 9264 2065 
3782 8473 8552 7272 
3783 8958 9399 5736 
3784 7315 7316 5768 
3785 1525 7054 7053 
3786 7573 8336 4311 
3787 3345 9216 3329 
3788 2168 8861 2161 
3789 6942 7467 4689 
3790 1318 7505 7078 
3791 6823 7400 2775 
3792 3170 9567 6664 
3793 7195 8471 7196 
3794 5026 9081 5942 
3795 7705 8275 2339 
3796 6834 9189 5979 
3797 4206 7608 5737 
3798 7875 7876 7874 
3799 5755 8689 8329 
3800 5797 6984 6983 
3801 1921 6978 1919 
3802 7559 8241 7992 
3803 1720 9156 2786 
3804 7367 7368 3717 
3805 365 7813 7812 
3806 6799 8806 7854 
3807 7992 8241 2474 
3808 2237 7571 2250 
3809 3556 6894 4204 
3810 5682 9834 5218 
3811 5293 7723 3954 
3812 1101 7214 1104 
3813 2668 8401 6897 
3814 6974 9365 1695 
3815 6845 6968 3744 
3816 5404 9730 4905 
3817 6715 6916 6667 
3818 7960 8462 5776 
3819 9555 9562 6665 
3820 6722 8427 7750 
3821 7654 7990 6863 
3822 7217 7412 7411 
3823 3517 7302 2773 
3824 3477 7723 3844 
3825 7009 9105 9059 
3826 9525 9764 6037 
3827 1525 7053 7052 
3828 8113 9084 8945 
3829 8115 8608 7610 
3830 7471 9065 7470 
3831 571 7809 363 
3832 7209 9219 7211 
3833 6858 6919 4924 
3834 6425 7073 5761 
3835 5913 9173 8366 
3836 6775 9161 9137 
3837 6986 7062 7061 
3838 5350 8767 5348 
3839 7009 9059 8996 
3840 7455 9157 2478 
3841 1347 8203 1373 
3842 7124 8624 2066 
3843 5776 7961 7960 
3844 7420 9094 4951 
3845 4918 7507 4921 
3846 3506 6868 6859 
3847 2635 9062 7300 
3848 6921 8999 6922 
3849 6606 9725 5404 
3850 2341 7705 2339 
3851 7592 8808 5822 
3852 6851 7013 3766 
3853 7191 9029 7190 
3854 3382 6912 2829 
3855 2849 8641 6800 
3856 6839 7595 5815 
3857 1669 9338 6666 
3858 9195 9219 7206 
3859 1059 8351 8108 
3860 7720 7979 5018 
3861 5279 9202 6906 
3862 7172 7173 3928 
3863 7368 7377 7370 
3864 3143 7995 6866 
3865 1823 8930 1824 
3866 7068 8989 7067 
3867 4983 6919 6858 
3868 6863 7608 2938 
3869 6866 7994 3143 
3870 7387 9369 788 
3871 9292 9326 3202 
3872 7406 9113 2438 
3873 6841 7709 2980 
3874 5793 6983 5792 
3875 3688 8000 7503 
3876 4825 7726 7080 
3877 7756 9049 5444 
3878 1438 7325 6895 
3879 1055 9146 7463 
3880 5955 8985 5022 
3881 6859 6976 3506 
3882 4326 6920 6919 
3883 1443 8203 4998 
3884 4215 7061 4214 
3885 8394 9663 8391 
3886 3517 8318 6829 
3887 4921 7507 7081 
3888 5490 7735 6943 
3889 2290 9073 6898 
3890 6854 9066 3337 
3891 6588 6850 4866 
3892 4325 6921 4326 
3893 6816 9588 6815 
3894 7316 8540 5768 
3895 7022 8889 7023 
3896 3844 7723 6820 
3897 6843 7626 4971 
3898 7795 7797 7794 
3899 6385 9232 7701 
3900 6850 7665 4866 
3901 2066 8552 8473 
3902 4286 8477 7648 
3903 3241 6936 3732 
3904 8848 9098 2509 
3905 6858 7141 4983 
3906 7333 9370 7332 
3907 7213 7215 7214 
3908 5315 9754 4661 
3909 7229 7958 6389 
3910 7593 8808 7592 
3911 6775 9137 3462 
3912 5772 7580 7579 
3913 4266 9770 3768 
3914 1393 7325 1438 
3915 4758 8929 6924 
3916 7794 7797 629 
3917 5772 7579 7357 
3918 6924 7980 4758 
3919 5655 6940 6586 
3920 4916 8058 7029 
3921 7069 9121 7068 
3922 5797 6983 5793 
3923 6864 7253 5760 
3924 3454 8371 6925 
3925 5685 8377 6606 
3926 1598 7668 1534 
3927 9005 9045 7023 
3928 8119 9159 1367 
3929 7512 8444 7511 
3930 4425 9812 9734 
3931 7626 8543 2944 
3932 1616 9054 7181 
3933 6596 7313 7312 
3934 4849 8324 7092 
3935 9191 9221 2742 
3936 7008 8829 7007 
3937 7851 7873 7850 
3938 3828 6955 6872 
3939 5780 7309 7308 
3940 7169 7472 7170 
3941 7050 7730 7051 
3942 8471 8757 7196 
3943 3334 9320 2825 
3944 4564 8608 8115 
3945 540 7898 375 
3946 7669 9126 4925 
3947 7173 7364 3928 
3948 7850 7873 561 
3949 364 7812 571 
3950 5912 9008 5036 
3951 6882 6883 5770 
3952 7082 8684 7923 
3953 6912 7544 2829 
3954 3741 6968 2862 
3955 7481 9041 9007 
3956 2109 9135 2108 
3957 7191 9282 9130 
3958 4998 8203 8098 
3959 7208 8053 7457 
3960 1000 9555 6665 
3961 6790 8223 7703 
3962 5813 9267 7319 
3963 1099 7214 1101 
3964 7481 8954 7478 
3965 5809 8988 7430 
3966 7221 9461 7222 
3967 6817 8736 2736 
3968 7609 7610 5787 
3969 5705 8498 6689 
3970 5025 8870 7428 
3971 6937 8315 7400 
3972 6898 9073 5975 
3973 2710 8120 2009 
3974 5435 9023 7199 
3975 2365 8332 7246 
3976 9209 9224 1839 
3977 7873 7875 7874 
3978 5792 6983 6918 
3979 5805 9027 8993 
3980 6888 8032 3458 
3981 6009 9662 6917 
3982 7297 7299 4987 
3983 4846 9742 6622 
3984 7172 8791 6492 
3985 7426 8964 4945 
3986 5798 6987 5795 
3987 6587 7665 6850 
3988 1208 7349 1210 
3989 2765 7571 7569 
3990 7552 9627 6935 
3991 4754 9160 3537 
3992 4716 7253 4285 
3993 5764 7709 6841 
3994 2126 7922 2721 
3995 9738 9743 5384 
3996 2905 7530 3746 
3997 1525 7052 1515 
3998 1105 7411 1108 
3999 9497 9507 3227 
4000 4743 9061 7722 
4001 7662 8286 5032 
4002 6854 9102 6855 
4003 6853 8274 2342 
4004 1738 7725 2736 
4005 4821 7461 3804 
4006 6906 9202 2390 
4007 7650 8748 8559 
4008 5290 7259 3943 
4009 7479 7667 4351 
4010 4276 9276 7211 
4011 2342 8275 6853 
4012 5175 8523 7380 
4013 9276 9318 7211 
4014 144 7538 581 
4015 5225 9085 7504 
4016 2709 8689 6836 
4017 3314 9107 7748 
4018 3688 7503 3686 
4019 1726 9003 7306 
4020 4689 7976 6942 
4021 9515 9523 1375 
4022 6495 6949 4903 
4023 4214 7061 5432 
4024 5758 9780 3764 
4025 5961 9192 8314 
4026 5752 9167 8201 
4027 163 7785 162 
4028 7700 8895 7699 
4029 6893 8264 7691 
4030 9366 9417 1843 
4031 6590 9818 9745 
4032 6819 8746 2721 
4033 3730 7399 7277 
4034 9621 9667 7989 
4035 6919 6920 5281 
4036 2856 8243 6930 
4037 7380 8523 3869 
4038 5767 8214 7263 
4039 5716 9149 7381 
4040 1274 7040 1360 
4041 7593 7754 4309 
4042 5775 8081 7401 
4043 9181 9382 6730 
4044 7102 8325 5756 
4045 7092 8324 7091 
4046 9725 9730 5404 
4047 1919 6978 3119 
4048 3856 7142 3854 
4049 2966 8105 7729 
4050 7008 8996 5163 
4051 7750 8427 5739 
4052 5674 6876 6481 
4053 9470 9477 828 
4054 6941 8245 3829 
4055 7961 8399 2577 
4056 7729 8105 4984 
4057 1876 8984 5164 
4058 2027 8958 7304 
4059 7103 8788 4979 
4060 2337 7714 7712 
4061 7458 9009 7208 
4062 5029 8191 7558 
4063 2900 7665 3770 
4064 2116 8969 7324 
4065 815 9546 9488 
4066 7584 8355 7826 
4067 7575 8297 7576 
4068 1573 7349 1208 
4069 2709 7694 1662 
4070 7284 7286 7285 
4071 4311 8297 7575 
4072 7708 8880 7707 
4073 163 7786 7785 
4074 7400 8315 2775 
4075 7214 7215 1104 
4076 4955 7727 7625 
4077 9150 9197 4863 
4078 5763 8466 7185 
4079 2765 7569 3188 
4080 6840 8522 4714 
4081 7594 7754 7593 
4082 3010 8948 7264 
4083 1536 7606 1608 
4084 8070 8972 5438 
4085 8518 8715 2897 
4086 7062 9841 5432 
4087 3479 8079 6947 
4088 7509 7826 5801 
4089 6927 9190 6928 
4090 4351 7666 7479 
4091 863 7313 1436 
4092 2613 8401 2668 
4093 8286 8287 3097 
4094 7581 9129 3182 
4095 9841 9842 5432 
4096 8582 8927 1081 
4097 5032 8217 7662 
4098 7598 9472 1489 
4099 3480 8077 6950 
4100 1515 7052 1456 
4101 6968 7604 2862 
4102 7503 8000 6706 
4103 1620 8907 2834 
4104 6931 8983 4338 
4105 5156 7606 7051 
4106 2037 7194 2076 
4107 5193 9005 7023 
4108 330 7909 543 
4109 7617 8280 7616 
4110 7753 9133 5267 
4111 3727 7260 4801 
4112 6839 8729 7595 
4113 6483 9457 5229 
4114 6816 9596 9588 
4115 3458 8195 8097 
4116 7051 8916 5156 
4117 7639 8963 5125 
4118 4394 8011 6951 
4119 1417 7325 1393 
4120 5805 9091 8209 
4121 9252 9288 2748 
4122 7305 9168 1894 
4123 7040 7041 1360 
4124 8767 8904 3251 
4125 6943 7735 7641 
4126 5830 9306 8078 
4127 2704 9410 9388 
4128 5801 7963 7509 
4129 4623 7530 6900 
4130 5750 7608 6863 
4131 2193 9027 8209 
4132 7558 8191 4963 
4133 2879 8026 6962 
4134 2336 8275 2342 
4135 7215 7411 1104 
4136 6918 7335 5792 
4137 1501 7685 1561 
4138 2668 8974 2615 
4139 7720 8218 7647 
4140 2365 7246 2367 
4141 4093 7323 5355 
4142 7469 8934 2397 
4143 2283 7273 2067 
4144 7481 9007 3185 
4145 3921 9176 7207 
4146 6938 9160 4754 
4147 7459 7461 4821 
4148 2744 8371 3454 
4149 3921 9009 8961 
4150 1117 9471 9453 
4151 5842 8820 7712 
4152 5072 8652 7752 
4153 5768 8469 7315 
4154 7511 8444 5777 
4155 5329 7423 4081 
4156 7504 9085 2762 
4157 2408 8332 2363 
4158 7945 8252 659 
4159 2643 8010 2639 
4160 3076 6994 6993 
4161 7967 8809 7968 
4162 4837 6992 6991 
4163 7721 7979 7720 
4164 8785 8829 5163 
4165 7310 8029 5769 
4166 4956 8280 7617 
4167 6131 9066 6854 
4168 7318 8005 5771 
4169 7418 7419 7417 
4170 6712 8882 4960 
4171 1646 7285 5071 
4172 362 7809 7808 
4173 7658 8590 8337 
4174 4845 6936 6933 
4175 8945 9084 5164 
4176 6725 6727 6726 
4177 7255 8829 8785 
4178 7461 8582 3802 
4179 2337 7747 7714 
4180 7610 8608 5787 
4181 7878 7883 7874 
4182 1488 7702 3218 
4183 7357 7997 5772 
4184 9596 9600 1447 
4185 1730 8827 3255 
4186 3529 7497 3975 
4187 7194 7195 2076 
4188 3952 9386 7216 
4189 1924 6978 1921 
4190 3928 8791 7172 
4191 9754 9756 4661 
4192 3810 7454 3827 
4193 1636 7169 1882 
4194 6932 8268 3367 
4195 5776 8399 7961 
4196 6844 7745 7744 
4197 4987 7953 7297 
4198 2070 7012 7011 
4199 9722 9723 6630 
4200 6956 7695 6427 
4201 6809 8715 8518 
4202 5808 7924 7184 
4203 2567 7654 2688 
4204 3872 7367 3253 
4205 7185 8466 7186 
4206 7069 9150 9121 
4207 9284 9298 6776 
4208 8032 8784 7644 
4209 2863 6971 1296 
4210 793 7387 788 
4211 8004 9325 1924 
4212 7570 8892 8403 
4213 2070 7011 1958 
4214 9102 9125 6855 
4215 5789 8223 6790 
4216 4095 7323 4093 
4217 3744 6968 3741 
4218 1648 7285 1646 
4219 9370 9388 7332 
4220 3356 8518 2086 
4221 9188 9203 6801 
4222 6675 8847 4941 
4223 3992 7269 4664 
4224 1913 7186 3077 
4225 8287 8374 3097 
4226 256 8248 629 
4227 8993 9027 2251 
4228 2686 8649 6910 
4229 7751 8672 7286 
4230 2241 8226 2239 
4231 5312 7497 7494 
4232 1517 7056 1525 
4233 5164 8984 8945 
4234 3732 6936 4845 
4235 4610 7635 3607 
4236 4388 8084 7223 
4237 7221 9470 9461 
4238 6954 7993 5014 
4239 4081 7423 4083 
4240 7702 7703 3218 
4241 3882 8087 8086 
4242 3020 7141 6989 
4243 6800 9100 8453 
4244 7907 7910 7909 
4245 3773 7432 2860 
4246 7157 8457 3829 
4247 7680 7704 7703 
4248 6843 8543 7626 
4249 3458 8097 6888 
4250 2013 8325 7102 
4251 3076 6993 1307 
4252 6915 7366 3872 
4253 4987 8010 2650 
4254 2985 7577 1024 
4255 7275 7399 2056 
4256 6910 7752 2686 
4257 7571 8892 7570 
4258 4395 8888 3281 
4259 7480 7482 5275 
4260 138 8266 561 
4261 1532 9164 8381 
4262 7025 7026 2827 
4263 3097 8504 8286 
4264 779 8278 775 
4265 1534 7668 819 
4266 4290 7618 7398 
4267 7315 8469 7317 
4268 3872 7636 6915 
4269 7685 8223 5788 
4270 9216 9371 3586 
4271 7193 8103 7194 
4272 7027 7028 1358 
4273 8014 9344 9243 
4274 8903 8954 3185 
4275 2353 8234 2351 
4276 1117 7111 1118 
4277 2862 7604 2001 
4278 6906 9246 6907 
4279 5014 7994 6954 
4280 7169 7170 1882 
4281 7909 7910 543 
4282 7825 7918 4757 
4283 7988 8260 3495 
4284 3454 8703 7954 
4285 634 7808 7804 
4286 4478 6990 6089 
4287 7804 7808 7807 
4288 2045 7317 3099 
4289 3943 7259 4203 
4290 4744 8471 7195 
4291 5760 7253 4716 
4292 5989 8431 4395 
4293 3048 6997 1030 
4294 2759 8775 8368 
4295 7416 7418 7417 
4296 1210 7349 7348 
4297 5193 8889 8683 
4298 2409 8818 2400 
4299 7855 8806 2850 
4300 1530 7387 793 
4301 1096 7212 1099 
4302 2346 7705 2341 
4303 2122 8493 7446 
4304 893 7361 1409 
4305 3218 7685 1501 
4306 7416 7417 4193 
4307 4089 9034 3850 
4308 7212 7214 1099 
4309 2984 7995 2989 
4310 5181 8983 6931 
4311 374 7898 7897 
4312 2197 8864 2251 
4313 2829 7544 2139 
4314 4837 6991 1127 
4315 7361 7362 1409 
4316 7851 7875 7873 
4317 4105 7958 7229 
4318 4758 7980 3776 
4319 8022 8255 3535 
4320 3816 7416 4193 
4321 629 8248 7794 
4322 4313 7750 5739 
4323 1943 7256 1942 
4324 3882 8382 8087 
4325 634 7803 7802 
4326 6597 7005 4658 
4327 8742 8833 7558 
4328 5817 8052 7233 
4329 2367 7246 2370 
4330 9432 9440 5900 
4331 1734 8328 2847 
4332 3203 8857 7076 
4333 4281 7482 3436 
4334 6965 9034 4089 
4335 4045 7085 7084 
4336 7080 7726 3459 
4337 2423 6973 2426 
4338 628 7782 7781 
4339 5810 8315 6937 
4340 7039 7040 1271 
4341 3510 7491 4260 
4342 2989 7995 3143 
4343 7457 8053 1088 
4344 5655 7577 6940 
4345 2898 6955 3803 
4346 4664 7269 7021 
4347 5643 7001 1133 
4348 5651 7004 4173 
4349 2155 7613 2152 
4350 9182 9222 2074 
4351 7819 7821 7820 
4352 3134 9188 6801 
4353 1626 8291 7390 
4354 6693 6694 1225 
4355 3345 9251 6781 
4356 966 7864 7314 
4357 3046 7015 2427 
4358 2803 7273 2283 
4359 1249 7860 7308 
4360 2625 8415 2626 
4361 4757 7855 7825 
4362 5301 9685 9677 
4363 7152 7153 1932 
4364 8022 8023 5007 
4365 7968 8809 5829 
4366 5811 8298 6945 
4367 8337 8590 2091 
4368 2793 7597 2071 
4369 2828 7008 7007 
4370 1154 7539 1389 
4371 1942 7256 3772 
4372 6953 7359 4905 
4373 8297 8367 7576 
4374 3447 9315 3948 
4375 4841 6995 6167 
4376 3770 7665 6587 
4377 561 8266 7850 
4378 7442 7578 3711 
4379 4847 7006 1139 
4380 7742 8312 8054 
4381 7542 9451 5951 
4382 7095 7597 7586 
4383 1819 7438 1862 
4384 1436 7313 6596 
4385 7438 7439 1862 
4386 5173 6996 6184 
4387 917 7520 1022 
4388 7029 8007 4916 
4389 3940 7567 7566 
4390 5014 8343 7994 
4391 7826 8355 5801 
4392 634 7802 360 
4393 4045 7578 7085 
4394 2346 7964 6946 
4395 9866 9883 6886 
4396 7272 8553 7273 
4397 873 7483 1395 
4398 3746 7530 4623 
4399 3134 9227 9205 
4400 7589 9293 9259 
4401 7003 8289 4363 
4402 5708 7014 847 
4403 6233 8607 8268 
4404 6945 7621 5811 
4405 4907 7239 7238 
4406 7263 8214 2021 
4407 7559 9080 8241 
4408 6937 8054 5810 
4409 628 7781 161 
4410 5579 6998 4763 
4411 5379 7046 7045 
4412 5343 7219 7218 
4413 2230 8083 2226 
4414 7076 8857 5971 
4415 7517 7518 2910 
4416 913 7517 2910 
4417 4521 7034 3800 
4418 7254 8458 7256 
4419 2094 7691 2093 
4420 7988 7989 5015 
4421 4867 7017 1145 
4422 5808 8530 7924 
4423 7036 7037 2831 
4424 7314 7864 5781 
4425 3777 7432 3773 
4426 3267 7077 1543 
4427 6927 9209 9190 
4428 4329 8496 7365 
4429 1269 7039 1271 
4430 7022 7023 1338 
4431 4017 7502 7499 
4432 7628 8905 6100 
4433 7032 7033 2830 
4434 3950 9390 9245 
4435 6989 8096 3020 
4436 7891 7897 7894 
4437 7047 7048 1356 
4438 2849 8453 2404 
4439 7308 7860 5780 
4440 1933 7152 1932 
4441 661 7897 7891 
4442 5591 7002 4767 
4443 7731 8354 8086 
4444 6513 7175 7174 
4445 7598 9490 5959 
4446 6142 7635 4610 
4447 634 7804 7803 
4448 5375 7075 7074 
4449 7288 7289 2281 
4450 7277 7399 7275 
4451 7017 7018 2859 
4452 7837 8226 2241 
4453 3337 9066 9046 
4454 7667 8982 7668 
4455 2515 7754 7594 
4456 7193 7194 2039 
4457 6022 7274 4405 
4458 4235 7083 5288 
4459 2981 8895 7700 
4460 661 7890 7889 
4461 7049 7050 3791 
4462 1929 7155 1928 
4463 7187 8247 3479 
4464 7448 9051 7919 
4465 2884 7335 2881 
4466 6949 7642 4903 
4467 5385 9722 6630 
4468 2232 9421 6732 
4469 7504 9162 6123 
4470 7994 8343 3143 
4471 7712 8820 2337 
4472 7168 7169 1638 
4473 4124 7114 5553 
4474 4824 7134 806 
4475 2828 7007 1952 
4476 632 7831 167 
4477 2792 7070 3613 
4478 5275 9041 7480 
4479 4871 7072 865 
4480 1441 7049 3791 
4481 7691 8264 2093 
4482 5803 8833 8742 
4483 5787 8460 7609 
4484 628 7783 7782 
4485 2426 6973 3738 
4486 4250 9505 9467 
4487 5795 6987 5797 
4488 5827 9284 6776 
4489 2950 7672 7512 
4490 6822 8864 8797 
4491 2679 9340 6748 
4492 7718 8290 7991 
4493 7609 8460 2142 
4494 5370 7120 7119 
4495 5819 8917 7380 
4496 1255 7022 1338 
4497 3241 8368 6936 
4498 5806 9032 8358 
4499 4351 7668 1598 
4500 1465 7606 1536 
4501 2688 7654 6863 
4502 6570 7117 4735 
4503 7095 7586 7585 
4504 5782 6976 6859 
4505 5018 8218 7720 
4506 1038 7627 1041 
4507 883 7042 1401 
4508 6513 7174 6499 
4509 8023 8024 5007 
4510 9332 9341 5997 
4511 4691 7396 7395 
4512 7054 7055 7053 
4513 1243 7555 3831 
4514 4260 7491 5544 
4515 2980 8880 7708 
4516 4691 7395 4294 
4517 7680 7703 7702 
4518 4804 7016 6141 
4519 8961 9009 7460 
4520 7815 8234 2353 
4521 3975 7497 5312 
4522 3986 7043 5390 
4523 5364 7139 7138 
4524 5802 8222 7655 
4525 1300 7556 7555 
4526 7519 7521 7520 
4527 7614 8898 5714 
4528 976 7024 2827 
4529 7167 8713 7725 
4530 2077 7122 4891 
4531 3996 7019 5379 
4532 4867 7018 7017 
4533 7285 7286 5071 
4534 1259 7032 2830 
4535 7085 7578 7088 
4536 7520 7521 1022 
4537 3725 7260 3727 
4538 5324 7998 4392 
4539 7461 8927 8582 
4540 7095 7585 2069 
4541 571 7812 7811 
4542 661 7889 372 
4543 7150 7151 1936 
4544 7401 8081 2177 
4545 2151 7612 7611 
4546 1757 7359 2902 
4547 1389 7539 4886 
4548 1271 7040 1274 
4549 5808 7184 2443 
4550 7365 8496 5146 
4551 2601 7067 2823 
4552 3501 7506 2171 
4553 887 7064 2832 
4554 2435 7634 2438 
4555 1263 7047 1356 
4556 1608 7606 5156 
4557 4775 7097 5580 
4558 1121 7110 7109 
4559 1267 7036 2831 
4560 2715 8426 3307 
4561 8259 8985 5955 
4562 3948 9296 4869 
4563 5361 7198 7197 
4564 7255 8785 4755 
4565 331 7909 330 
4566 7146 7147 5391 
4567 7576 8367 8083 
4568 5379 7045 3998 
4569 1395 7483 4901 
4570 7148 7149 5389 
4571 3590 9337 6979 
4572 4712 7124 7123 
4573 2260 9807 1799 
4574 3109 8848 2496 
4575 5213 7560 5212 
4576 2605 7091 2677 
4577 4045 7084 7083 
4578 6913 6914 6583 
4579 4896 7597 2793 
4580 7177 7178 5387 
4581 4812 7252 3762 
4582 2248 7837 2241 
4583 4363 8288 7003 
4584 6822 8993 2251 
4585 1960 7093 2070 
4586 8974 9282 2843 
4587 7299 8010 4987 
4588 6674 9429 6673 
4589 6984 7061 4215 
4590 6501 7065 6513 
4591 5380 7089 5047 
4592 5375 7074 4002 
4593 7433 7990 7654 
4594 2031 7288 2281 
4595 4734 7180 5762 
4596 4712 7123 3970 
4597 7151 7154 7152 
4598 1632 7633 7473 
4599 4285 7253 2956 
4600 7989 8030 5015 
4601 2039 7194 2037 
4602 3924 7364 2075 
4603 5807 7131 2555 
4604 8683 8889 7309 
4605 9152 9189 3212 
4606 1964 7105 2837 
4607 3940 7566 7565 
4608 5744 8816 7290 
4609 2897 8006 7122 
4610 5744 7290 4365 
4611 1751 7664 2105 
4612 2235 8083 2230 
4613 7182 7183 5362 
4614 4983 7142 3856 
4615 1410 7652 1372 
4616 2258 7158 7157 
4617 6891 6892 6434 
4618 4702 7179 6612 
4619 2227 9163 9138 
4620 4898 7189 875 
4621 5377 7098 5051 
4622 4866 7176 1759 
4623 3307 7595 3309 
4624 4658 7005 3980 
4625 2835 7582 1895 
4626 1110 7204 7203 
4627 7725 8713 6817 
4628 5096 7615 5084 
4629 7196 7287 2076 
4630 3443 8079 3479 
4631 6505 7100 6514 
4632 5445 7228 7227 
4633 7061 7062 5432 
4634 5025 7428 7427 
4635 5816 8095 7342 
4636 5370 7119 4006 
4637 7383 8105 2966 
4638 661 7891 7890 
4639 6835 8979 3217 
4640 1417 8442 7325 
4641 7694 8614 7266 
4642 4017 7499 7498 
4643 5371 7107 5055 
4644 4024 7976 4689 
4645 7142 8249 3854 
4646 3348 8077 3480 
4647 5448 7225 7224 
4648 2310 7682 7681 
4649 2356 7815 2353 
4650 1360 7128 1276 
4651 2393 7471 7470 
4652 5364 7138 4010 
4653 6946 7705 2346 
4654 582 7786 164 
4655 5343 7218 4335 
4656 7708 8112 6841 
4657 2151 7611 2148 
4658 3803 6955 3828 
4659 2845 7248 7247 
4660 1773 7013 1774 
4661 7083 7084 5288 
4662 1539 7663 7653 
4663 4789 7035 4788 
4664 2394 7237 7236 
4665 7102 7103 2710 
4666 5275 7482 4281 
4667 5451 7235 7234 
4668 6910 7550 5097 
4669 1915 7186 1913 
4670 5785 7994 6866 
4671 2553 7642 2904 
4672 8351 8988 5809 
4673 5097 7549 7548 
4674 2848 7241 7240 
4675 2258 7157 1889 
4676 8552 8553 7272 
4677 7131 7530 2905 
4678 659 8252 326 
4679 7623 8467 5832 
4680 7192 8712 7922 
4681 7589 9259 4863 
4682 7154 9111 7153 
4683 6509 7143 6515 
4684 5365 7126 5059 
4685 7561 7565 7563 
4686 1638 7169 1636 
4687 4479 6990 4478 
4688 5782 7226 6976 
4689 5396 7444 4220 
4690 4969 7960 7959 
4691 7759 7762 7760 
4692 7667 8954 8903 
4693 5361 7197 4014 
4694 2201 8243 2856 
4695 6836 8614 7694 
4696 2099 7261 4906 
4697 6807 9098 8848 
4698 5889 7402 5208 
4699 861 7313 863 
4700 1980 7841 1979 
4701 2932 8459 7964 
4702 4907 7238 1739 
4703 4364 8840 7624 
4704 2574 7961 2577 
4705 2840 7262 1012 
4706 7365 8823 8751 
4707 7216 7217 7215 
4708 2591 7589 7588 
4709 3831 7555 5363 
4710 8086 8354 3882 
4711 4230 7148 5389 
4712 145 7538 144 
4713 4822 7506 3501 
4714 6921 6922 6920 
4715 1318 8402 7505 
4716 7636 8281 6915 
4717 1909 7167 1907 
4718 5362 7135 5063 
4719 3829 8245 1885 
4720 3168 8898 7614 
4721 7620 9678 6917 
4722 3658 8011 4394 
4723 4567 7104 4566 
4724 2770 7425 3251 
4725 4234 7177 5387 
4726 7773 7774 598 
4727 5817 7233 2532 
4728 7624 8840 5838 
4729 4735 7117 4731 
4730 7053 7730 7050 
4731 5391 7165 4224 
4732 8751 8823 2972 
4733 7985 7988 3495 
4734 7013 8373 1777 
4735 1075 7116 2898 
4736 1072 7116 1075 
4737 1180 7164 2858 
4738 8797 8864 2856 
4739 4226 7146 5391 
4740 2839 7230 1283 
4741 1307 6993 1309 
4742 6888 8784 8032 
4743 1372 7652 1346 
4744 5324 7999 7998 
4745 7493 7498 7496 
4746 7991 8290 4314 
4747 7295 7296 3453 
4748 1318 7078 1319 
4749 2130 7192 2128 
4750 8368 8775 6936 
4751 2621 7190 2667 
4752 2047 7317 2045 
4753 1821 7441 1823 
4754 6902 6903 6433 
4755 1110 7203 1092 
4756 1296 6971 1302 
4757 5697 7322 7321 
4758 1121 7109 1122 
4759 6784 6785 1390 
4760 3766 7013 1773 
4761 6851 8373 7013 
4762 3928 7364 3924 
4763 5065 7182 5362 
4764 5797 6987 6985 
4765 7922 8712 6819 
4766 7744 8455 6059 
4767 5095 7332 7331 
4768 4173 7004 4174 
4769 7759 7760 635 
4770 3786 7114 4124 
4771 1640 7168 1638 
4772 6985 6986 6984 
4773 6734 9248 6733 
4774 2041 7193 2039 
4775 1349 7291 1290 
4776 7509 8099 7508 
4777 2239 8226 2245 
4778 5007 8255 8022 
4779 2942 7626 2944 
4780 7336 7339 7337 
4781 7728 8455 7744 
4782 1127 6991 1128 
4783 2866 7339 7336 
4784 5697 7321 4315 
4785 2393 7470 2387 
4786 7672 8444 7512 
4787 7660 8278 779 
4788 7752 8652 2686 
4789 7338 7518 7517 
4790 5445 7227 5139 
4791 3402 7083 4235 
4792 2898 7116 6955 
4793 2858 7202 1182 
4794 1835 8333 4313 
4795 4697 7382 7279 
4796 8019 8022 3535 
4797 7430 7431 3156 
4798 5448 7224 5006 
4799 1937 7150 1936 
4800 4848 7582 2835 
4801 2654 7637 2660 
4802 2956 8042 2955 
4803 3367 8397 6932 
4804 3584 8084 4388 
4805 1133 7001 1134 
4806 2845 7247 2382 
4807 2652 7637 2654 
4808 2394 7236 2378 
4809 6092 7352 7350 
4810 4400 7378 5447 
4811 3809 7454 3810 
4812 5212 7560 5682 
4813 775 8278 1574 
4814 7616 8280 7746 
4815 6806 8904 8767 
4816 7371 7686 7369 
4817 1139 7006 1140 
4818 6964 9335 5930 
4819 6304 6305 6301 
4820 4717 7180 4734 
4821 6954 7994 5785 
4822 3479 8247 3441 
4823 7295 7301 7296 
4824 2848 7240 2374 
4825 7176 7665 2900 
4826 162 7785 628 
4827 5451 7234 4844 
4828 6658 7282 4890 
4829 7168 7472 7169 
4830 7308 7309 2822 
4831 2105 7664 5685 
4832 1431 8442 1417 
4833 1030 6997 1032 
4834 4217 7355 5451 
4835 765 7602 767 
4836 3058 7431 3056 
4837 847 7014 848 
4838 1662 7694 1660 
4839 6954 8232 7993 
4840 1024 7577 1026 
4841 1579 7096 2088 
4842 2011 7102 2710 
4843 3333 8905 7628 
4844 1145 7017 1146 
4845 5792 7335 2884 
4846 1160 8026 2879 
4847 2935 7709 3494 
4848 6940 7577 2985 
4849 1394 7294 1186 
4850 3731 7918 2265 
4851 7477 7666 3430 
4852 1614 7181 2752 
4853 7385 7386 6967 
4854 3506 6976 3173 
4855 7479 7666 7477 
4856 5015 8260 7988 
4857 4742 7229 5618 
4858 5097 7550 7549 
4859 8903 8982 7667 
4860 7662 8217 3861 
4861 7124 8473 7123 
4862 6872 6955 5799 
4863 7655 8222 2887 
4864 1561 7685 7684 
4865 1543 7077 1545 
4866 247 7526 246 
4867 7278 7280 5388 
4868 7637 8281 7636 
4869 4747 8027 7320 
4870 7701 9232 3381 
4871 7601 8395 8392 
4872 3800 7034 3352 
4873 1477 8467 7623 
4874 1315 8402 1318 
4875 3683 7498 7493 
4876 2351 8234 2354 
4877 1907 7725 1738 
4878 865 7072 866 
4879 4746 7384 6964 
4880 253 7798 594 
4881 7819 7820 7817 
4882 806 7134 812 
4883 7650 8559 7652 
4884 2001 7604 1998 
4885 3896 8335 3894 
4886 1512 9694 9635 
4887 7621 8261 5811 
4888 7257 7258 5732 
4889 7510 8406 7625 
4890 50 7773 598 
4891 348 7769 597 
4892 4287 7421 5703 
4893 2902 7359 6953 
4894 8920 8980 5824 
4895 3109 8197 7434 
4896 2828 7010 7009 
4897 3925 8199 3927 
4898 7565 7566 7563 
4899 6907 7615 5096 
4900 5513 7326 5624 
4901 4916 8007 2958 
4902 8249 8832 3012 
4903 4911 7383 4304 
4904 2720 7295 3453 
4905 2866 7336 907 
4906 3393 7271 2803 
4907 7885 8878 5836 
4908 5020 7451 7450 
4909 8054 8312 5810 
4910 49 7776 48 
4911 2078 7122 2077 
4912 1785 8029 7310 
4913 1660 7266 1656 
4914 7600 9685 5301 
4915 2421 6973 2423 
4916 1807 7547 7546 
4917 345 7759 635 
4918 2427 7015 2429 
4919 5095 7331 5090 
4920 7625 8406 6848 
4921 7421 7422 5703 
4922 7602 8395 7601 
4923 823 7303 829 
4924 7941 7947 7946 
4925 3173 6976 3175 
4926 8120 8719 7293 
4927 4390 9411 7328 
4928 2242 9468 7422 
4929 7523 7524 602 
4930 4309 8808 7593 
4931 6092 7350 3843 
4932 2864 7363 1190 
4933 2960 8492 4916 
4934 2585 8005 7318 
4935 2128 7922 2126 
4936 5208 7402 5211 
4937 5025 7427 3137 
4938 3767 7579 5745 
4939 7343 7344 2818 
4940 2025 7304 2295 
4941 3531 7497 3529 
4942 593 7529 7527 
4943 7531 7536 7532 
4944 4627 7137 5806 
4945 7874 7883 7872 
4946 5816 7342 2413 
4947 7258 9361 5732 
4948 3760 7252 4585 
4949 4020 7466 5351 
4950 600 7536 7531 
4951 3015 8878 7885 
4952 7320 8028 4747 
4953 8268 8607 3367 
4954 3990 7269 3992 
4955 7527 7529 7528 
4956 7903 7904 660 
4957 3447 9332 9315 
4958 3188 7569 3940 
4959 2583 8866 8824 
4960 7091 8324 2677 
4961 1724 7306 3287 
4962 344 7763 343 
4963 1769 7997 7357 
4964 2060 7095 2069 
4965 7350 7352 7351 
4966 5160 7385 6967 
4967 4039 7641 1553 
4968 1624 7390 2787 
4969 2565 7654 2567 
4970 2007 7293 2004 
4971 875 7189 876 
4972 3901 7596 3904 
4973 627 7767 7766 
4974 339 7833 645 
4975 2591 7588 2592 
4976 858 7311 861 
4977 7584 7826 7583 
4978 3686 7503 4017 
4979 2676 7587 7069 
4980 3448 7425 2770 
4981 2114 7324 2912 
4982 4819 7449 7305 
4983 7271 7273 2803 
4984 7649 8239 7651 
4985 2009 8120 2007 
4986 7243 7244 7242 
4987 7195 7196 2076 
4988 6989 7141 6858 
4989 3192 7565 7561 
4990 7368 7369 3717 
4991 1783 8902 8844 
4992 7428 8870 8435 
4993 7121 9277 7384 
4994 4895 7391 6120 
4995 7468 7469 2397 
4996 2120 7446 2801 
4997 6925 8703 3454 
4998 7167 7725 1907 
4999 4375 7465 4075 
5000 7411 7412 1108 
5001 6973 8693 6961 
5002 2788 7070 2792 
5003 1456 7052 7049 
5004 1791 7341 1792 
5005 642 7813 366 
5006 1863 7545 7437 
5007 7152 7154 7153 
5008 9246 9272 6907 
5009 1210 7348 1212 
5010 7622 8261 7621 
5011 7573 7575 7572 
5012 164 7786 163 
5013 1787 7310 2257 
5014 915 7520 917 
5015 1683 7684 2841 
5016 3131 7603 3404 
5017 5020 7450 4102 
5018 3023 8387 8049 
5019 1251 7308 2822 
5020 5557 7429 5558 
5021 1427 7049 1441 
5022 6943 7641 4039 
5023 2461 7737 2464 
5024 1797 7329 2260 
5025 7311 7313 861 
5026 2512 7462 2867 
5027 1759 7176 1760 
5028 3102 7327 3506 
5029 968 7314 2821 
5030 3156 7431 3058 
5031 6838 8719 8120 
5032 2587 7318 2679 
5033 2076 7287 2035 
5034 1774 7013 1777 
5035 1946 7256 1943 
5036 1442 7475 1535 
5037 2279 8980 8920 
5038 2763 7579 3767 
5039 3436 7482 3434 
5040 3762 7252 3758 
5041 1630 7473 2725 
5042 2355 8003 2694 
5043 4392 8330 3481 
5044 1870 7622 1872 
5045 4528 7274 6170 
5046 3177 7226 3521 
5047 1525 7056 7054 
5048 3835 7656 6051 
5049 7369 7686 7378 
5050 333 7903 660 
5051 3596 7620 6917 
5052 2100 7261 2099 
5053 636 7836 7835 
5054 2443 7184 2445 
5055 4272 7278 5388 
5056 4335 7218 3484 
5057 1535 7475 2311 
5058 1363 7513 1194 
5059 4460 7265 3669 
5060 6976 7226 3175 
5061 4698 7382 4697 
5062 2306 7508 2807 
5063 5916 8199 3925 
5064 4412 7638 6016 
5065 4618 7257 5732 
5066 7050 7051 3791 
5067 7085 7086 7084 
5068 1771 7357 2763 
5069 7209 7210 2842 
5070 7490 9487 5922 
5071 4606 7695 3705 
5072 3607 7635 3489 
5073 2555 7131 2556 
5074 1958 7011 1956 
5075 2980 7709 2935 
5076 4712 7290 7125 
5077 7499 7502 7501 
5078 2841 7684 5788 
5079 1872 7622 2274 
5080 5251 9356 9273 
5081 2571 8618 8515 
5082 7484 7485 3468 
5083 3521 7226 4456 
5084 2860 7432 7150 
5085 2181 7319 2776 
5086 2421 8693 6973 
5087 2139 7544 2136 
5088 224 8282 531 
5089 5097 7548 5078 
5090 1366 7726 4825 
5091 4691 7398 7397 
5092 3861 7978 7132 
5093 6427 7695 4606 
5094 4262 7179 4702 
5095 3508 7430 3156 
5096 3043 9051 7448 
5097 7109 7115 2844 
5098 7498 7499 7496 
5099 7110 7115 7109 
5100 767 7602 778 
5101 7171 7955 3476 
5102 1231 7343 2818 
5103 7964 8459 6946 
5104 5786 8948 7885 
5105 4502 9310 4501 
5106 891 7361 893 
5107 7804 7805 7803 
5108 3495 8124 7985 
5109 7159 7160 4820 
5110 7253 8042 2956 
5111 4405 7274 4106 
5112 7817 7820 45 
5113 332 7906 331 
5114 6085 8912 8411 
5115 3941 7447 5290 
5116 4963 8191 7462 
5117 2187 7381 2742 
5118 1023 7262 6445 
5119 2881 7335 2875 
5120 5791 6968 6845 
5121 7719 7721 7720 
5122 2562 7433 2565 
5123 2597 7587 2676 
5124 4683 7394 7393 
5125 4839 6995 4841 
5126 7639 9049 4870 
5127 3458 8032 1528 
5128 4757 7918 3731 
5129 3175 7226 3177 
5130 7825 7977 7824 
5131 7192 7922 2128 
5132 5942 9081 8698 
5133 1739 7238 1740 
5134 7287 8707 7288 
5135 2314 8363 1247 
5136 2637 8009 2942 
5137 2252 8667 8243 
5138 3251 7424 2270 
5139 5253 7552 6935 
5140 8461 8517 2440 
5141 5929 9324 7554 
5142 1651 7285 1648 
5143 3264 7491 3510 
5144 3138 7489 3140 
5145 5103 8884 8113 
5146 3050 8669 7632 
5147 1877 7596 3901 
5148 7625 7727 2542 
5149 3020 8096 3017 
5150 3569 7489 7137 
5151 3535 8111 8019 
5152 7872 7883 136 
5153 7407 7408 4054 
5154 2904 7642 6949 
5155 7265 7733 3669 
5156 3459 7726 1325 
5157 7645 7649 3857 
5158 7612 8115 7611 
5159 7783 7784 7782 
5160 4055 4150 3743 
5161 4899 7232 4900 
5162 3742 3743 3741 
5163 2550 7642 2553 
5164 7267 7269 3990 
5165 6089 6129 4610 
5166 3970 7123 3968 
5167 1807 7546 1808 
5168 1015 9012 6849 
5169 2678 7603 3131 
5170 5095 7334 7333 
5171 4636 7281 5683 
5172 5553 6174 5539 
5173 1754 7359 1757 
5174 1152 7539 1154 
5175 3833 7656 3835 
5176 2418 7342 2838 
5177 55 7514 591 
5178 1489 9472 9462 
5179 591 7516 54 
5180 5019 7572 2785 
5181 1467 7702 1488 
5182 785 7660 779 
5183 1336 7726 1366 
5184 248 7523 602 
5185 2848 7243 7242 
5186 2392 7468 2397 
5187 593 7527 153 
5188 3606 7378 4400 
5189 1118 7111 1121 
5190 3814 7416 3816 
5191 3785 3786 2790 
5192 2071 7597 2063 
5193 8041 8264 4978 
5194 1813 7545 1863 
5195 4429 6107 4427 
5196 871 7483 873 
5197 7799 7800 599 
5198 7561 7562 3950 
5199 7868 7869 7867 
5200 5581 6194 5590 
5201 4880 7113 4882 
5202 3740 3741 2862 
5203 7286 9173 5071 
5204 4712 7125 7124 
5205 146 7534 145 
5206 5923 9456 9445 
5207 1897 2788 1898 
5208 3873 7736 2325 
5209 7906 7909 331 
5210 3774 3775 3773 
5211 2546 7727 2907 
5212 1610 1897 1611 
5213 2907 7727 4955 
5214 2828 7009 7008 
5215 3719 3721 3720 
5216 2897 8715 8006 
5217 4304 7383 3288 
5218 360 7802 359 
5219 5348 8767 7425 
5220 600 7531 148 
5221 4531 7638 4412 
5222 3787 7114 3786 
5223 4688 7392 6691 
5224 4970 7978 3471 
5225 6389 7958 5590 
5226 5992 7619 4318 
5227 4478 6089 4610 
5228 3352 7034 3382 
5229 7069 9197 9150 
5230 5573 6128 5574 
5231 1817 7438 1819 
5232 4866 7665 7176 
5233 5016 8112 7708 
5234 1071 7116 1072 
5235 7777 7778 601 
5236 790 7379 1391 
5237 7321 7323 4095 
5238 3723 3725 3724 
5239 2325 7736 2327 
5240 627 7766 62 
5241 5227 7504 6123 
5242 4806 7130 4808 
5243 3140 7489 3569 
5244 3599 4106 3334 
5245 4801 5442 4802 
5246 7307 9437 2645 
5247 6626 7741 4670 
5248 7632 8669 5115 
5249 2539 7510 2542 
5250 3955 7384 4746 
5251 4830 4832 4831 
5252 2911 7590 1198 
5253 7567 7568 7566 
5254 161 7781 160 
5255 4048 7620 3596 
5256 3077 3719 3718 
5257 963 7864 966 
5258 2826 3334 2825 
5259 1875 7954 1860 
5260 4543 6126 4482 
5261 7570 9134 7567 
5262 4828 4830 4829 
5263 7203 7209 2842 
5264 2713 3352 2829 
5265 1491 7721 7719 
5266 5791 6678 2852 
5267 7132 7662 3861 
5268 3772 3773 2860 
5269 4922 5734 4920 
5270 2360 7484 3468 
5271 7616 7746 2209 
5272 4795 6102 4792 
5273 4315 7321 4097 
5274 1608 1610 1609 
5275 7357 7579 2763 
5276 2673 7953 2663 
5277 1382 1415 1396 
5278 5171 6996 5173 
5279 1415 1456 1427 
5280 1936 7152 1933 
5281 5019 7573 7572 
5282 1698 7666 4351 
5283 5590 7958 4133 
5284 2532 7233 2533 
5285 4585 6189 5651 
5286 4260 5543 4484 
5287 1415 1427 1396 
5288 4693 6101 4570 
5289 4824 9010 7134 
5290 4478 4610 3607 
5291 4429 7980 6924 
5292 531 8282 8039 
5293 4085 7421 4287 
5294 3611 7955 4972 
5295 8925 8989 5221 
5296 4313 8333 7750 
5297 6721 9402 8193 
5298 4895 6120 4894 
5299 7600 9696 2913 
5300 1456 7049 1427 
5301 3757 3758 3756 
5302 4815 4816 3085 
5303 7838 7840 7839 
5304 4691 7397 7396 
5305 1366 1382 1371 
5306 4622 7159 4820 
5307 1382 1396 1371 
5308 4365 7290 3972 
5309 6499 7174 6498 
5310 2062 7106 7105 
5311 7599 7600 2913 
5312 2286 7837 2248 
5313 1860 7954 4988 
5314 4919 4920 4918 
5315 3778 7980 4429 
5316 7649 7650 3857 
5317 7432 8873 7151 
5318 7868 7870 7869 
5319 3099 3723 3722 
5320 4693 6202 6101 
5321 7081 7082 7080 
5322 4294 7395 4445 
5323 3489 4088 3422 
5324 1241 7555 1243 
5325 2837 7094 7093 
5326 4893 4894 4892 
5327 5791 6845 6678 
5328 7857 7858 642 
5329 1110 8053 7205 
5330 881 7042 883 
5331 2509 7557 2501 
5332 829 9543 830 
5333 7701 9263 6454 
5334 2663 7953 4987 
5335 6736 9431 1843 
5336 8221 8961 7460 
5337 1523 1599 1521 
5338 636 7835 68 
5339 1610 1611 1609 
5340 4802 7016 4804 
5341 5072 7752 5074 
5342 1897 1898 1611 
5343 1660 7694 7266 
5344 7828 7829 582 
5345 1997 5791 2852 
5346 7993 8232 7743 
5347 8338 9008 5912 
5348 1389 4884 4883 
5349 1253 7022 1255 
5350 7386 7388 7387 
5351 4826 4828 4827 
5352 2390 9202 9184 
5353 2321 8288 2319 
5354 3755 3756 1689 
5355 2788 2792 1898 
5356 3894 8335 5898 
5357 167 7831 166 
5358 7692 7693 4385 
5359 7291 7292 2863 
5360 1997 2852 1995 
5361 2792 3613 3264 
5362 2097 7691 2094 
5363 3873 9613 7488 
5364 3740 3742 3741 
5365 3742 4055 3743 
5366 4083 7423 7421 
5367 7360 7361 891 
5368 4878 5552 4880 
5369 1246 7860 1249 
5370 7681 7682 7677 
5371 4980 6103 4753 
5372 3984 7043 3986 
5373 2003 2862 2001 
5374 538 7934 7932 
5375 7579 7580 5745 
5376 1436 6595 4871 
5377 4429 6108 6107 
5378 4670 7741 3915 
5379 4457 7515 5452 
5380 1579 2088 1562 
5381 4112 4521 3800 
5382 2692 7815 2356 
5383 7447 7581 5290 
5384 4763 6998 4761 
5385 2599 7067 2601 
5386 7378 7686 5447 
5387 5625 6217 4600 
5388 6194 6203 5590 
5389 4297 5491 4472 
5390 1395 4899 4898 
5391 4585 5651 4173 
5392 2011 2710 2009 
5393 3352 3382 2829 
5394 2310 7681 1411 
5395 4105 7229 4742 
5396 1366 1371 1365 
5397 7037 7038 2831 
5398 3730 7316 7315 
5399 4919 8002 6631 
5400 560 7863 71 
5401 3119 7185 1918 
5402 3755 3757 3756 
5403 3757 3762 3758 
5404 3786 4124 3788 
5405 4841 6167 5546 
5406 5173 6184 5505 
5407 4742 5618 4839 
5408 4756 4758 3776 
5409 2013 7102 2011 
5410 7150 7432 7151 
5411 368 7859 7857 
5412 4804 6141 4806 
5413 4203 7259 7257 
5414 5169 6054 5171 
5415 3948 9315 9296 
5416 2171 7506 2169 
5417 1932 7155 1929 
5418 7230 7231 1349 
5419 2508 7462 2512 
5420 5779 7695 6956 
5421 1581 7096 1579 
5422 2163 2168 2161 
5423 7059 7060 7057 
5424 4893 4895 4894 
5425 3169 9133 7753 
5426 2191 9483 6717 
5427 1605 2819 1590 
5428 1956 7011 7010 
5429 6518 7144 7143 
5430 2017 2790 2015 
5431 5732 6970 5317 
5432 3721 4105 3720 
5433 7744 7745 2454 
5434 3760 4585 4173 
5435 269 7843 7842 
5436 4664 7020 7019 
5437 257 8248 256 
5438 3858 7512 7511 
5439 4761 5564 4759 
5440 2003 3740 2862 
5441 7891 7892 7890 
5442 4919 4922 4920 
5443 1166 7249 1168 
5444 3312 7070 2788 
5445 562 7853 170 
5446 3719 3720 3718 
5447 3735 7407 4054 
5448 7886 7887 555 
5449 2689 8772 8693 
5450 3727 4801 4745 
5451 7209 7211 7210 
5452 6028 6804 5350 
5453 5390 7268 7267 
5454 1614 2752 1612 
5455 7667 7668 4351 
5456 1517 1525 1515 
5457 2603 7091 2605 
5458 7742 8054 3863 
5459 6514 7066 7065 
5460 3752 7741 3754 
5461 7499 7500 7496 
5462 7244 7245 7242 
5463 5432 9842 5425 
5464 4891 4892 2793 
5465 3299 7733 2979 
5466 3721 7958 4105 
5467 1441 3791 1465 
5468 2523 9393 6753 
5469 6701 9705 6479 
5470 4445 7395 7394 
5471 5581 5590 4133 
5472 1608 1609 1607 
5473 4124 5539 4125 
5474 2340 8102 2345 
5475 2846 5643 1133 
5476 1655 3755 1689 
5477 4046 7745 6844 
5478 7510 7625 2542 
5479 1942 2860 1940 
5480 7433 7654 2565 
5481 2331 7747 2333 
5482 1889 7157 1887 
5483 3510 4260 4050 
5484 7439 7440 1862 
5485 7475 8708 5825 
5486 3078 7728 2449 
5487 3778 4429 4427 
5488 2844 4837 1127 
5489 7128 7129 2839 
5490 4765 5579 4763 
5491 3835 4658 3980 
5492 4162 4496 3728 
5493 2515 7594 2518 
5494 5349 5350 5348 
5495 4830 4831 4829 
5496 4980 6104 6103 
5497 5820 6849 6524 
5498 4875 6146 4873 
5499 6962 8026 4883 
5500 1952 7007 1950 
5501 372 7889 371 
5502 3988 7267 3990 
5503 7838 7839 1983 
5504 3772 3774 3773 
5505 4106 4528 4107 
5506 5533 7391 4895 
5507 2168 6944 6916 
5508 1154 1389 1156 
5509 6942 7976 5368 
5510 3725 3727 3724 
5511 2056 7399 2053 
5512 1400 7250 7249 
5513 2854 4847 1139 
5514 3319 7561 3950 
5515 5395 7044 7043 
5516 7079 7081 7080 
5517 7079 7080 3459 
5518 6515 7101 7100 
5519 8580 8676 7865 
5520 4124 5553 5539 
5521 1616 7181 1614 
5522 863 1436 865 
5523 7808 7809 7807 
5524 3833 3835 3834 
5525 2405 9327 9272 
5526 4749 4812 3762 
5527 3455 7912 3978 
5528 2713 2829 2139 
5529 538 7932 182 
5530 7555 7556 5363 
5531 6797 7963 5738 
5532 6021 6022 4405 
5533 2060 2069 2058 
5534 7056 7057 7054 
5535 4969 7959 2937 
5536 2608 7543 2611 
5537 3723 3724 3722 
5538 3774 3776 3775 
5539 2077 2793 2071 
5540 3758 7252 3760 
5541 1655 1689 1653 
5542 5442 7016 4802 
5543 2269 2825 2166 
5544 1131 2846 1133 
5545 1312 4815 3085 
5546 1322 3459 1325 
5547 5543 6164 4484 
5548 8085 8252 7943 
5549 2068 7255 7254 
5550 4627 5806 4991 
5551 4260 4484 4050 
5552 1536 1608 1607 
5553 3869 8523 2768 
5554 4891 4893 4892 
5555 6445 6548 2985 
5556 7415 7418 7416 
5557 1950 2068 1948 
5558 7910 7911 543 
5559 7464 9199 7463 
5560 2853 6600 5708 
5561 4528 6170 5565 
5562 73 7901 7900 
5563 2767 3764 3763 
5564 4978 8264 5499 
5565 4080 7465 5330 
5566 4134 5581 4133 
5567 3077 3718 1912 
5568 3776 7980 3775 
5569 2855 4867 1145 
5570 7967 8196 3507 
5571 1137 2854 1139 
5572 4818 7307 5318 
5573 1143 2855 1145 
5574 3307 8426 7595 
5575 4828 4829 4827 
5576 4816 8002 4919 
5577 2676 7068 7067 
5578 885 7064 887 
5579 2922 4268 2921 
5580 873 1395 875 
5581 5618 6995 4839 
5582 7312 7313 7311 
5583 1664 2709 1662 
5584 4528 5565 4529 
5585 7971 8725 7972 
5586 1436 4871 865 
5587 3778 4427 3779 
5588 3807 3809 3808 
5589 7548 7549 5279 
5590 2853 5708 847 
5591 250 7787 705 
5592 3805 3807 3806 
5593 4220 7444 4219 
5594 5351 5950 5352 
5595 1895 7582 1891 
5596 139 8266 138 
5597 5047 7089 5045 
5598 974 7024 976 
5599 6236 6267 4832 
5600 5367 5988 5368 
5601 4769 5591 4767 
5602 2857 3750 857 
5603 1125 2844 1127 
5604 1150 2859 1152 
5605 7591 7592 2706 
5606 3794 3796 3795 
5607 4816 4919 4918 
5608 3775 3778 3777 
5609 5939 6835 5819 
5610 5655 6439 3048 
5611 2063 7095 2060 
5612 1336 1366 1365 
5613 60 7765 596 
5614 4801 4802 4745 
5615 851 2857 857 
5616 869 2865 871 
5617 4883 8026 1156 
5618 2823 7092 7091 
5619 845 2853 847 
5620 5355 5953 5356 
5621 5552 7113 4880 
5622 2677 3794 3793 
5623 358 7799 599 
5624 6706 8000 5356 
5625 4689 7467 7466 
5626 6824 7302 6827 
5627 1306 5344 3076 
5628 3767 4266 3768 
5629 1987 7838 1984 
5630 4835 6236 4832 
5631 3737 4133 3721 
5632 1389 4883 1156 
5633 6498 7173 7172 
5634 5772 7997 3769 
5635 5368 7976 4137 
5636 7876 7878 7874 
5637 2747 3781 3780 
5638 2838 2921 2689 
5639 149 7816 600 
5640 1838 7584 1842 
5641 5771 8005 3780 
5642 1257 7032 1259 
5643 4884 4885 4883 
5644 2077 4891 2793 
5645 4681 6707 5697 
5646 4702 6612 6611 
5647 3978 7912 5336 
5648 3730 7315 2050 
5649 2694 8003 7670 
5650 2763 3767 3766 
5651 7297 7953 3453 
5652 2106 3356 2086 
5653 7493 7495 7494 
5654 4484 8060 4050 
5655 7674 7675 1494 
5656 2161 8861 2159 
5657 6951 8011 5352 
5658 1749 7664 1751 
5659 159 7777 601 
5660 5561 5573 5563 
5661 3137 7427 3259 
5662 5511 7326 5513 
5663 2826 3599 3334 
5664 1942 3772 2860 
5665 7089 7090 5381 
5666 4916 8492 8058 
5667 4777 7097 4775 
5668 2025 2295 2023 
5669 4152 7449 4819 
5670 1110 7205 7204 
5671 7415 7416 3814 
5672 1620 2834 1618 
5673 172 7868 7867 
5674 7098 7099 5380 
5675 3599 4405 4106 
5676 1434 7404 7403 
5677 3790 4339 3501 
5678 2272 5413 3101 
5679 7348 7349 7346 
5680 4756 4759 4758 
5681 5769 8029 3763 
5682 7435 7438 1817 
5683 2083 2897 2081 
5684 5800 6873 6872 
5685 3803 3805 3804 
5686 4846 6003 3055 
5687 7507 7640 7081 
5688 3829 8457 6941 
5689 3623 7866 3974 
5690 2304 7508 2306 
5691 4106 7274 4528 
5692 5791 7604 6968 
5693 3683 7493 7492 
5694 6141 7130 4806 
5695 1164 1400 1166 
5696 7153 7156 7155 
5697 5071 5913 1645 
5698 4456 5493 5446 
5699 1954 2828 1952 
5700 5084 7615 5086 
5701 5413 5414 3101 
5702 1541 7653 3267 
5703 4254 5678 4670 
5704 5568 6250 5570 
5705 5356 8000 4092 
5706 4660 5315 4661 
5707 6165 8060 4484 
5708 4914 7749 5522 
5709 972 1339 974 
5710 2861 5800 5799 
5711 1255 1338 1257 
5712 1569 7824 1673 
5713 1420 9373 9352 
5714 4826 4827 2133 
5715 2269 2826 2825 
5716 5678 6625 4670 
5717 4823 6556 3053 
5718 4212 7137 4627 
5719 7205 7206 7204 
5720 5320 5939 5819 
5721 5352 8011 4019 
5722 1724 3287 1722 
5723 4794 7097 4777 
5724 6955 7116 5799 
5725 2481 9248 2484 
5726 1160 2879 1162 
5727 1928 8004 1925 
5728 5513 5624 5515 
5729 4890 7282 4040 
5730 7674 7681 7677 
5731 1422 7645 3857 
5732 2937 7959 2569 
5733 7107 7108 5377 
5734 1720 2786 1718 
5735 5687 8644 6884 
5736 1395 4898 875 
5737 5807 7530 7131 
5738 3831 3833 3832 
5739 4332 8140 5132 
5740 3785 3787 3786 
5741 366 7813 365 
5742 2027 7304 2025 
5743 3099 3722 2044 
5744 4899 4900 4898 
5745 6054 6996 5171 
5746 883 1401 885 
5747 2938 4206 2939 
5748 4767 7002 4765 
5749 3975 4818 4817 
5750 7205 8053 7208 
5751 3992 4664 3994 
5752 66 7834 576 
5753 7126 7127 5371 
5754 1913 3077 1912 
5755 7531 7532 706 
5756 165 7828 582 
5757 4906 5662 2901 
5758 782 7599 2913 
5759 4206 5644 4239 
5760 2458 7745 4046 
5761 3974 4814 4813 
5762 7934 7935 7933 
5763 1624 2787 1622 
5764 1787 2257 1789 
5765 2352 8003 2355 
5766 3799 3800 3352 
5767 5051 7098 5049 
5768 3982 5395 3984 
5769 968 2821 970 
5770 1251 2822 1253 
5771 7527 7528 703 
5772 3835 3980 3834 
5773 911 7517 913 
5774 4814 6736 5316 
5775 3770 4660 3771 
5776 1049 8090 8088 
5777 3780 8005 2581 
5778 2917 2918 2916 
5779 879 2899 881 
5780 2688 2938 2937 
5781 804 7689 2967 
5782 2114 2912 2112 
5783 5095 7333 7332 
5784 2587 2679 2589 
5785 2900 3770 3769 
5786 123 7926 648 
5787 5558 7429 5561 
5788 2017 3785 2790 
5789 7550 7551 7549 
5790 1785 7310 1787 
5791 3711 7578 3702 
5792 4632 5637 4622 
5793 6501 6513 6499 
5794 1429 7679 1467 
5795 7085 7087 7086 
5796 3769 7997 1765 
5797 2439 9113 2442 
5798 4775 5580 4773 
5799 4702 6611 6608 
5800 2915 2916 2914 
5801 1249 7308 1251 
5802 629 7797 7796 
5803 2031 2281 2029 
5804 980 1358 982 
5805 4014 7197 4016 
5806 1779 2767 1781 
5807 3208 7631 3206 
5808 7455 9213 7456 
5809 3994 7019 3996 
5810 1236 1300 1241 
5811 6592 6593 5681 
5812 595 7789 7788 
5813 5214 5820 5216 
5814 2134 4826 2133 
5815 3107 8331 3105 
5816 2585 7318 2587 
5817 1960 2070 1958 
5818 6497 6498 6494 
5819 3763 8029 1781 
5820 1726 7306 1724 
5821 1263 1356 1265 
5822 2597 2676 2599 
5823 1716 2906 1714 
5824 3986 5390 3988 
5825 5703 6717 4696 
5826 7675 7683 7678 
5827 8096 8334 7711 
5828 960 3837 3836 
5829 3764 3765 3763 
5830 4010 7138 4012 
5831 966 7314 968 
5832 3781 3782 3780 
5833 2824 2914 822 
5834 1795 7329 1797 
5835 4816 4918 4917 
5836 1797 2260 1799 
5837 7444 7445 7443 
5838 367 7857 642 
5839 3968 7123 5177 
5840 4016 7197 7179 
5841 4761 6998 5564 
5842 954 1019 958 
5843 3676 5652 3559 
5844 178 7930 7929 
5845 6860 6861 5783 
5846 3748 4650 3749 
5847 7186 8466 3077 
5848 4192 4622 4191 
5849 2898 3803 3802 
5850 947 2820 950 
5851 3996 5379 3998 
5852 2579 2747 2581 
5853 6052 6597 4658 
5854 4736 6428 4735 
5855 3726 3728 3725 
5856 1730 3255 1728 
5857 5231 8999 6921 
5858 4902 7232 4899 
5859 4206 4239 2939 
5860 69 7862 636 
5861 3826 4191 3809 
5862 4618 5732 5317 
5863 268 7842 637 
5864 1966 7105 1964 
5865 2045 3099 2044 
5866 2859 8856 7539 
5867 2116 7324 2114 
5868 976 2827 978 
5869 2842 7212 1096 
5870 4378 7552 5253 
5871 3767 3768 3766 
5872 8515 8618 7688 
5873 7789 7791 7790 
5874 1261 7047 1263 
5875 1771 2763 1773 
5876 5383 6550 5382 
5877 1306 3076 1307 
5878 1312 3085 1313 
5879 1292 7291 2863 
5880 7135 7136 5365 
5881 2902 6588 4866 
5882 7932 7934 7933 
5883 4697 7278 4272 
5884 4272 5388 4269 
5885 7941 7946 7937 
5886 5349 6028 5350 
5887 2877 8110 3792 
5888 2938 2939 2937 
5889 4000 5375 4002 
5890 1172 7403 1174 
5891 4071 8024 5494 
5892 4254 4670 3915 
5893 3569 7137 4212 
5894 7774 7775 598 
5895 4322 9075 8949 
5896 1626 7390 1624 
5897 5988 6697 5368 
5898 1863 7436 7435 
5899 7779 7780 7778 
5900 3081 3222 3082 
5901 1962 7093 1960 
5902 2120 2801 2118 
5903 7534 7538 145 
5904 1023 2985 1024 
5905 5347 5348 4374 
5906 640 7846 7845 
5907 4630 6426 4606 
5908 5320 5819 3962 
5909 2968 3559 2835 
5910 6859 6860 5783 
5911 820 2824 822 
5912 796 7660 785 
5913 1259 2830 1261 
5914 7165 7166 5396 
5915 2767 3763 1781 
5916 1919 3119 1918 
5917 3833 3834 3832 
5918 5749 7542 5951 
5919 1604 8676 8580 
5920 1069 2861 1071 
5921 3646 7692 4385 
5922 2140 2713 2139 
5923 1029 5655 3048 
5924 1023 6445 2985 
5925 4852 6432 4851 
5926 1274 1360 1276 
5927 7336 7337 1361 
5928 6128 6537 5574 
5929 2747 3780 2581 
5930 889 7360 891 
5931 7846 7848 7847 
5932 4650 4651 3749 
5933 5055 7107 5053 
5934 7459 7460 7458 
5935 3798 4188 3796 
5936 2843 7191 7190 
5937 336 7899 559 
5938 3672 7732 3093 
5939 1243 3831 3830 
5940 2601 2823 2603 
5941 4006 7119 4008 
5942 1769 7357 1771 
5943 1956 7010 1954 
5944 1231 2818 1233 
5945 2899 7042 881 
5946 2848 7242 7241 
5947 4660 4661 3771 
5948 3669 7733 3299 
5949 5762 6424 5761 
5950 1226 7343 1231 
5951 9143 9255 7298 
5952 3402 4235 3401 
5953 4717 4734 4716 
5954 3746 3748 3747 
5955 2763 3766 1773 
5956 3079 3081 3080 
5957 5045 5381 5043 
5958 984 2836 986 
5959 2968 8041 4978 
5960 168 7852 632 
5961 7951 7952 657 
5962 2173 3501 2171 
5963 1267 2831 1269 
5964 1035 4823 3053 
5965 4138 7974 5367 
5966 3748 3749 3747 
5967 2033 7288 2031 
5968 2062 7105 1966 
5969 2789 3312 2788 
5970 988 1359 990 
5971 3729 4162 3728 
5972 4012 7138 5361 
5973 5655 6586 6439 
5974 1400 7249 1166 
5975 2605 2677 2607 
5976 4163 4578 4162 
5977 4886 4887 4884 
5978 4349 5835 5142 
5979 2023 7263 2021 
5980 4966 7400 6823 
5981 1803 1881 1805 
5982 2524 7591 2706 
5983 2152 7613 2151 
5984 5953 6705 5356 
5985 3968 5177 3966 
5986 4901 4902 4899 
5987 4002 7074 4004 
5988 1984 7838 1983 
5989 7758 7762 7759 
5990 5517 6181 5519 
5991 2922 4269 4268 
5992 5628 7729 6462 
5993 5773 8371 8125 
5994 1435 7458 7457 
5995 2915 2917 2916 
5996 1950 7007 2068 
5997 1763 2900 1765 
5998 633 7818 7817 
5999 4280 4635 3784 
6000 3801 4112 3800 
6001 6868 6869 6860 
6002 5782 5783 5493 
6003 370 7886 555 
6004 887 2832 889 
6005 5950 6698 5352 
6006 7254 7256 1946 
6007 2494 8197 3109 
6008 1968 2062 1966 
6009 4796 6076 4795 
6010 2105 5404 4905 
6011 5083 7548 5279 
6012 5718 6418 5719 
6013 2838 2922 2921 
6014 3020 8832 7141 
6015 3707 4606 3705 
6016 4888 6469 4887 
6017 3972 7290 4712 
6018 2181 2776 2179 
6019 3770 3771 3769 
6020 3972 4712 3970 
6021 2169 2903 2103 
6022 5330 5900 5329 
6023 1734 2847 1732 
6024 3810 3827 3812 
6025 8243 8667 6930 
6026 72 7900 560 
6027 2688 2937 2569 
6028 4958 5744 4365 
6029 2824 2915 2914 
6030 5288 7281 4636 
6031 2917 2919 2918 
6032 3081 3082 3080 
6033 5601 6205 5603 
6034 2900 3769 1765 
6035 9142 9160 6938 
6036 6720 7913 6735 
6037 2567 2688 2569 
6038 4615 7257 4618 
6039 2822 7022 1253 
6040 3837 5674 3836 
6041 6994 8002 4815 
6042 6505 6514 6503 
6043 2611 8401 2613 
6044 4216 7355 4217 
6045 5012 7452 5010 
6046 5049 5380 5047 
6047 3388 7631 3208 
6048 2785 7572 2309 
6049 561 7873 7872 
6050 2432 4846 3055 
6051 7287 7288 2033 
6052 4953 7420 4951 
6053 1322 1325 1324 
6054 7820 7821 572 
6055 5312 5923 4818 
6056 2122 7446 2120 
6057 993 2833 995 
6058 2676 7067 2599 
6059 2319 8288 4363 
6060 5395 7043 3984 
6061 3790 4340 4339 
6062 2905 3746 3745 
6063 2099 2901 2097 
6064 1029 3048 1030 
6065 7897 7898 7894 
6066 7305 9249 5924 
6067 1401 7064 885 
6068 4040 5638 4039 
6069 4268 4676 4270 
6070 6592 6660 6593 
6071 5053 5377 5051 
6072 5347 5349 5348 
6073 4779 4794 4777 
6074 6870 6871 6869 
6075 5489 5492 4058 
6076 3704 4709 3939 
6077 1286 7230 1349 
6078 7937 7946 322 
6079 1964 2837 1962 
6080 4618 5317 4619 
6081 3998 7045 4000 
6082 180 7931 651 
6083 4793 4795 4792 
6084 8411 8912 3311 
6085 2952 2955 2949 
6086 3521 4456 4455 
6087 8537 8919 3890 
6088 1276 7128 1278 
6089 4004 5370 4006 
6090 7524 7525 602 
6091 2183 7319 2181 
6092 7407 7409 7408 
6093 4008 7119 5364 
6094 2037 2076 2035 
6095 3658 4394 3657 
6096 1630 2725 1628 
6097 5489 6601 5492 
6098 4203 7257 4615 
6099 1012 7262 1017 
6100 171 7867 562 
6101 1265 7036 1267 
6102 4020 5351 4019 
6103 5820 6524 5216 
6104 7983 7984 7982 
6105 4949 5730 4947 
6106 5022 7631 3388 
6107 4113 4562 4112 
6108 4973 6712 4960 
6109 1738 2736 1736 
6110 3752 3754 3222 
6111 2035 7287 2033 
6112 5367 5368 4137 
6113 2813 2814 2812 
6114 4008 5364 4010 
6115 2412 5816 2413 
6116 6051 6052 4658 
6117 3613 7491 3264 
6118 3079 3080 3078 
6119 4765 7002 5579 
6120 4681 5697 4315 
6121 2484 7739 2485 
6122 4711 7598 5959 
6123 5008 5729 4953 
6124 2187 2742 2185 
6125 4912 7749 4914 
6126 7992 9157 5907 
6127 2330 8313 2326 
6128 7052 7053 7050 
6129 1017 7262 1023 
6130 4341 5831 5118 
6131 2147 7610 7609 
6132 4676 6630 4677 
6133 1757 2902 1759 
6134 3746 3747 3745 
6135 6509 6515 6507 
6136 2837 7093 1962 
6137 2904 6525 5807 
6138 6503 7065 6501 
6139 3623 3974 3622 
6140 4288 7618 4290 
6141 7760 7761 635 
6142 5680 5681 2919 
6143 7943 8252 7945 
6144 6432 6555 4851 
6145 2126 2721 2124 
6146 3529 3975 3528 
6147 1075 2898 1077 
6148 1003 1352 1006 
6149 5358 6664 5357 
6150 4697 7279 7278 
6151 4939 6686 4937 
6152 2667 7541 7540 
6153 3490 3607 3489 
6154 5728 7452 5012 
6155 5351 5352 4019 
6156 2333 7747 2337 
6157 4393 5274 4281 
6158 6507 7100 6505 
6159 2902 4866 1759 
6160 8064 8683 7309 
6161 3790 8081 5775 
6162 4482 6990 4479 
6163 5355 5356 4092 
6164 7493 7494 7492 
6165 3707 4630 4606 
6166 2089 8041 2968 
6167 2173 3790 3501 
6168 893 1409 895 
6169 3812 7415 3814 
6170 5390 7267 3988 
6171 2968 3676 3559 
6172 6511 7143 6509 
6173 7998 8330 4392 
6174 1247 8363 1245 
6175 1283 7230 1286 
6176 2418 2838 2689 
6177 2418 2689 2419 
6178 2613 2668 2615 
6179 2905 3745 2561 
6180 2426 3738 3046 
6181 7204 7209 7203 
6182 2823 7091 2603 
6183 5680 6592 5681 
6184 1176 1414 1178 
6185 7409 7410 7408 
6186 6950 8077 4817 
6187 4943 6675 4941 
6188 4093 5355 4092 
6189 1339 7024 974 
6190 4456 5446 4455 
6191 1427 1441 1440 
6192 5283 7992 5907 
6193 2865 7483 871 
6194 3423 3489 3422 
6195 2099 4906 2901 
6196 5637 7159 4622 
6197 1290 7291 1292 
6198 6525 6900 5807 
6199 5573 5574 5563 
6200 3126 7658 3300 
6201 4817 8077 3528 
6202 5059 7126 5057 
6203 3794 3795 3793 
6204 4138 5367 4137 
6205 2302 7583 4312 
6206 5057 5371 5055 
6207 4022 7466 4020 
6208 1090 1110 1092 
6209 5126 5824 4540 
6210 1632 7473 1630 
6211 5757 5758 3764 
6212 6947 8079 4813 
6213 5561 7429 5573 
6214 2089 2835 1895 
6215 1948 7254 1946 
6216 3831 3832 3830 
6217 2370 7246 7243 
6218 6930 8797 2856 
6219 174 7914 641 
6220 6873 6899 6872 
6221 4339 5423 4822 
6222 5973 7076 5971 
6223 7368 7370 7369 
6224 4813 8079 3622 
6225 1338 7032 1257 
6226 2051 3730 2050 
6227 4219 7443 7442 
6228 4933 5742 4931 
6229 1646 5071 1645 
6230 1170 1434 1172 
6231 2559 2905 2561 
6232 6494 7172 6492 
6233 1891 2258 1889 
6234 3629 7490 3627 
6235 7296 7298 7297 
6236 5977 6898 5975 
6237 5800 6872 5799 
6238 4402 9517 9480 
6239 7142 8832 8249 
6240 7174 9118 7173 
6241 2922 8095 4271 
6242 4910 6794 4709 
6243 2189 7381 2187 
6244 7480 7481 7478 
6245 4601 5625 4600 
6246 4683 7393 7392 
6247 2413 7342 2415 
6248 5954 5955 5022 
6249 4265 7177 4234 
6250 1125 1127 1126 
6251 3715 4219 3713 
6252 4689 7466 4022 
6253 3816 4193 3818 
6254 1503 5489 4058 
6255 4287 4696 4288 
6256 4316 4681 4315 
6257 126 7928 537 
6258 4222 5396 4220 
6259 7351 7356 7355 
6260 5061 5365 5059 
6261 2904 5807 2555 
6262 7054 8238 7055 
6263 7273 8553 2067 
6264 2677 3793 2607 
6265 2173 8081 3790 
6266 7684 7685 5788 
6267 6498 7174 7173 
6268 2817 3401 2815 
6269 1419 7674 1494 
6270 6518 7143 6511 
6271 3439 3704 3438 
6272 3796 3797 3795 
6273 1278 7128 2839 
6274 3533 7492 3531 
6275 2841 4908 4907 
6276 4904 6495 4903 
6277 1925 8004 1924 
6278 2861 5799 1071 
6279 5495 6658 4890 
6280 1035 3053 1036 
6281 7296 7297 3453 
6282 1815 7435 1817 
6283 5729 7420 4953 
6284 2105 4905 1753 
6285 4428 4546 4431 
6286 6823 7302 6824 
6287 2797 8371 2744 
6288 9336 9337 3590 
6289 6516 6518 6511 
6290 81 7951 657 
6291 4991 5961 5960 
6292 4622 4820 4191 
6293 4080 5329 4081 
6294 5789 6789 5790 
6295 4725 4738 4723 
6296 5045 7089 5381 
6297 4012 5361 4014 
6298 1751 2105 1753 
6299 78 7950 544 
6300 7153 7155 1932 
6301 4721 4722 4719 
6302 1887 3829 1885 
6303 2089 2968 2835 
6304 4040 7282 5638 
6305 1747 3578 1749 
6306 3702 4045 3418 
6307 1325 1336 1326 
6308 2813 2815 2814 
6309 2057 2058 2056 
6310 3586 7301 7295 
6311 1085 7457 1088 
6312 5640 6552 5639 
6313 2907 4904 4903 
6314 4688 6691 5956 
6315 8048 8761 8049 
6316 4688 5956 5376 
6317 4232 7148 4230 
6318 7353 7354 7352 
6319 4570 7104 4567 
6320 7659 7660 796 
6321 1989 8810 8697 
6322 4627 4991 4628 
6323 1652 1653 1651 
6324 1940 7150 1937 
6325 3783 3784 3781 
6326 2838 8095 2922 
6327 4715 4716 4285 
6328 4004 7074 5370 
6329 1587 4039 1553 
6330 4783 4784 4781 
6331 2426 3046 2427 
6332 3807 3808 3806 
6333 2415 7342 2418 
6334 3805 3806 3804 
6335 7696 8517 8461 
6336 1813 1863 1815 
6337 5196 5728 5012 
6338 3608 4478 3607 
6339 3841 4216 3842 
6340 4230 5389 4228 
6341 5779 6956 6429 
6342 3132 7688 3130 
6343 2448 3079 3078 
6344 3931 7447 3941 
6345 557 7844 7843 
6346 1009 2840 1012 
6347 1636 1882 1634 
6348 4017 7498 3684 
6349 6035 6710 5992 
6350 3809 3810 3808 
6351 3820 4194 3822 
6352 4016 7179 4262 
6353 3657 7490 3629 
6354 1587 4040 4039 
6355 2553 2904 2555 
6356 2043 2044 2041 
6357 6497 6499 6498 
6358 4445 7394 4447 
6359 7343 7348 7346 
6360 4695 5382 4265 
6361 1954 7010 2828 
6362 2051 7399 3730 
6363 5086 7615 7334 
6364 5333 8359 8224 
6365 1887 7157 3829 
6366 4664 7019 3994 
6367 4290 7398 4292 
6368 2811 2812 2810 
6369 2619 7190 2621 
6370 4381 7559 5283 
6371 177 7929 546 
6372 2317 8378 964 
6373 2907 4903 2549 
6374 3385 3707 3705 
6375 5019 7574 7573 
6376 1286 1349 1290 
6377 2132 2133 2130 
6378 1743 3424 1745 
6379 5279 6906 5096 
6380 2169 7506 2903 
6381 4234 5387 4232 
6382 2817 3402 3401 
6383 4235 5288 4636 
6384 7151 7152 1936 
6385 4262 4702 4701 
6386 5981 6834 5979 
6387 4226 5391 4224 
6388 4224 7165 4222 
6389 9451 9462 5951 
6390 7823 7918 7825 
6391 7404 9794 4954 
6392 1200 7590 1303 
6393 7317 8469 3099 
6394 1911 1912 1909 
6395 2859 7539 1152 
6396 2832 7360 889 
6397 1503 4058 1478 
6398 3941 5290 3943 
6399 5762 6465 6424 
6400 2265 7918 1706 
6401 2665 7718 2675 
6402 2952 2956 2955 
6403 2288 7698 2286 
6404 2387 7470 2389 
6405 1131 1133 1132 
6406 4729 4737 4727 
6407 3683 7492 3533 
6408 4947 7426 4945 
6409 1017 1023 1021 
6410 2783 7710 5031 
6411 376 7948 540 
6412 2617 2843 2619 
6413 4684 7392 4688 
6414 4814 5316 4813 
6415 5814 8868 5865 
6416 5816 8839 8095 
6417 7659 7661 7660 
6418 3975 4817 3528 
6419 1278 2839 1283 
6420 3857 7652 1410 
6421 7599 7601 7600 
6422 1026 1029 1028 
6423 4174 7004 4297 
6424 5049 7098 5380 
6425 1996 1997 1995 
6426 5065 5362 5063 
6427 3114 7696 3323 
6428 6424 6581 6425 
6429 5063 7135 5061 
6430 4972 7955 7171 
6431 1514 1515 1456 
6432 7132 7978 4970 
6433 2841 4907 1739 
6434 5018 8445 8218 
6435 4046 6634 4668 
6436 2928 2929 2927 
6437 4334 5825 5026 
6438 7371 7687 7686 
6439 4733 4735 4731 
6440 2432 3055 2433 
6441 3974 4813 3622 
6442 4000 7045 5375 
6443 3146 7861 3148 
6444 4074 4375 4075 
6445 2830 7047 1261 
6446 4818 5318 4817 
6447 4279 4280 3784 
6448 4870 7756 7755 
6449 2811 2813 2812 
6450 7350 7351 4216 
6451 3758 3760 3759 
6452 1978 1979 1975 
6453 8049 8387 8050 
6454 7298 7300 7299 
6455 3095 8884 5162 
6456 4447 7394 4683 
6457 7563 7564 7562 
6458 4734 5761 5760 
6459 5382 7177 4265 
6460 1356 7036 1265 
6461 5406 8108 5809 
6462 5923 7307 4818 
6463 1437 7690 7689 
6464 6515 7100 6507 
6465 5069 5357 5067 
6466 897 2851 899 
6467 2138 2139 2136 
6468 5721 6417 5723 
6469 5735 6458 4280 
6470 1654 1655 1653 
6471 2059 2060 2058 
6472 2382 7247 2385 
6473 4715 4717 4716 
6474 6569 7673 4994 
6475 7543 8681 8401 
6476 2295 7263 2023 
6477 2069 7276 7275 
6478 7677 7683 7675 
6479 4292 7398 4691 
6480 7649 7651 7650 
6481 4850 4851 4189 
6482 7804 7806 7805 
6483 1917 1918 1915 
6484 4673 7732 3672 
6485 2926 2927 2925 
6486 3434 4301 3432 
6487 5211 7402 5214 
6488 3838 3839 2252 
6489 1180 2858 1182 
6490 5141 5718 5717 
6491 1819 1862 1821 
6492 7111 7112 7110 
6493 4287 5703 4696 
6494 3840 3841 3839 
6495 1683 2841 1739 
6496 2338 8102 2340 
6497 4826 7544 6912 
6498 2546 2907 2549 
6499 5139 7227 5141 
6500 4282 7385 5160 
6501 1441 1465 1452 
6502 3803 3804 3802 
6503 4709 9237 5276 
6504 5789 5790 4908 
6505 2081 7122 2078 
6506 901 1390 903 
6507 2398 2409 2400 
6508 2695 7706 2692 
6509 4228 7146 4226 
6510 4456 7226 5782 
6511 8431 8888 4395 
6512 1092 7203 1094 
6513 2621 2667 2623 
6514 1434 7403 1172 
6515 5018 7979 2299 
6516 876 7189 879 
6517 1336 1365 1337 
6518 1855 5741 4992 
6519 5053 7107 5377 
6520 7603 8782 5831 
6521 2825 9320 6944 
6522 5707 6147 5625 
6523 2360 3468 2362 
6524 3594 4281 3436 
6525 4787 4788 4785 
6526 2392 2397 2396 
6527 7058 7059 7057 
6528 2385 2393 2387 
6529 1516 1517 1515 
6530 8088 8089 1053 
6531 2376 2394 2378 
6532 1566 7979 7721 
6533 7674 7677 7675 
6534 1083 1435 1085 
6535 5004 5448 5006 
6536 7799 7801 7800 
6537 1300 7555 1241 
6538 2946 2952 2949 
6539 820 822 821 
6540 3824 4242 4240 
6541 6428 6570 4735 
6542 6514 7065 6503 
6543 7596 8800 5835 
6544 866 7072 869 
6545 5037 5912 5036 
6546 3827 7415 3812 
6547 2389 7468 2392 
6548 1184 1394 1186 
6549 6991 6992 2846 
6550 909 7336 1361 
6551 2442 9040 5808 
6552 1445 8195 1458 
6553 5137 5445 5139 
6554 3786 3788 2790 
6555 5043 7382 4698 
6556 5274 6742 5275 
6557 2378 7236 2380 
6558 1438 7724 1376 
6559 2197 2251 2195 
6560 3300 7658 3671 
6561 4734 5762 5761 
6562 4046 4668 3505 
6563 3684 7498 3683 
6564 2144 7609 2142 
6565 8017 8018 8016 
6566 745 7822 743 
6567 2792 3264 3263 
6568 4856 6433 4854 
6569 1689 7751 7284 
6570 1146 7017 1150 
6571 4911 8105 7383 
6572 5083 5096 5084 
6573 4547 4555 4549 
6574 6387 7701 6454 
6575 3469 7688 3132 
6576 1032 1035 1034 
6577 1634 7633 1632 
6578 5406 5809 4424 
6579 3736 7407 3735 
6580 5090 7331 5092 
6581 4731 7117 4729 
6582 5023 7688 3469 
6583 8824 8866 5831 
6584 6092 7353 7352 
6585 2061 2063 2060 
6586 1465 1536 1485 
6587 4301 7480 7478 
6588 4707 5700 4604 
6589 6833 6874 6832 
6590 7219 7221 7220 
6591 4748 4749 3762 
6592 4217 5451 4844 
6593 7959 7960 2573 
6594 3141 8043 3139 
6595 5006 7224 5137 
6596 2389 7470 7468 
6597 2358 7484 2360 
6598 2656 6840 4971 
6599 5339 6810 5343 
6600 2955 3385 2957 
6601 7170 9381 1882 
6602 1178 7164 1180 
6603 3686 4017 3684 
6604 3656 3657 3629 
6605 2402 2849 2404 
6606 3427 7639 4870 
6607 2926 2928 2927 
6608 1792 7341 1795 
6609 7558 8833 5029 
6610 2809 2810 2808 
6611 1196 7513 2911 
6612 2291 7971 3238 
6613 2407 2412 2411 
6614 6016 7973 4411 
6615 3507 8809 7967 
6616 2017 8214 3785 
6617 6072 8057 4449 
6618 3348 3480 3346 
6619 3662 4019 3660 
6620 8082 8083 2235 
6621 4393 5321 5274 
6622 845 847 846 
6623 1192 7363 1363 
6624 3868 8868 4210 
6625 2898 3802 1077 
6626 2372 2848 2374 
6627 3371 8496 4329 
6628 662 7949 378 
6629 2380 2845 2382 
6630 3443 3479 3441 
6631 4615 4618 4617 
6632 8055 8056 4754 
6633 5067 7182 5065 
6634 1842 7584 1846 
6635 4860 6434 4858 
6636 6866 8968 5826 
6637 1982 1983 1980 
6638 2299 7979 1568 
6639 1702 7644 2895 
6640 2282 8001 2800 
6641 7402 8932 5820 
6642 5086 7334 5088 
6643 3671 7658 5020 
6644 1536 1607 1537 
6645 3760 4173 3761 
6646 4075 7465 4077 
6647 1140 7006 1143 
6648 3636 3683 3533 
6649 5725 6415 5727 
6650 4792 7035 4789 
6651 7904 7905 660 
6652 4870 7755 4409 
6653 4219 7444 7443 
6654 3621 3622 3445 
6655 2244 7617 7616 
6656 1137 1139 1138 
6657 7714 9087 7715 
6658 6831 6832 6830 
6659 5251 7757 3846 
6660 4556 4559 4558 
6661 4664 7021 7020 
6662 4791 4792 4789 
6663 4819 7305 5924 
6664 4102 7450 4104 
6665 7518 7519 2910 
6666 3980 7005 3982 
6667 9493 9502 6718 
6668 2063 7597 7095 
6669 1414 7164 1178 
6670 5225 7504 5227 
6671 5227 6123 6122 
6672 5387 7148 4232 
6673 3527 3528 3350 
6674 7893 7895 7892 
6675 4964 7400 4966 
6676 1292 2863 1296 
6677 4411 7330 4160 
6678 4333 8211 8075 
6679 7777 7779 7778 
6680 3323 7696 4120 
6681 2415 2418 2417 
6682 4024 4689 4022 
6683 1518 1519 1517 
6684 1553 7641 1499 
6685 2374 7240 2376 
6686 5739 6798 6797 
6687 7141 7142 4983 
6688 4080 5330 5329 
6689 4374 7425 3448 
6690 641 7870 7868 
6691 4683 7392 4684 
6692 2909 2925 2538 
6693 7629 9011 7628 
6694 2694 7670 3075 
6695 4378 5253 3949 
6696 5057 7126 5371 
6697 2069 7585 7276 
6698 3715 4220 4219 
6699 3843 7350 3841 
6700 7658 8337 5020 
6701 6945 8972 4433 
6702 5774 6927 6926 
6703 4091 4092 4042 
6704 1188 7294 2864 
6705 7981 7983 7982 
6706 2909 2926 2925 
6707 2626 8415 2629 
6708 5416 8194 4989 
6709 6565 6623 5678 
6710 3302 3586 2781 
6711 2992 8265 2990 
6712 5497 6480 6373 
6713 1863 7435 1815 
6714 7718 7991 7717 
6715 2458 4046 3505 
6716 848 7014 851 
6717 2942 2944 2943 
6718 4914 5497 4915 
6719 4104 7450 7449 
6720 5077 5097 5078 
6721 2300 2757 2301 
6722 1811 7545 1813 
6723 3483 4335 3484 
6724 7532 7533 706 
6725 4912 4914 4913 
6726 1038 1041 1040 
6727 3594 4393 4281 
6728 1824 8930 1827 
6729 3336 3438 2799 
6730 3344 3345 3329 
6731 4136 4137 4129 
6732 3025 7814 3865 
6733 6937 7400 4964 
6734 4721 4723 4722 
6735 3337 9102 6854 
6736 6941 8463 8245 
6737 4292 4691 4294 
6738 3695 8027 4747 
6739 4235 4636 4236 
6740 2423 2426 2425 
6741 5092 7331 6006 
6742 3702 7578 4045 
6743 5330 6732 5900 
6744 4313 5739 5738 
6745 4085 4287 4087 
6746 2370 7243 2372 
6747 1302 1306 1305 
6748 2946 2949 2947 
6749 2944 2946 2945 
6750 5036 7732 4673 
6751 7078 7079 3459 
6752 7823 7824 1589 
6753 5696 6665 5360 
6754 4083 7421 4085 
6755 1186 7294 1188 
6756 7299 9062 8010 
6757 4077 4080 4079 
6758 2385 7247 2393 
6759 1134 7001 1137 
6760 1891 7582 2258 
6761 8224 8359 5920 
6762 1846 7584 7583 
6763 4468 4912 4911 
6764 4097 7321 4095 
6765 4819 5924 5384 
6766 4692 4693 4570 
6767 1309 1312 1311 
6768 2964 2966 2965 
6769 3264 3510 3509 
6770 4297 4472 4298 
6771 1194 7513 1196 
6772 4178 4315 4097 
6773 5730 7426 4947 
6774 1585 7970 1679 
6775 4035 8013 8012 
6776 4684 4688 4686 
6777 4120 7696 5241 
6778 2592 7588 2595 
6779 2744 3454 2298 
6780 2843 7190 2619 
6781 7791 7792 7790 
6782 1184 7202 1394 
6783 3785 8214 5767 
6784 3105 8331 5121 
6785 2966 7729 5628 
6786 4844 7234 5004 
6787 4706 6793 4029 
6788 7511 9023 4057 
6789 7366 7367 3872 
6790 1143 1145 1144 
6791 3858 7511 4057 
6792 4447 4683 4587 
6793 851 857 852 
6794 907 7336 909 
6795 5903 7463 5902 
6796 7205 7207 7206 
6797 1319 1322 1321 
6798 2807 2808 2774 
6799 5141 7227 5718 
6800 5685 6606 5404 
6801 1520 1521 1519 
6802 4077 7465 4080 
6803 7737 8194 2464 
6804 4028 4029 3733 
6805 4706 6815 6793 
6806 5092 6006 6004 
6807 2720 3453 2718 
6808 2201 2856 2199 
6809 4027 8030 5345 
6810 3904 7596 4349 
6811 2929 3736 3735 
6812 3489 7635 4088 
6813 1190 7363 1192 
6814 2908 5817 2532 
6815 7789 7790 7788 
6816 6174 6709 5539 
6817 1094 2842 1096 
6818 4028 4706 4029 
6819 6829 6830 6828 
6820 1198 7590 1200 
6821 6426 6585 6427 
6822 2179 7401 2177 
6823 4483 4543 4482 
6824 1182 7202 1184 
6825 2595 7587 2597 
6826 2103 7261 2100 
6827 1212 7348 1226 
6828 3791 7606 1465 
6829 2809 2811 2810 
6830 6498 7172 6494 
6831 1050 8088 1053 
6832 5061 7135 5365 
6833 905 2866 907 
6834 2757 2758 2301 
6835 2146 2147 2144 
6836 909 1361 911 
6837 4222 7165 5396 
6838 3750 7312 7311 
6839 1644 1645 1640 
6840 2064 2071 2063 
6841 1695 8329 1664 
6842 3916 4254 3915 
6843 2536 2909 2538 
6844 2781 7295 2720 
6845 4636 5683 5295 
6846 1923 1924 1921 
6847 2049 2050 2047 
6848 7561 7563 7562 
6849 8218 8445 4286 
6850 536 8085 7939 
6851 4872 4873 4749 
6852 4312 7508 2304 
6853 3967 3968 3966 
6854 1522 1523 1521 
6855 2002 2003 2001 
6856 4709 5276 3939 
6857 5292 5639 4865 
6858 3713 7442 3711 
6859 3385 3705 3386 
6860 5407 5902 5406 
6861 2442 5808 2443 
6862 4320 5992 4318 
6863 1986 1987 1984 
6864 7846 7847 7845 
6865 2942 8009 7626 
6866 4106 4107 3334 
6867 1808 7546 1811 
6868 798 7659 796 
6869 5389 7146 4228 
6870 5335 7598 4711 
6871 4581 4600 4579 
6872 5339 5343 4335 
6873 1128 6991 1131 
6874 7712 7714 7713 
6875 2757 3483 2758 
6876 4999 7643 4044 
6877 3978 5335 4711 
6878 5088 7334 5095 
6879 3978 4711 3977 
6880 3421 3422 3313 
6881 6993 6994 4815 
6882 3704 3939 3438 
6883 1188 2864 1190 
6884 2300 2301 2299 
6885 3644 5022 3388 
6886 2072 2077 2071 
6887 1315 1318 1317 
6888 4681 7619 6708 
6889 8075 8210 4333 
6890 2068 7254 1948 
6891 5403 7553 7552 
6892 3732 3733 3731 
6893 3751 3752 3222 
6894 1603 7684 1683 
6895 7374 9123 8617 
6896 5088 5095 5090 
6897 4752 4753 4055 
6898 7188 9366 3159 
6899 5177 7272 7271 
6900 7081 7640 7082 
6901 3463 4378 3949 
6902 3753 3915 3752 
6903 1192 1363 1194 
6904 4540 7265 4460 
6905 4212 4627 4626 
6906 3846 7757 3030 
6907 1105 1108 1107 
6908 4393 8106 5322 
6909 3732 4028 3733 
6910 2908 6614 5817 
6911 1376 7724 1355 
6912 2953 7512 3858 
6913 812 7134 820 
6914 1983 7841 1980 
6915 5403 7552 4378 
6916 6864 8042 7253 
6917 3471 7978 2256 
6918 7373 7375 7372 
6919 4035 8012 4034 
6920 3463 3949 3223 
6921 5357 7182 5067 
6922 1545 7077 2272 
6923 4044 7643 3917 
6924 7049 7052 7050 
6925 6071 6072 4449 
6926 3594 8106 4393 
6927 6831 6833 6832 
6928 2380 7236 2845 
6929 3792 4214 3400 
6930 5007 8024 4071 
6931 3384 6776 3674 
6932 4060 4074 4073 
6933 1437 7689 808 
6934 7238 7239 3424 
6935 5078 7548 5080 
6936 4736 6446 6428 
6937 1094 7203 2842 
6938 6523 6739 5798 
6939 1524 1548 1523 
6940 6925 8371 5773 
6941 2871 2872 2870 
6942 1435 7457 1085 
6943 4301 7478 7477 
6944 2205 2252 2203 
6945 4329 7365 5024 
6946 4719 7180 4717 
6947 3118 7975 3116 
6948 863 865 864 
6949 3319 3950 3321 
6950 1150 1152 1151 
6951 1122 7109 1125 
6952 1661 1662 1660 
6953 1663 1664 1662 
6954 7828 7830 7829 
6955 861 863 862 
6956 3939 8125 3438 
6957 2914 7856 7303 
6958 5628 6462 6461 
6959 5160 6967 6721 
6960 1927 1928 1925 
6961 7848 7849 7847 
6962 7221 7222 7220 
6963 1760 7176 1763 
6964 1152 1154 1153 
6965 7818 7819 7817 
6966 2429 2432 2431 
6967 4729 7117 4737 
6968 3483 3484 2758 
6969 5206 8321 5889 
6970 2873 2874 2872 
6971 1114 1117 1116 
6972 3584 4388 4282 
6973 4998 8195 1445 
6974 4472 4488 4473 
6975 3404 7603 4341 
6976 7703 8223 3218 
6977 5253 6935 6934 
6978 4216 4217 3842 
6979 3969 3970 3968 
6980 4874 4875 4873 
6981 5137 7224 5445 
6982 1109 1113 1112 
6983 7731 8086 5000 
6984 6518 7145 7144 
6985 7823 7825 7824 
6986 3455 3978 3977 
6987 1673 2300 2299 
6988 2147 7609 2144 
6989 3192 7561 3319 
6990 5405 5406 4424 
6991 6091 6092 3843 
6992 4124 4125 3788 
6993 3062 8977 8805 
6994 2640 7731 2644 
6995 3955 4746 3954 
6996 7029 7030 2246 
6997 2150 2151 2148 
6998 5855 8919 8537 
6999 3241 3732 3731 
7000 3188 3940 3190 
7001 2977 9416 9404 
7002 1154 1156 1155 
7003 3148 7861 3554 
7004 3205 8109 3207 
7005 700 7514 56 
7006 5497 6373 4915 
7007 5417 7822 1484 
7008 5460 8050 5459 
7009 2831 7039 1269 
7010 4914 4915 4913 
7011 53 7516 699 
7012 6829 6831 6830 
7013 5796 5798 5795 
7014 2055 2056 2053 
7015 705 7523 249 
7016 595 7788 258 
7017 2807 2809 2808 
7018 7873 7874 7872 
7019 1650 1651 1648 
7020 1990 1991 1988 
7021 5738 7963 5801 
7022 3510 4050 4049 
7023 4441 5417 1484 
7024 3486 3976 3488 
7025 5480 7919 5487 
7026 2162 2163 2161 
7027 4912 4913 4911 
7028 7223 8084 7220 
7029 152 7527 703 
7030 2160 2161 2159 
7031 7886 7888 7887 
7032 5080 5083 5082 
7033 6827 6828 6826 
7034 4544 5536 4543 
7035 2007 8120 7293 
7036 2530 2908 2532 
7037 4926 4927 4925 
7038 5914 7003 4990 
7039 4105 4742 4741 
7040 1918 7186 1915 
7041 7351 7355 4216 
7042 2950 7512 2953 
7043 1118 1121 1120 
7044 2958 8007 2223 
7045 8272 8273 4354 
7046 2376 7240 2394 
7047 7366 7374 7367 
7048 2237 8892 7571 
7049 2327 7736 2358 
7050 2885 2892 2884 
7051 2892 5793 5792 
7052 1226 1231 1227 
7053 1829 1855 1831 
7054 2682 8118 5033 
7055 7796 7798 254 
7056 1484 7822 745 
7057 1589 7824 1569 
7058 1549 1562 1548 
7059 3971 3972 3970 
7060 5083 5279 5096 
7061 3807 3826 3809 
7062 2448 3078 2449 
7063 2524 2706 2526 
7064 5794 5795 5793 
7065 7932 7933 7931 
7066 5788 5789 4908 
7067 2309 7572 5021 
7068 2660 7637 2974 
7069 147 7531 706 
7070 2966 5628 2965 
7071 8844 8902 5835 
7072 947 950 948 
7073 596 7770 59 
7074 629 7796 255 
7075 3241 3731 2265 
7076 2509 8742 7557 
7077 7905 7908 7907 
7078 2869 2870 2868 
7079 1036 7627 1038 
7080 7220 8084 3976 
7081 3019 7711 3022 
7082 4675 5036 4673 
7083 5994 6972 4751 
7084 4957 5533 4895 
7085 1502 7646 7645 
7086 5492 6405 5784 
7087 3418 7083 3402 
7088 7772 7773 51 
7089 1435 7459 7458 
7090 2959 2960 2958 
7091 5913 7472 7168 
7092 8015 8017 8016 
7093 2961 2962 2960 
7094 3858 4057 4056 
7095 950 954 951 
7096 5779 6429 6034 
7097 1941 1942 1940 
7098 7768 7769 349 
7099 7675 7678 7676 
7100 1504 8217 1480 
7101 5314 5320 3962 
7102 5474 7884 5836 
7103 943 947 944 
7104 61 7766 7765 
7105 2451 7728 2454 
7106 7057 8238 7054 
7107 7939 8085 7943 
7108 3340 7955 3611 
7109 4876 5619 4875 
7110 7971 7972 4426 
7111 5271 6775 5273 
7112 6381 6932 6383 
7113 699 7772 52 
7114 1413 7681 7674 
7115 2623 7540 2625 
7116 1673 2299 1568 
7117 2631 2656 2633 
7118 3803 3828 3805 
7119 8123 8242 3032 
7120 3775 3777 3773 
7121 871 873 872 
7122 5749 5951 5337 
7123 4733 4736 4735 
7124 1563 1579 1562 
7125 4632 6526 5637 
7126 3841 3842 3839 
7127 1882 7633 1634 
7128 7219 7220 3976 
7129 5837 8048 8047 
7130 8401 8681 6897 
7131 4830 4835 4832 
7132 3153 7865 3151 
7133 3586 7295 2781 
7134 2667 7540 2623 
7135 4498 9206 4118 
7136 2521 7591 2524 
7137 4565 4566 4563 
7138 1122 1125 1124 
7139 5873 9107 7448 
7140 701 7768 350 
7141 536 7938 7937 
7142 4312 7509 7508 
7143 2433 7634 2435 
7144 869 871 870 
7145 2936 3447 3446 
7146 8024 8025 5494 
7147 2326 8313 2324 
7148 2435 2438 2437 
7149 7991 8963 5812 
7150 3671 5020 4102 
7151 2964 2965 2962 
7152 4342 5271 4986 
7153 1101 1104 1103 
7154 4388 7385 4282 
7155 5080 7548 5083 
7156 2877 3400 2878 
7157 2449 7728 2451 
7158 5004 7234 5448 
7159 3238 7971 3500 
7160 3082 3229 3083 
7161 7758 7759 346 
7162 8577 8619 5132 
7163 4996 5914 4990 
7164 1863 7437 7436 
7165 7141 8832 7142 
7166 1931 1932 1929 
7167 2008 2009 2007 
7168 2213 2244 2211 
7169 7641 7735 1483 
7170 2272 3101 2273 
7171 1994 1995 1992 
7172 4192 4632 4622 
7173 6823 6824 4968 
7174 3962 7380 3869 
7175 4831 4834 4833 
7176 6989 8334 8096 
7177 4528 4529 4107 
7178 4468 4911 4304 
7179 8045 8242 8123 
7180 5463 8050 5460 
7181 4928 4929 4927 
7182 1411 7681 1413 
7183 597 7758 347 
7184 4214 5432 5425 
7185 4979 4980 4753 
7186 2779 7717 5812 
7187 3727 4745 4744 
7188 3794 3798 3796 
7189 6827 6829 6828 
7190 6983 6984 4215 
7191 1319 7078 1322 
7192 361 7808 634 
7193 5148 7559 4381 
7194 873 875 874 
7195 9046 9066 6931 
7196 5773 8125 3939 
7197 1309 6993 1312 
7198 3743 3744 3741 
7199 2306 2807 2774 
7200 1128 1131 1130 
7201 5168 8301 5166 
7202 640 7845 140 
7203 2050 7317 2047 
7204 1231 1233 1232 
7205 5074 5077 5076 
7206 5026 5942 5941 
7207 3953 3962 3869 
7208 5000 5248 5001 
7209 4104 7449 4152 
7210 7218 7219 3976 
7211 778 7599 782 
7212 1665 1695 1664 
7213 4746 6964 5930 
7214 5014 7993 2998 
7215 6821 7542 5749 
7216 7122 8006 4891 
7217 5021 8082 2307 
7218 3826 4192 4191 
7219 2947 7672 2950 
7220 3934 5023 3469 
7221 4152 4819 4590 
7222 5069 5358 5357 
7223 1049 8088 1050 
7224 3735 4054 3789 
7225 633 7817 46 
7226 3578 7664 1749 
7227 7669 8140 4332 
7228 2439 2442 2441 
7229 3190 7565 3192 
7230 2058 7275 2056 
7231 4742 4839 4838 
7232 2372 7243 2848 
7233 5309 5324 4392 
7234 2963 2964 2962 
7235 964 8378 962 
7236 7320 8027 4985 
7237 6126 6990 4482 
7238 2205 7746 3838 
7239 2929 3735 3734 
7240 3704 4910 4709 
7241 1580 1581 1579 
7242 4826 6912 4828 
7243 1233 1236 1234 
7244 4129 7976 4024 
7245 2148 7611 2147 
7246 1236 1241 1237 
7247 1241 1243 1242 
7248 2960 4916 2958 
7249 1653 7284 1651 
7250 2967 7659 798 
7251 3765 5770 5769 
7252 2165 2166 2163 
7253 782 2913 784 
7254 1042 1045 1044 
7255 2567 2569 2568 
7256 7576 8082 5021 
7257 3975 5312 4818 
7258 44 7820 572 
7259 6763 7614 5714 
7260 2579 2581 2580 
7261 67 7835 7834 
7262 2874 2877 2876 
7263 3719 3737 3721 
7264 1853 7742 1858 
7265 2304 2306 2305 
7266 2637 2942 2642 
7267 2556 7131 2559 
7268 2306 2774 2773 
7269 5718 5719 5717 
7270 7499 7501 7500 
7271 7832 7833 340 
7272 1645 7168 1640 
7273 561 7872 137 
7274 4481 4482 4479 
7275 3716 5680 2919 
7276 2559 2561 2560 
7277 3964 3966 3393 
7278 4334 5026 4376 
7279 3625 7866 3623 
7280 5874 7748 5873 
7281 6786 7121 4710 
7282 2867 2868 2516 
7283 2553 2555 2554 
7284 7557 7558 4963 
7285 1835 4313 1840 
7286 3798 4189 4188 
7287 3893 8076 3895 
7288 575 7832 341 
7289 5077 6910 5097 
7290 1706 7823 1678 
7291 4604 7638 4531 
7292 1343 1344 856 
7293 4839 4841 4840 
7294 4695 5383 5382 
7295 4470 8055 4754 
7296 7891 7893 7892 
7297 4930 4931 4929 
7298 2298 7954 1875 
7299 5214 7402 5820 
7300 2211 7616 2209 
7301 954 958 955 
7302 2565 2567 2566 
7303 4042 8000 3688 
7304 2302 4312 2304 
7305 6492 8791 4633 
7306 1679 7970 2262 
7307 3951 5842 5308 
7308 3859 5148 4381 
7309 5381 7382 5043 
7310 555 7859 369 
7311 3554 7861 7692 
7312 2010 2011 2009 
7313 1582 1590 1581 
7314 2800 8001 3395 
7315 5765 6814 6811 
7316 5825 8708 8505 
7317 7068 9121 5221 
7318 3478 3954 3477 
7319 9016 9073 2290 
7320 557 7843 270 
7321 2302 2304 2303 
7322 7493 7496 7495 
7323 958 960 959 
7324 3660 8011 3658 
7325 4910 6795 6794 
7326 7342 8095 2838 
7327 4467 4468 4304 
7328 7939 7940 7938 
7329 7370 7373 7372 
7330 4260 5544 5543 
7331 2577 2579 2578 
7332 823 829 825 
7333 2895 2896 2264 
7334 2718 7953 2673 
7335 7298 7299 7297 
7336 2546 2549 2547 
7337 5104 8113 5107 
7338 4569 4570 4567 
7339 6101 7104 4570 
7340 4931 7453 4929 
7341 2294 7666 1698 
7342 8630 8644 5144 
7343 70 7863 7862 
7344 1121 7111 7110 
7345 5565 6680 4529 
7346 6927 9224 9209 
7347 4057 5435 4652 
7348 1771 1773 1772 
7349 5177 8473 7272 
7350 1566 7721 1509 
7351 1740 7238 1743 
7352 2012 2013 2011 
7353 3778 3779 3777 
7354 2246 7697 2217 
7355 2587 2589 2588 
7356 1763 1765 1764 
7357 4834 4878 4877 
7358 2883 2884 2881 
7359 808 7689 804 
7360 2990 8265 5028 
7361 7572 7575 5021 
7362 3723 3726 3725 
7363 4835 6237 6236 
7364 4755 4756 3776 
7365 3841 7350 4216 
7366 4174 4297 4296 
7367 7003 8288 4990 
7368 1757 1759 1758 
7369 6717 6718 4696 
7370 2675 7718 2699 
7371 2585 2587 2586 
7372 3571 8043 3141 
7373 4802 4804 4803 
7374 2976 3872 3253 
7375 3447 3948 3446 
7376 4120 5241 4372 
7377 2323 8588 3873 
7378 4493 8981 5934 
7379 4646 4925 3682 
7380 1779 1781 1780 
7381 830 833 832 
7382 1134 1137 1136 
7383 135 7883 650 
7384 6548 6940 2985 
7385 4219 7442 3713 
7386 1160 1162 1161 
7387 6149 7628 6100 
7388 2870 8585 8510 
7389 4841 5546 4842 
7390 3966 7271 3393 
7391 4427 4428 3779 
7392 2860 7150 1940 
7393 2311 7475 4334 
7394 1751 1753 1752 
7395 3488 8084 3584 
7396 2676 7069 7068 
7397 1539 7653 1541 
7398 8035 8037 8036 
7399 2589 2591 2590 
7400 3277 8196 3380 
7401 1749 1751 1750 
7402 6927 6928 6926 
7403 7343 7346 7344 
7404 4268 4270 2921 
7405 1302 6971 1306 
7406 6381 8268 6932 
7407 3973 4365 3972 
7408 4978 5498 3676 
7409 1777 1779 1778 
7410 879 7189 2899 
7411 7370 7372 7371 
7412 834 845 844 
7413 3982 7005 5395 
7414 1769 1771 1770 
7415 2488 4342 2490 
7416 5842 7712 5843 
7417 5167 5169 5168 
7418 280 8033 654 
7419 1787 1789 1788 
7420 4160 7620 4048 
7421 5734 6719 4920 
7422 3478 3955 3954 
7423 3000 7993 7743 
7424 4746 5930 5293 
7425 2244 7616 2211 
7426 3980 3982 3981 
7427 4878 4880 4879 
7428 7809 7810 7807 
7429 4398 5989 4395 
7430 6824 6827 6826 
7431 1591 1605 1590 
7432 2397 2398 2396 
7433 2648 7731 5000 
7434 4668 5415 4989 
7435 5394 5765 5764 
7436 3737 4134 4133 
7437 5253 6934 6933 
7438 1395 4901 4899 
7439 3336 3439 3438 
7440 169 7853 7852 
7441 1785 1787 1786 
7442 1479 1503 1478 
7443 4985 8027 3691 
7444 5534 5653 5533 
7445 6381 6383 6382 
7446 2151 7613 7612 
7447 646 7901 74 
7448 1912 7167 1909 
7449 7981 7982 3600 
7450 2543 7727 2546 
7451 1747 1749 1748 
7452 3665 7975 3118 
7453 4470 4754 3537 
7454 4504 4751 4502 
7455 7646 7649 7645 
7456 7559 7992 5283 
7457 3430 7666 2294 
7458 5786 7885 7884 
7459 4500 4501 4498 
7460 181 7932 7931 
7461 2512 2516 2513 
7462 1745 1747 1746 
7463 2889 7655 2887 
7464 9490 9499 5959 
7465 2897 7122 2081 
7466 4403 7865 3153 
7467 2919 7605 2918 
7468 7884 7885 5836 
7469 4364 7624 5223 
7470 3728 7260 3725 
7471 5348 7425 4374 
7472 2536 2538 2537 
7473 4722 7180 4719 
7474 1140 1143 1142 
7475 1162 1164 1163 
7476 960 3836 961 
7477 2891 3414 2889 
7478 3838 3840 3839 
7479 3705 7695 3706 
7480 3000 7743 3003 
7481 5230 5866 4360 
7482 4750 8119 6786 
7483 7714 7715 7713 
7484 2524 2526 2525 
7485 3792 4215 4214 
7486 2932 7964 2350 
7487 8147 8148 607 
7488 1594 8051 1557 
7489 2953 3858 3513 
7490 1365 7270 1370 
7491 1789 1791 1790 
7492 2014 2015 2013 
7493 3792 8110 6918 
7494 2217 7697 2215 
7495 8146 8148 8147 
7496 6906 6907 5096 
7497 2155 9316 7613 
7498 2167 2269 2166 
7499 7902 7903 334 
7500 2530 2532 2531 
7501 641 7868 173 
7502 3537 5019 2785 
7503 4816 4917 3085 
7504 1795 7341 7329 
7505 4495 4999 4044 
7506 3536 3537 2785 
7507 214 8147 607 
7508 913 2910 915 
7509 2776 7401 2179 
7510 5124 7740 4601 
7511 2205 3838 2252 
7512 559 7902 335 
7513 2082 2083 2081 
7514 2713 3799 3352 
7515 1849 7583 2302 
7516 5674 6481 5781 
7517 6824 6826 6825 
7518 3706 5779 5778 
7519 1683 1739 1684 
7520 650 7916 134 
7521 2976 3253 3252 
7522 7647 7648 7646 
7523 1659 1660 1656 
7524 3088 7957 3090 
7525 4804 4806 4805 
7526 4889 4890 4040 
7527 652 8035 8034 
7528 5363 7656 3833 
7529 3253 3717 3606 
7530 6131 6854 6133 
7531 1480 8217 5032 
7532 1389 4886 4884 
7533 1243 3830 1244 
7534 2974 2976 2975 
7535 3559 7476 4848 
7536 2869 2871 2870 
7537 3432 7477 3430 
7538 3344 3346 3345 
7539 2445 2448 2447 
7540 2521 2524 2522 
7541 4850 4852 4851 
7542 2784 2785 2309 
7543 4423 4424 3508 
7544 3840 3843 3841 
7545 4406 6021 4405 
7546 7698 7837 2286 
7547 7706 7815 2692 
7548 5297 6531 6062 
7549 2219 2246 2217 
7550 1743 1745 1744 
7551 2499 2509 2501 
7552 2595 2597 2596 
7553 5142 6033 6032 
7554 1502 7645 1433 
7555 3350 8077 3348 
7556 2877 3792 3400 
7557 3621 3623 3622 
7558 4932 4933 4931 
7559 3445 8079 3443 
7560 848 851 850 
7561 2512 2867 2516 
7562 7644 8784 2895 
7563 5392 5394 5393 
7564 7946 7947 658 
7565 3940 7565 3190 
7566 3431 3432 3430 
7567 5002 5495 4890 
7568 2935 2936 2934 
7569 3863 4323 3864 
7570 2644 7731 2648 
7571 4339 4822 3501 
7572 2308 2309 2307 
7573 2494 3109 2496 
7574 1196 2911 1198 
7575 6018 7865 4403 
7576 4336 5339 4335 
7577 2933 2934 2932 
7578 2309 5021 2307 
7579 8815 8878 3015 
7580 2154 2155 2152 
7581 2000 2001 1998 
7582 351 701 350 
7583 353 592 352 
7584 348 597 347 
7585 55 591 54 
7586 57 700 56 
7587 60 596 59 
7588 2134 7544 4826 
7589 879 881 880 
7590 1325 7726 1336 
7591 3220 4990 3214 
7592 355 702 354 
7593 53 699 52 
7594 4242 5659 4240 
7595 154 593 153 
7596 156 704 155 
7597 159 601 158 
7598 256 629 255 
7599 248 602 247 
7600 253 594 252 
7601 259 595 258 
7602 250 705 249 
7603 1541 3267 1543 
7604 2597 2599 2598 
7605 5181 6931 6095 
7606 1678 7823 1589 
7607 4681 6708 6707 
7608 3527 3529 3528 
7609 1545 2272 1547 
7610 2699 7718 7717 
7611 3706 7695 5779 
7612 358 599 357 
7613 50 598 49 
7614 3788 8325 2790 
7615 3835 6051 4658 
7616 2878 7738 5428 
7617 2871 2873 2872 
7618 800 4824 806 
7619 254 7798 253 
7620 1088 8053 1090 
7621 7508 8099 2807 
7622 349 7769 348 
7623 2228 2958 2223 
7624 152 703 151 
7625 51 7773 50 
7626 1846 7583 1849 
7627 2098 2099 2097 
7628 5169 5171 5170 
7629 3982 3984 3983 
7630 5782 6859 5783 
7631 2170 2171 2169 
7632 4349 5142 4418 
7633 1890 1891 1889 
7634 2133 7192 2130 
7635 4456 5782 5493 
7636 869 7072 2865 
7637 5812 7639 3427 
7638 1164 1166 1165 
7639 651 7930 179 
7640 2458 3505 2459 
7641 1146 1150 1149 
7642 3554 7692 3646 
7643 1935 1936 1933 
7644 3927 8199 3931 
7645 1032 6997 1035 
7646 2573 7961 2574 
7647 2896 3478 3477 
7648 2816 2817 2815 
7649 149 600 148 
7650 162 628 161 
7651 3560 3561 2894 
7652 245 631 244 
7653 262 630 261 
7654 812 820 818 
7655 3433 3434 3432 
7656 1509 7721 1491 
7657 2104 2169 2103 
7658 2936 3446 2934 
7659 5947 9001 3877 
7660 346 7759 345 
7661 1606 1612 1605 
7662 345 635 344 
7663 63 627 62 
7664 6864 7073 4630 
7665 6378 6381 6380 
7666 9022 9051 3043 
7667 1896 2089 1895 
7668 361 634 360 
7669 47 633 46 
7670 4271 4272 4269 
7671 2469 8094 2472 
7672 7670 7671 4322 
7673 1892 1895 1891 
7674 6579 9914 1344 
7675 2767 5757 3764 
7676 147 706 146 
7677 1554 1587 1553 
7678 4880 4882 4881 
7679 373 7897 661 
7680 8083 8367 2226 
7681 4297 7004 5491 
7682 4676 4677 4270 
7683 1069 1071 1070 
7684 7583 7826 4312 
7685 1888 1889 1887 
7686 3646 4385 4384 
7687 8163 8200 8132 
7688 6120 6681 4894 
7689 1795 1797 1796 
7690 4341 5118 4420 
7691 790 1391 795 
7692 2873 2875 2874 
7693 6164 6166 6165 
7694 1702 2895 2264 
7695 536 7939 7938 
7696 5103 8113 5104 
7697 2172 2173 2171 
7698 8015 8016 3631 
7699 4966 6823 4968 
7700 3414 7655 2889 
7701 1436 6596 6595 
7702 3636 3684 3683 
7703 4287 4288 4087 
7704 8127 8133 8130 
7705 5654 6193 5653 
7706 251 7787 250 
7707 242 574 241 
7708 265 573 264 
7709 2158 2159 2156 
7710 4080 4081 4079 
7711 144 581 143 
7712 165 582 164 
7713 4074 4075 4073 
7714 5754 6569 4994 
7715 5906 8192 3304 
7716 5271 5273 4986 
7717 4711 5959 5325 
7718 2412 2413 2411 
7719 4323 4964 4324 
7720 6424 6425 5761 
7721 3656 3658 3657 
7722 881 883 882 
7723 1886 1887 1885 
7724 7719 7720 7647 
7725 2599 2601 2600 
7726 3507 8196 3277 
7727 1023 1024 1021 
7728 4760 4761 4759 
7729 364 571 363 
7730 44 572 43 
7731 150 7816 149 
7732 4366 4958 4365 
7733 342 575 341 
7734 66 576 65 
7735 2043 2045 2044 
7736 858 861 860 
7737 4342 4986 2490 
7738 5464 8046 5463 
7739 8046 8047 5463 
7740 8030 8031 5345 
7741 3102 3506 3173 
7742 7101 9395 9375 
7743 5107 5109 5108 
7744 3662 4020 4019 
7745 7985 8124 7982 
7746 7092 8989 8925 
7747 1797 1799 1798 
7748 61 7765 60 
7749 2497 8999 8997 
7750 2084 2086 2083 
7751 4966 4968 4967 
7752 1569 1673 1568 
7753 1249 1251 1250 
7754 4964 4966 4965 
7755 804 2967 798 
7756 7935 7936 7933 
7757 3327 7814 3035 
7758 359 7799 358 
7759 9006 9034 6965 
7760 737 8296 4588 
7761 6016 9701 7973 
7762 3831 5363 3833 
7763 4934 4935 4933 
7764 6859 6868 6860 
7765 1413 7674 1419 
7766 1251 1253 1252 
7767 2601 2603 2602 
7768 2501 7557 2503 
7769 3417 3418 3402 
7770 1897 2789 2788 
7771 1862 7441 1821 
7772 1939 1940 1937 
7773 1601 7644 1702 
7774 1567 1568 1566 
7775 4346 5103 4347 
7776 5799 7116 1071 
7777 4453 4743 4515 
7778 5546 5548 5547 
7779 1433 7645 1422 
7780 5842 5843 5308 
7781 4342 7739 5272 
7782 4702 6608 4701 
7783 1947 1948 1946 
7784 4367 5265 4970 
7785 1528 8032 1559 
7786 4303 4304 3288 
7787 4284 4285 2956 
7788 5317 5323 4619 
7789 5865 8868 8805 
7790 239 639 238 
7791 268 637 267 
7792 2867 2869 2868 
7793 6918 8110 7335 
7794 141 640 140 
7795 168 632 167 
7796 4734 5760 4716 
7797 3984 3986 3985 
7798 3521 4455 3522 
7799 5796 6523 5798 
7800 3017 8096 3019 
7801 340 7833 339 
7802 5017 7700 7699 
7803 1253 1255 1254 
7804 4918 4921 4917 
7805 3484 7218 3486 
7806 5824 7265 4540 
7807 5083 5084 5082 
7808 1419 1494 1429 
7809 3395 4352 4208 
7810 3231 3869 2768 
7811 2429 7015 2432 
7812 3739 7962 3474 
7813 2044 7193 2041 
7814 5274 5275 4281 
7815 4391 4392 3481 
7816 4349 7596 5835 
7817 367 642 366 
7818 41 644 40 
7819 2086 8518 2083 
7820 339 645 338 
7821 69 636 68 
7822 4316 7619 4681 
7823 2274 7622 2970 
7824 160 7777 159 
7825 5662 6893 2901 
7826 3745 7990 7433 
7827 5313 6753 4985 
7828 1799 1801 1800 
7829 4323 6937 4964 
7830 3500 7971 4426 
7831 4091 4093 4092 
7832 3915 7741 3752 
7833 602 7526 247 
7834 2087 2106 2086 
7835 2903 7261 2103 
7836 5765 6811 5764 
7837 2503 4963 2505 
7838 966 968 967 
7839 1811 7546 7545 
7840 1559 7644 1601 
7841 7337 7338 1361 
7842 4468 7734 5523 
7843 4631 5650 2928 
7844 2445 7184 2448 
7845 4892 4896 2793 
7846 2892 5794 5793 
7847 3250 8124 3248 
7848 2603 2605 2604 
7849 1702 2264 1703 
7850 2418 2419 2417 
7851 2747 3783 3781 
7852 1166 1168 1167 
7853 2896 3477 2973 
7854 3500 4426 4425 
7855 866 869 868 
7856 1150 7017 2859 
7857 4273 4697 4272 
7858 4134 5704 5581 
7859 3307 3309 3308 
7860 1029 1030 1028 
7861 3455 3977 3456 
7862 4967 7771 5437 
7863 2132 2134 2133 
7864 2648 5000 2651 
7865 236 558 235 
7866 271 557 270 
7867 138 561 137 
7868 171 562 170 
7869 968 970 969 
7870 2006 2007 2004 
7871 3218 8223 7685 
7872 598 7776 49 
7873 6556 6557 3053 
7874 5795 5797 5793 
7875 1801 1803 1802 
7876 5162 8884 8821 
7877 2178 2179 2177 
7878 4688 5376 4686 
7879 4699 5347 4374 
7880 3573 4322 3575 
7881 3296 8111 3535 
7882 822 7303 823 
7883 3090 7957 3135 
7884 7939 7942 7940 
7885 6129 6142 4610 
7886 2016 2017 2015 
7887 1849 2302 1856 
7888 1911 1913 1912 
7889 5016 7708 7707 
7890 5077 5078 5076 
7891 370 555 369 
7892 38 556 37 
7893 336 559 335 
7894 72 560 71 
7895 3767 5745 4266 
7896 4618 4619 4617 
7897 3849 3850 3848 
7898 1715 1716 1714 
7899 5423 6412 4822 
7900 3288 7383 2964 
7901 2892 5792 2884 
7902 5483 7919 5480 
7903 5171 5173 5172 
7904 4136 4138 4137 
7905 7284 7285 1651 
7906 2451 2454 2453 
7907 883 885 884 
7908 970 972 971 
7909 3701 3702 3418 
7910 1608 5156 1610 
7911 771 8292 3875 
7912 6868 6870 6869 
7913 3595 7920 3226 
7914 5394 5764 5393 
7915 1949 1950 1948 
7916 4806 4808 4807 
7917 4714 4715 4285 
7918 1200 1303 1202 
7919 7876 7879 7878 
7920 5214 5216 5215 
7921 5794 5796 5795 
7922 3298 8111 3296 
7923 3248 8124 3495 
7924 4959 4960 4958 
7925 5353 5403 4378 
7926 67 7834 66 
7927 2883 2885 2884 
7928 1393 1438 1376 
7929 3207 8109 3210 
7930 4683 4684 4587 
7931 7984 7985 7982 
7932 2570 7959 2573 
7933 7717 7991 5812 
7934 3653 4357 3571 
7935 1272 8121 2315 
7936 4026 8987 4453 
7937 635 7763 344 
7938 4140 7974 4138 
7939 5265 5267 4970 
7940 2311 4334 2806 
7941 2764 8072 8071 
7942 4972 4985 3691 
7943 917 1022 919 
7944 3310 7912 3455 
7945 166 7828 165 
7946 4045 7083 3418 
7947 4886 4888 4887 
7948 4888 6643 6469 
7949 5336 5337 5335 
7950 1867 7742 3863 
7951 5741 6722 4992 
7952 6302 6306 6304 
7953 4433 8070 8069 
7954 1717 1718 1716 
7955 6385 7701 6387 
7956 2180 2181 2179 
7957 1698 4351 1598 
7958 9213 9218 7456 
7959 5837 8047 8046 
7960 2266 3241 2265 
7961 233 638 232 
7962 274 653 273 
7963 1026 7577 1029 
7964 135 650 134 
7965 174 641 173 
7966 972 974 973 
7967 2874 8110 2877 
7968 1870 8261 7622 
7969 1707 2265 1706 
7970 2556 2559 2558 
7971 5757 6837 5758 
7972 2227 9183 7564 
7973 334 7903 333 
7974 4071 4089 3850 
7975 8743 8867 3885 
7976 3559 4848 2835 
7977 5494 6959 4089 
7978 4972 5313 4985 
7979 368 7857 367 
7980 1402 2310 1411 
7981 4541 5126 4540 
7982 8020 8023 8022 
7983 4424 7430 3508 
7984 5652 7476 3559 
7985 3395 8001 4352 
7986 3986 3988 3987 
7987 1046 1049 1048 
7988 373 661 372 
7989 35 643 34 
7990 333 660 332 
7991 75 646 74 
7992 2485 7739 2488 
7993 2508 2512 2511 
7994 2562 2565 2564 
7995 5015 8030 4027 
7996 3019 8096 7711 
7997 4178 4316 4315 
7998 2262 7970 7710 
7999 7984 7986 7985 
8000 6003 6764 3055 
8001 70 7862 69 
8002 4936 4937 4935 
8003 4367 4970 3471 
8004 1471 1502 1433 
8005 2533 7233 2536 
8006 1978 1980 1979 
8007 3224 3463 3223 
8008 4118 9172 3936 
8009 3852 3853 3851 
8010 2660 2974 2669 
8011 6056 7975 3665 
8012 2262 7710 2783 
8013 536 7937 323 
8014 7492 7497 3531 
8015 1858 7742 1867 
8016 533 8101 8100 
8017 8019 8111 8016 
8018 6055 6056 3665 
8019 3704 8247 4910 
8020 3695 4747 3697 
8021 1803 1805 1804 
8022 3726 3729 3728 
8023 2454 7745 2455 
8024 2461 2464 2463 
8025 1143 7006 2855 
8026 2358 7736 7484 
8027 337 7899 336 
8028 2605 2607 2606 
8029 3504 4433 4432 
8030 7679 7702 1467 
8031 269 7842 268 
8032 329 7921 328 
8033 1855 4992 1831 
8034 1157 1160 1159 
8035 2955 2957 2949 
8036 1168 1170 1169 
8037 2354 2932 2350 
8038 4341 7603 5831 
8039 6387 6454 6452 
8040 5345 5392 4037 
8041 2503 7557 4963 
8042 8245 8463 1584 
8043 3859 4381 4380 
8044 2245 2307 2238 
8045 6841 8112 5393 
8046 3504 6945 4433 
8047 1502 7719 7647 
8048 3853 8112 5016 
8049 1469 1478 1431 
8050 3605 8008 4245 
8051 4027 4037 3853 
8052 7427 7428 5148 
8053 3799 3801 3800 
8054 2468 8094 2469 
8055 3427 4870 4409 
8056 1050 1053 1052 
8057 230 541 229 
8058 277 542 276 
8059 126 537 125 
8060 129 649 128 
8061 132 545 131 
8062 177 546 176 
8063 180 651 179 
8064 183 538 182 
8065 181 7931 180 
8066 9335 9352 5930 
8067 3038 8078 3476 
8068 2760 3223 2759 
8069 4320 6035 5992 
8070 5891 8202 3284 
8071 1054 1057 1056 
8072 3895 8076 3898 
8073 4783 4785 4784 
8074 3075 7670 3573 
8075 7728 7744 2454 
8076 8018 8020 8019 
8077 4381 5283 5282 
8078 3135 7957 5025 
8079 5393 8112 4037 
8080 3729 4163 4162 
8081 1371 7270 1365 
8082 537 7925 125 
8083 6017 6018 4403 
8084 4489 5167 5166 
8085 4474 7996 5535 
8086 3850 5017 3848 
8087 2570 2573 2572 
8088 324 536 323 
8089 327 659 326 
8090 330 543 329 
8091 376 540 375 
8092 78 544 77 
8093 81 657 80 
8094 84 535 83 
8095 32 539 31 
8096 885 887 886 
8097 3611 4972 3691 
8098 5883 6792 6791 
8099 2533 2536 2535 
8100 5117 7632 5115 
8101 4601 7740 5707 
8102 1613 1614 1612 
8103 2426 2427 2425 
8104 5044 5045 5043 
8105 6149 7629 7628 
8106 2783 5031 3945 
8107 2574 2577 2576 
8108 2970 3504 3503 
8109 4961 4973 4960 
8110 4329 5024 4330 
8111 4412 6016 4411 
8112 851 7014 2857 
8113 2539 2542 2541 
8114 1548 8779 1523 
8115 814 1437 808 
8116 1422 3857 1410 
8117 371 7886 370 
8118 2799 8125 2797 
8119 1312 1313 1311 
8120 5392 5393 4037 
8121 1982 1984 1983 
8122 5748 5749 5337 
8123 2272 7077 5413 
8124 7055 7730 7053 
8125 5265 7753 5267 
8126 1766 1769 1768 
8127 5046 5047 5045 
8128 3484 3486 3485 
8129 1754 1757 1756 
8130 7646 8239 7649 
8131 3917 8335 3896 
8132 2182 2183 2181 
8133 2455 2458 2457 
8134 2107 2108 2106 
8135 3435 3436 3434 
8136 3710 3711 3702 
8137 7591 7594 7593 
8138 3411 4395 3281 
8139 1255 1257 1256 
8140 1306 1307 1305 
8141 3596 6917 3595 
8142 6854 6855 6133 
8143 2582 2585 2584 
8144 2550 2553 2552 
8145 2779 5812 3427 
8146 1975 9429 1971 
8147 3770 6587 4660 
8148 225 8282 224 
8149 3429 3430 2294 
8150 3853 5016 3851 
8151 1774 1777 1776 
8152 765 8395 7602 
8153 2779 3427 3426 
8154 3845 3846 3030 
8155 1782 1785 1784 
8156 3847 4299 3846 
8157 73 7900 72 
8158 2543 2546 2545 
8159 1557 8051 1497 
8160 4546 4547 4431 
8161 1325 1326 1324 
8162 1763 7176 2900 
8163 1766 7997 1769 
8164 2652 8281 7637 
8165 1035 1036 1034 
8166 7712 7713 5843 
8167 1760 1763 1762 
8168 2465 2468 2467 
8169 2549 7642 2550 
8170 2138 2140 2139 
8171 7276 7657 7277 
8172 4762 4763 4761 
8173 2184 2185 2183 
8174 1656 7266 1655 
8175 3035 7814 3025 
8176 169 7852 168 
8177 4161 4411 4160 
8178 8018 8019 8016 
8179 3601 7981 3600 
8180 5700 7638 4604 
8181 1488 3218 1501 
8182 3988 3990 3989 
8183 2080 2081 2078 
8184 2656 4971 2633 
8185 4235 4236 3401 
8186 377 7949 7948 
8187 6791 8155 5881 
8188 1867 3863 1869 
8189 4605 4707 4604 
8190 4986 8197 2490 
8191 5739 6797 5738 
8192 6102 7035 4792 
8193 1137 7001 2854 
8194 7051 7606 3791 
8195 1058 1061 1060 
8196 1951 1952 1950 
8197 2455 7745 2458 
8198 3783 4279 3784 
8199 1104 1105 1103 
8200 5281 6801 5280 
8201 2902 6953 6588 
8202 2015 8325 2013 
8203 5292 5640 5639 
8204 4882 5426 4909 
8205 1805 1807 1806 
8206 876 879 878 
8207 1170 1172 1171 
8208 6820 6821 5749 
8209 5883 6791 5881 
8210 5681 7605 2919 
8211 3717 7378 3606 
8212 5173 5505 5174 
8213 3593 3594 3436 
8214 1526 3458 1528 
8215 660 7906 332 
8216 1322 1324 1321 
8217 1427 1440 1396 
8218 5048 5049 5047 
8219 5476 7884 5474 
8220 4254 7673 6565 
8221 4710 7384 3955 
8222 4938 4939 4937 
8223 5342 6813 5340 
8224 1318 1319 1317 
8225 1157 8026 1160 
8226 2592 2595 2594 
8227 5892 9233 9186 
8228 3828 8309 3805 
8229 2582 8005 2585 
8230 2186 2187 2185 
8231 4409 7755 4657 
8232 4163 4579 4578 
8233 5833 7623 5832 
8234 1917 1919 1918 
8235 7986 7989 7988 
8236 3855 4325 3856 
8237 887 889 888 
8238 3990 3992 3991 
8239 1257 1259 1258 
8240 4515 7722 5334 
8241 2053 7399 2051 
8242 2219 7029 2246 
8243 7675 7676 1494 
8244 1615 1616 1614 
8245 172 7867 171 
8246 4400 5447 5443 
8247 974 976 975 
8248 7434 8197 4986 
8249 3293 3848 2288 
8250 5742 7453 4931 
8251 1108 1109 1107 
8252 3797 6645 4811 
8253 2770 3251 2270 
8254 1601 1702 1700 
8255 2688 6863 2938 
8256 127 7928 126 
8257 3807 8309 3826 
8258 1366 4825 1382 
8259 5819 7380 3962 
8260 1719 1720 1718 
8261 5548 5593 5549 
8262 4819 5384 4590 
8263 4214 5425 3400 
8264 1736 8328 1734 
8265 1628 8291 1626 
8266 3251 8904 7424 
8267 5785 5826 5231 
8268 82 7951 81 
8269 2874 2876 2872 
8270 4279 5735 4280 
8271 7335 8110 2875 
8272 1740 1743 1742 
8273 5735 6780 6458 
8274 3758 3759 3756 
8275 3041 3855 3854 
8276 2469 2472 2471 
8277 7060 8238 7057 
8278 7824 7977 1673 
8279 4974 4975 4973 
8280 79 7950 78 
8281 4133 7958 3721 
8282 1075 1077 1076 
8283 8627 8812 1119 
8284 2875 8110 2874 
8285 2959 2961 2960 
8286 6426 6427 4606 
8287 2105 5685 5404 
8288 4313 5738 1840 
8289 2527 2530 2529 
8290 2096 2097 2094 
8291 1792 1795 1794 
8292 8271 8272 4354 
8293 1945 1946 1943 
8294 2812 3502 2810 
8295 4808 5557 4809 
8296 175 7914 174 
8297 3904 4349 3907 
8298 2505 7462 2508 
8299 5523 7749 4912 
8300 4657 7755 6629 
8301 5104 5107 5106 
8302 7067 8989 2823 
8303 3184 8644 8630 
8304 1565 1566 1509 
8305 5707 7740 7201 
8306 1062 1065 1064 
8307 5879 8155 6805 
8308 3550 4359 3373 
8309 1782 8029 1785 
8310 1113 1114 1112 
8311 2518 7594 2521 
8312 3644 5954 5022 
8313 7967 7968 7966 
8314 1537 7663 1539 
8315 2611 2613 2612 
8316 2102 2103 2100 
8317 1041 1042 1040 
8318 8048 8815 8761 
8319 3801 4113 4112 
8320 2702 7717 2779 
8321 5206 5889 5208 
8322 4357 8043 3571 
8323 1551 1553 1499 
8324 4787 4789 4788 
8325 4206 5737 5644 
8326 3310 3455 3331 
8327 4718 4719 4717 
8328 2092 2093 2090 
8329 7330 7620 4160 
8330 3434 7482 4301 
8331 2188 2189 2187 
8332 5050 5051 5049 
8333 5268 8219 3946 
8334 2699 7717 2702 
8335 2998 7993 3000 
8336 2942 2943 2642 
8337 2944 2945 2943 
8338 5283 5907 5284 
8339 5638 6943 4039 
8340 4033 4035 4034 
8341 3404 4341 4115 
8342 5248 5249 5001 
8343 4342 5272 5271 
8344 8086 8087 5248 
8345 1706 7918 7823 
8346 1499 7641 1483 
8347 3472 4367 3471 
8348 5316 6948 6947 
8349 3245 3851 2695 
8350 7121 7384 4710 
8351 5505 5507 5506 
8352 2892 8222 5794 
8353 1259 1261 1260 
8354 1603 1683 1682 
8355 7462 8191 2867 
8356 976 978 977 
8357 1617 1618 1616 
8358 2877 2878 2876 
8359 4903 7642 2549 
8360 4743 7722 4515 
8361 2613 2615 2614 
8362 3712 3713 3711 
8363 1644 1646 1645 
8364 7370 7371 7369 
8365 4327 5231 4325 
8366 2513 7754 2515 
8367 2049 2051 2050 
8368 4989 8194 7737 
8369 1226 7348 7343 
8370 2432 2433 2431 
8371 1172 1174 1173 
8372 2193 8209 2190 
8373 5052 5053 5051 
8374 178 7929 177 
8375 2918 2920 2916 
8376 3135 5025 3137 
8377 4914 5522 5497 
8378 3697 3699 3698 
8379 4441 6066 5417 
8380 5879 6805 5877 
8381 5373 7983 7981 
8382 3259 3859 3589 
8383 2147 7611 7610 
8384 6493 6494 6492 
8385 1066 1069 1068 
8386 2228 2959 2958 
8387 8020 8022 8019 
8388 3259 7427 3859 
8389 8072 8075 8074 
8390 3186 8619 8577 
8391 3992 3994 3993 
8392 3385 3386 2957 
8393 2964 7383 2966 
8394 778 7602 7599 
8395 377 7948 376 
8396 4815 8002 4816 
8397 2022 2023 2021 
8398 5000 5001 2651 
8399 2946 2947 2945 
8400 2190 8209 2189 
8401 3775 7980 3778 
8402 120 8063 579 
8403 8035 8036 8034 
8404 3898 4346 4185 
8405 5903 7464 7463 
8406 2176 2177 2174 
8407 4940 4941 4939 
8408 4468 5523 4912 
8409 2069 7275 2058 
8410 4963 7462 2505 
8411 7322 7323 7321 
8412 3037 8078 3038 
8413 3810 3812 3811 
8414 2274 2970 2777 
8415 7066 9326 9292 
8416 5211 5214 5213 
8417 3486 7218 3976 
8418 889 891 890 
8419 2996 8343 5014 
8420 2345 8102 3951 
8421 1117 1118 1116 
8422 3031 7757 3037 
8423 2093 8041 2090 
8424 2542 7727 2543 
8425 4034 8012 4451 
8426 3611 3691 3612 
8427 1689 7284 1653 
8428 7925 7926 124 
8429 2961 2963 2962 
8430 1832 8333 1835 
8431 6496 6497 6494 
8432 5628 6461 5629 
8433 1884 1885 1676 
8434 3486 3488 3487 
8435 1998 7604 1997 
8436 1336 1337 1326 
8437 1559 8032 7644 
8438 3632 8015 3631 
8439 8037 8038 8036 
8440 1743 7238 3424 
8441 1415 1514 1456 
8442 3028 3030 3029 
8443 3868 4210 4209 
8444 2488 7739 4342 
8445 3573 7670 4322 
8446 8072 8074 8073 
8447 1811 1813 1812 
8448 3858 4056 3513 
8449 3177 3521 3271 
8450 1609 2924 1607 
8451 2789 3313 3312 
8452 3874 8295 792 
8453 4924 5280 4300 
8454 3028 3845 3030 
8455 5054 5055 5053 
8456 4764 4765 4763 
8457 1953 1954 1952 
8458 4301 7477 3432 
8459 5241 5258 4372 
8460 1365 1370 1337 
8461 4910 8247 7187 
8462 5426 5566 5427 
8463 2518 2521 2520 
8464 1131 6991 2846 
8465 3794 8324 3798 
8466 3714 3715 3713 
8467 8127 8129 8128 
8468 2702 2779 2778 
8469 978 980 979 
8470 1841 8225 1837 
8471 3845 3847 3846 
8472 321 7946 658 
8473 3210 5369 3399 
8474 5407 5903 5902 
8475 1650 1652 1651 
8476 2055 2057 2056 
8477 2629 8201 2631 
8478 1705 1706 1678 
8479 4996 5915 5914 
8480 1609 7474 2924 
8481 1127 1128 1126 
8482 2914 7303 822 
8483 766 8326 764 
8484 1121 1122 1120 
8485 5756 8325 3788 
8486 3940 7569 7567 
8487 5907 7455 5908 
8488 3746 4623 3748 
8489 2304 2305 2303 
8490 7938 7941 7937 
8491 4451 8012 5952 
8492 6013 8107 8106 
8493 1611 7474 1609 
8494 4997 7966 7965 
8495 3006 3041 3008 
8496 1713 1714 1696 
8497 2559 7131 2905 
8498 5535 8017 8015 
8499 3488 3584 3583 
8500 5593 5595 5594 
8501 2538 7510 2539 
8502 1885 8245 1676 
8503 4942 4943 4941 
8504 4467 7734 4468 
8505 4991 5960 4628 
8506 3584 4282 4274 
8507 4282 5160 4708 
8508 5434 5832 4053 
8509 4720 4721 4719 
8510 2595 7588 7587 
8511 1327 8394 8390 
8512 3454 7954 2298 
8513 2306 2773 2305 
8514 1813 1815 1814 
8515 2146 2148 2147 
8516 4221 4222 4220 
8517 4457 5452 5450 
8518 8127 8130 8129 
8519 3325 3327 3035 
8520 2841 5788 4908 
8521 4724 4725 4723 
8522 3220 4996 4990 
8523 4555 4556 4549 
8524 3453 7953 2718 
8525 857 7311 858 
8526 2774 3517 2773 
8527 4636 5295 4236 
8528 2332 8271 4354 
8529 2715 3307 3306 
8530 2764 8071 2791 
8531 2024 2025 2023 
8532 1986 1988 1987 
8533 4411 7973 7330 
8534 3847 4300 4299 
8535 5507 5509 5508 
8536 4539 4540 4460 
8537 2615 2617 2616 
8538 2963 3288 2964 
8539 3025 3865 3001 
8540 2784 3536 2785 
8541 1988 9504 1987 
8542 4254 6565 5678 
8543 1655 7266 3755 
8544 6883 6885 5770 
8545 3994 3996 3995 
8546 4559 7716 4558 
8547 1652 1654 1653 
8548 5566 5568 5567 
8549 3371 4329 4070 
8550 4657 6629 6053 
8551 4793 4796 4795 
8552 3081 3751 3222 
8553 2219 8007 7029 
8554 2057 2059 2058 
8555 5434 5833 5832 
8556 1174 1176 1175 
8557 4500 4502 4501 
8558 5056 5057 5055 
8559 1503 7735 5490 
8560 6824 6825 4968 
8561 656 8040 28 
8562 4373 4374 3448 
8563 8071 8073 5252 
8564 2302 2303 1856 
8565 3423 3490 3489 
8566 7692 8810 7693 
8567 56 7514 55 
8568 54 7516 53 
8569 2935 3494 2936 
8570 2732 2759 2268 
8571 3536 4470 3537 
8572 6874 6875 6832 
8573 258 7788 257 
8574 249 7523 248 
8575 1081 1083 1082 
8576 7375 7376 7372 
8577 153 7527 152 
8578 3705 3706 3386 
8579 4333 8210 1570 
8580 1721 1722 1720 
8581 3030 7757 3031 
8582 4030 7981 3601 
8583 3956 4710 3955 
8584 2617 2619 2618 
8585 2308 2784 2309 
8586 6500 6501 6499 
8587 1568 7979 1566 
8588 5405 5407 5406 
8589 5042 5043 4698 
8590 3369 3595 3226 
8591 2459 7737 2461 
8592 5595 5597 5596 
8593 2904 6949 6525 
8594 2354 2933 2932 
8595 3031 3037 3033 
8596 5285 7554 4382 
8597 4191 7454 3809 
8598 2245 2308 2307 
8599 2238 8082 2235 
8600 5467 8046 5464 
8601 3863 3864 1869 
8602 1619 1620 1618 
8603 4627 4628 4626 
8604 2933 2935 2934 
8605 4504 5994 4751 
8606 148 7531 147 
8607 3855 3856 3854 
8608 3014 3020 3017 
8609 124 7926 123 
8610 62 7766 61 
8611 2254 3861 1879 
8612 1502 7647 7646 
8613 2608 2611 2610 
8614 891 893 892 
8615 1212 1226 1214 
8616 3695 3697 3696 
8617 5789 6790 6789 
8618 2913 7379 784 
8619 1125 7109 2844 
8620 4323 4324 3864 
8621 5492 5784 4058 
8622 2194 2195 2193 
8623 3757 4748 3762 
8624 1261 1263 1262 
8625 3948 4869 4868 
8626 4791 4793 4792 
8627 4325 4326 3856 
8628 4746 5293 3954 
8629 2955 8042 3385 
8630 8106 8107 5322 
8631 3898 8076 4346 
8632 5794 8222 5802 
8633 4046 6844 6634 
8634 7478 7479 7477 
8635 1815 1817 1816 
8636 4159 4160 4048 
8637 4137 7976 4129 
8638 2929 3734 2927 
8639 7986 7988 7985 
8640 255 7796 254 
8641 1125 1126 1124 
8642 6625 6626 4670 
8643 59 7770 58 
8644 4603 4604 4531 
8645 3700 4033 4032 
8646 4944 4945 4943 
8647 4303 4467 4304 
8648 929 943 931 
8649 3535 8255 3294 
8650 3038 3476 3040 
8651 4581 4601 4600 
8652 3802 8582 1077 
8653 820 7134 2824 
8654 4334 7475 5825 
8655 4391 5309 4392 
8656 5177 7271 3966 
8657 5873 7448 5693 
8658 1723 1724 1722 
8659 1083 1085 1084 
8660 3041 3854 3008 
8661 3692 8027 3695 
8662 2740 3471 2256 
8663 6233 8268 6378 
8664 1072 1075 1074 
8665 5882 5883 5881 
8666 7257 7259 7258 
8667 5160 6721 6720 
8668 822 823 821 
8669 2868 4309 2516 
8670 4113 4563 4562 
8671 5531 8055 4470 
8672 652 8034 226 
8673 4766 4767 4765 
8674 4057 4652 4056 
8675 2438 2439 2437 
8676 5058 5059 5057 
8677 2561 7433 2562 
8678 8178 8180 8179 
8679 7056 7058 7057 
8680 4924 5281 5280 
8681 4997 7967 7966 
8682 5253 6933 3949 
8683 2315 8121 3266 
8684 2619 2621 2620 
8685 7495 9486 2655 
8686 1561 7684 1603 
8687 3812 3814 3813 
8688 52 7772 51 
8689 1133 1134 1132 
8690 3849 4071 3850 
8691 140 7845 139 
8692 4183 8045 5158 
8693 2910 7520 915 
8694 68 7835 67 
8695 2203 8243 2201 
8696 3082 3083 3080 
8697 4964 4965 4324 
8698 2976 3252 2975 
8699 1997 7604 5791 
8700 8439 8451 3587 
8701 2196 2197 2195 
8702 3293 3849 3848 
8703 1923 1925 1924 
8704 1206 1573 1208 
8705 2974 2975 2669 
8706 5267 7133 7132 
8707 1085 1088 1087 
8708 350 7768 349 
8709 923 1572 925 
8710 1441 1452 1440 
8711 2907 4955 4904 
8712 215 8147 214 
8713 3539 3739 3474 
8714 4796 6077 6076 
8715 963 966 965 
8716 3253 3606 3252 
8717 5372 5373 4030 
8718 1808 1811 1810 
8719 7185 7186 1918 
8720 71 7863 70 
8721 6138 6979 5287 
8722 980 982 981 
8723 1927 1929 1928 
8724 137 7872 136 
8725 2792 3263 1898 
8726 160 7781 7777 
8727 3996 3998 3997 
8728 170 7853 169 
8729 4092 8000 4042 
8730 4651 7607 3749 
8731 4423 5405 4424 
8732 362 7808 361 
8733 2177 8081 2174 
8734 1263 1265 1264 
8735 2634 8009 2637 
8736 3421 3423 3422 
8737 4997 8196 7967 
8738 4300 8014 4299 
8739 1710 8426 2715 
8740 5060 5061 5059 
8741 3042 8045 3377 
8742 2358 2360 2359 
8743 359 7802 7799 
8744 166 7831 7828 
8745 4601 5707 5625 
8746 5880 5881 5879 
8747 1654 1656 1655 
8748 5033 8656 2680 
8749 1176 1178 1177 
8750 1777 8373 1779 
8751 369 7859 368 
8752 4869 6853 5766 
8753 227 652 226 
8754 280 654 279 
8755 3340 3611 3610 
8756 1955 1956 1954 
8757 4353 8533 3064 
8758 4726 4727 4725 
8759 3377 8045 4183 
8760 5700 8906 7638 
8761 347 7758 346 
8762 6381 6382 6380 
8763 2442 2443 2441 
8764 8821 8893 5162 
8765 4966 4967 4965 
8766 379 662 378 
8767 29 656 28 
8768 3003 7743 3006 
8769 3749 5750 3747 
8770 784 7379 790 
8771 4223 4224 4222 
8772 5822 9392 7592 
8773 46 7817 45 
8774 2059 2061 2060 
8775 8693 8772 6961 
8776 3618 4997 4437 
8777 270 7843 269 
8778 893 895 894 
8779 4019 8011 3660 
8780 3852 4027 3853 
8781 4451 5952 5331 
8782 4071 5494 4089 
8783 2300 2850 2757 
8784 1570 8210 1685 
8785 45 7820 44 
8786 3309 7912 3310 
8787 1990 1992 1991 
8788 136 7883 135 
8789 4668 4989 3505 
8790 7802 7803 7801 
8791 7792 7795 7794 
8792 4917 8402 3085 
8793 2026 2027 2025 
8794 2113 2114 2112 
8795 6391 7328 6253 
8796 3237 3868 3413 
8797 7854 7855 4757 
8798 3245 3852 3851 
8799 7315 7317 2050 
8800 5280 8014 4300 
8801 4946 4947 4945 
8802 4675 5037 5036 
8803 7781 7782 7779 
8804 2791 8071 3546 
8805 5373 7981 4030 
8806 4474 5535 4064 
8807 182 7932 181 
8808 2665 8290 7718 
8809 2124 8493 2122 
8810 1817 1819 1818 
8811 706 7534 146 
8812 5435 8116 4652 
8813 6900 7530 5807 
8814 4594 6085 6084 
8815 4064 8015 3632 
8816 1265 1267 1266 
8817 2004 7293 2003 
8818 2925 7510 2538 
8819 4433 8069 4432 
8820 341 7832 340 
8821 7839 7841 1983 
8822 3964 3967 3966 
8823 7576 8083 8082 
8824 4217 4844 4843 
8825 1322 7078 3459 
8826 3750 7311 857 
8827 2512 2513 2511 
8828 281 8033 280 
8829 3495 8260 3246 
8830 382 8065 533 
8831 283 8066 534 
8832 531 8067 223 
8833 1246 1249 1248 
8834 3483 4336 4335 
8835 1471 7719 1502 
8836 2362 2408 2363 
8837 74 7901 73 
8838 4027 5345 4037 
8839 5500 7996 4474 
8840 2448 2449 2447 
8841 3504 4432 3503 
8842 5062 5063 5061 
8843 982 984 983 
8844 3490 3608 3607 
8845 2974 7636 2976 
8846 4299 5251 3846 
8847 8997 8999 5826 
8848 1753 7359 1754 
8849 5487 7264 5786 
8850 3749 7607 5750 
8851 8018 8021 8020 
8852 4367 7962 5266 
8853 1131 1132 1130 
8854 8126 8133 8127 
8855 1098 8307 1095 
8856 8072 8210 8075 
8857 4053 8051 1594 
8858 1725 1726 1724 
8859 2360 2362 2361 
8860 5568 5570 5569 
8861 2577 8399 2579 
8862 1621 1622 1620 
8863 6867 9061 4743 
8864 2198 2199 2197 
8865 3546 8071 5252 
8866 2448 7184 3079 
8867 1503 5490 5489 
8868 4750 6786 4710 
8869 2896 2973 2264 
8870 5535 8015 4064 
8871 6502 6503 6501 
8872 7670 8003 7671 
8873 4830 8421 4835 
8874 3855 4327 4325 
8875 7533 7535 7534 
8876 1819 1821 1820 
8877 326 8252 325 
8878 3967 3969 3968 
8879 3733 4757 3731 
8880 5785 6866 5826 
8881 3916 7673 4254 
8882 173 7868 172 
8883 5877 7748 5874 
8884 371 7889 7886 
8885 2970 3503 2777 
8886 1458 8195 1526 
8887 5878 5879 5877 
8888 7984 7987 7986 
8889 3751 3753 3752 
8890 2526 2527 2525 
8891 2020 2021 2018 
8892 4496 7260 3728 
8893 3733 7854 4757 
8894 1267 1269 1268 
8895 984 986 985 
8896 1536 1537 1485 
8897 3735 3789 3734 
8898 7421 7423 7422 
8899 1090 8053 1110 
8900 2200 2201 2199 
8901 3826 8309 5374 
8902 7607 7608 5750 
8903 3214 8288 2321 
8904 5249 9123 7366 
8905 2939 4969 2937 
8906 8048 8049 8047 
8907 6491 6492 4633 
8908 134 7916 133 
8909 1465 1485 1452 
8910 7276 7277 7275 
8911 3745 7433 2561 
8912 4646 4926 4925 
8913 6011 6013 4396 
8914 2192 2193 2190 
8915 648 8062 122 
8916 2488 2490 2489 
8917 6086 6192 6191 
8918 3427 4409 3426 
8919 2524 2525 2522 
8920 2621 2623 2622 
8921 5913 7168 1645 
8922 3546 5252 4368 
8923 776 8317 780 
8924 2777 8244 2275 
8925 2115 2116 2114 
8926 3692 3695 3694 
8927 1957 1958 1956 
8928 3998 4000 3999 
8929 4919 6631 4922 
8930 335 7902 334 
8931 2240 8227 2247 
8932 5597 5599 5598 
8933 533 8100 381 
8934 3456 7827 3493 
8935 5447 6613 5443 
8936 4728 4729 4727 
8937 7569 7570 7567 
8938 8047 8050 5463 
8939 820 821 818 
8940 5509 5511 5510 
8941 8129 8131 8128 
8942 847 848 846 
8943 5850 8867 8743 
8944 4768 4769 4767 
8945 5832 8467 8051 
8946 4327 5785 5231 
8947 5561 5563 5562 
8948 3101 7327 3102 
8949 3682 9126 3408 
8950 2779 3426 2778 
8951 2202 2203 2201 
8952 3814 3816 3815 
8953 2662 8283 2672 
8954 1178 1180 1179 
8955 3608 4479 4478 
8956 3753 3916 3915 
8957 628 7785 7783 
8958 6912 8421 4828 
8959 2917 3716 2919 
8960 5414 7327 3101 
8961 1139 1140 1138 
8962 179 7930 178 
8963 7591 7593 7592 
8964 4029 7854 3733 
8965 4318 7619 4316 
8966 7889 7890 7888 
8967 1312 6993 4815 
8968 3081 7924 3751 
8969 6734 9379 9225 
8970 3022 3028 3027 
8971 2532 2533 2531 
8972 6215 8206 8122 
8973 2404 8453 2407 
8974 4225 4226 4224 
8975 2370 2372 2371 
8976 7968 7969 7966 
8977 5064 5065 5063 
8978 6504 6505 6503 
8979 3577 8080 3096 
8980 895 897 896 
8981 2300 7977 2850 
8982 5779 6034 5778 
8983 4825 7923 1382 
8984 6918 6983 4215 
8985 2372 2374 2373 
8986 829 830 825 
8987 4948 4949 4947 
8988 3470 8604 5254 
8989 4183 5158 4597 
8990 4706 6816 6815 
8991 3832 8064 5780 
8992 5824 8883 7265 
8993 986 988 987 
8994 2323 3873 2325 
8995 6405 6895 5784 
8996 1088 1090 1089 
8997 1514 1516 1515 
8998 3477 3844 2973 
8999 1702 1703 1700 
9000 4711 5325 3977 
9001 2454 2455 2453 
9002 3481 8330 3221 
9003 2473 2476 2475 
9004 3978 5336 5335 
9005 123 648 122 
9006 186 647 185 
9007 3210 8109 5369 
9008 3760 3761 3759 
9009 8143 8144 717 
9010 4000 4002 4001 
9011 5487 5786 5479 
9012 306 8184 696 
9013 7272 7273 7271 
9014 374 7897 373 
9015 87 655 86 
9016 321 658 320 
9017 2028 2029 2027 
9018 4905 7359 1753 
9019 2765 3188 2766 
9020 4844 5004 5003 
9021 4926 4928 4927 
9022 3969 3971 3970 
9023 8175 8177 8176 
9024 7849 7851 7850 
9025 7007 8829 2068 
9026 3266 8008 3605 
9027 5276 5774 5773 
9028 1996 1998 1997 
9029 4893 4957 4895 
9030 2477 2480 2479 
9031 5747 8119 4750 
9032 8697 8810 7861 
9033 2061 2064 2063 
9034 8080 8387 8347 
9035 2880 2881 2875 
9036 116 8200 8163 
9037 5017 7699 7698 
9038 3264 3509 3263 
9039 2719 2720 2718 
9040 1994 1996 1995 
9041 3771 5772 3769 
9042 1078 1081 1080 
9043 4227 4228 4226 
9044 1461 8229 1481 
9045 9162 9210 6123 
9046 5694 5873 5693 
9047 3022 7711 3028 
9048 4437 7965 5366 
9049 2003 7293 3740 
9050 5074 7752 5077 
9051 2536 7233 2909 
9052 5480 5487 5479 
9053 2767 8373 5757 
9054 4997 7965 4437 
9055 8202 9048 8983 
9056 2743 2744 2298 
9057 5016 7707 7706 
9058 8127 8128 712 
9059 833 834 832 
9060 2778 8269 2703 
9061 1327 8390 758 
9062 2713 8460 3799 
9063 1838 8355 7584 
9064 2684 8118 2682 
9065 4554 8080 3577 
9066 3463 7920 5353 
9067 1959 1960 1958 
9068 1269 1271 1270 
9069 5474 5836 5473 
9070 5449 8204 4417 
9071 5990 9308 3739 
9072 3006 7743 3041 
9073 1516 1518 1517 
9074 1180 1182 1181 
9075 3030 3031 3029 
9076 5004 5006 5005 
9077 2549 2550 2547 
9078 2538 2539 2537 
9079 8122 8206 5465 
9080 3782 5771 3780 
9081 322 7946 321 
9082 3229 6058 3083 
9083 2204 2205 2203 
9084 4173 4174 3761 
9085 4367 5266 5265 
9086 8142 8143 717 
9087 3732 4845 4028 
9088 1623 1624 1622 
9089 845 846 844 
9090 2481 2484 2483 
9091 3798 8324 4849 
9092 934 8364 3880 
9093 4730 4731 4729 
9094 5372 6029 5373 
9095 2759 8368 2268 
9096 8003 8803 7671 
9097 3550 4402 4359 
9098 2117 2118 2116 
9099 1137 1138 1136 
9100 4748 4872 4749 
9101 2796 2797 2744 
9102 2521 2522 2520 
9103 1090 1092 1091 
9104 8271 8274 8272 
9105 3859 7427 5148 
9106 1271 1274 1273 
9107 857 858 852 
9108 5066 5067 5065 
9109 4770 4771 4769 
9110 3037 3038 3033 
9111 5366 8215 4438 
9112 2111 2112 2109 
9113 3742 4752 4055 
9114 3309 8729 7912 
9115 3528 8077 3350 
9116 3816 3818 3817 
9117 7184 7924 3079 
9118 6506 6507 6505 
9119 3544 8299 3332 
9120 1479 7735 1503 
9121 5415 5416 4989 
9122 8072 8073 8071 
9123 8126 8127 712 
9124 5832 8051 4053 
9125 8803 8951 7671 
9126 1727 1728 1726 
9127 2206 7746 2205 
9128 2301 5018 2299 
9129 1145 1146 1144 
9130 5026 5941 4376 
9131 4928 4930 4929 
9132 7101 9375 3202 
9133 2136 7544 2134 
9134 7943 7944 7942 
9135 5809 7430 4424 
9136 3309 3310 3308 
9137 8076 8893 8821 
9138 5876 5877 5874 
9139 2555 2556 2554 
9140 5459 8080 4554 
9141 3622 8079 3445 
9142 2150 2152 2151 
9143 5570 5572 5571 
9144 2970 7621 3504 
9145 3719 8466 3737 
9146 4360 8363 2314 
9147 4336 5340 5339 
9148 2926 4631 2928 
9149 3691 8027 3692 
9150 3718 7167 1912 
9151 5366 8216 8215 
9152 4229 4230 4228 
9153 2432 7015 4846 
9154 5068 5069 5067 
9155 6447 6448 6446 
9156 2536 2537 2535 
9157 5006 5137 5136 
9158 3854 8249 3008 
9159 897 899 898 
9160 4002 4004 4003 
9161 3605 4245 4244 
9162 1491 7719 1471 
9163 2374 2376 2375 
9164 5693 7919 5483 
9165 5972 5973 5971 
9166 1415 7923 1514 
9167 3863 8054 4323 
9168 1821 1823 1822 
9169 378 7949 377 
9170 3765 5769 3763 
9171 3247 8220 3249 
9172 2968 4978 3676 
9173 1035 6997 4823 
9174 6936 8775 6933 
9175 3078 8455 7728 
9176 7650 7652 3857 
9177 988 990 989 
9178 1306 6971 5344 
9179 2530 2531 2529 
9180 1587 4889 4040 
9181 2030 2031 2029 
9182 2468 2469 2467 
9183 6013 8106 4396 
9184 6753 7320 4985 
9185 2882 2883 2881 
9186 2813 2816 2815 
9187 1567 1569 1568 
9188 1182 1184 1183 
9189 5359 5360 5358 
9190 216 8145 215 
9191 3851 7706 2695 
9192 5469 5473 5467 
9193 6203 6389 5590 
9194 1274 1276 1275 
9195 4475 8236 5500 
9196 899 901 900 
9197 4105 4741 3720 
9198 3463 5353 4378 
9199 2064 2072 2071 
9200 1931 1933 1932 
9201 4885 6962 4883 
9202 3707 6864 4630 
9203 7960 7961 2573 
9204 1143 1144 1142 
9205 2494 2496 2495 
9206 4381 5282 4380 
9207 3848 7698 2288 
9208 4565 4567 4566 
9209 6986 7061 6984 
9210 3976 8084 3488 
9211 4301 7482 7480 
9212 4441 8057 6066 
9213 1625 1626 1624 
9214 990 993 992 
9215 3859 4380 3589 
9216 323 7937 322 
9217 1092 1094 1093 
9218 2623 2625 2624 
9219 2464 2465 2463 
9220 1565 1567 1566 
9221 2209 7746 2206 
9222 3188 3190 3189 
9223 2376 2378 2377 
9224 5599 5601 5600 
9225 8153 8154 8152 
9226 3971 3973 3972 
9227 3484 3485 2758 
9228 4950 4951 4949 
9229 2254 7978 3861 
9230 3723 8469 3726 
9231 3472 7962 4367 
9232 2458 2459 2457 
9233 579 8133 8126 
9234 3028 3029 3027 
9235 5774 6926 6925 
9236 1661 1663 1662 
9237 2561 2562 2560 
9238 8347 8387 3023 
9239 993 995 994 
9240 851 852 850 
9241 3190 3192 3191 
9242 2072 2078 2077 
9243 2546 2547 2545 
9244 3001 8265 2992 
9245 1848 8225 1841 
9246 2485 2488 2487 
9247 2496 2499 2498 
9248 3295 8230 3297 
9249 1481 8229 1506 
9250 5974 5975 5973 
9251 1879 8217 1504 
9252 3192 3319 3318 
9253 7276 9281 7657 
9254 1518 1520 1519 
9255 2378 2380 2379 
9256 5528 7734 4467 
9257 2798 2799 2797 
9258 2747 8399 3783 
9259 3953 5314 3962 
9260 4594 8361 6085 
9261 2822 8889 7022 
9262 2542 2543 2541 
9263 4334 4376 2806 
9264 5511 5513 5512 
9265 3855 8232 4327 
9266 8097 8098 5747 
9267 2569 7959 2570 
9268 1469 1479 1478 
9269 5283 5284 5282 
9270 2499 2501 2500 
9271 5836 5837 5473 
9272 1739 1740 1684 
9273 1045 1046 1044 
9274 5458 5459 4554 
9275 4231 4232 4230 
9276 381 8100 380 
9277 7210 7213 7212 
9278 863 864 862 
9279 2886 2887 2885 
9280 7905 7907 7906 
9281 125 7925 124 
9282 8236 8237 5500 
9283 3476 7955 3040 
9284 5902 8108 5406 
9285 2780 2781 2720 
9286 6508 6509 6507 
9287 3691 3692 3612 
9288 8178 8179 726 
9289 3980 3981 3834 
9290 4429 6924 6108 
9291 3006 3008 3007 
9292 7879 7881 7880 
9293 5137 5139 5138 
9294 3631 8111 3298 
9295 1094 1096 1095 
9296 4732 4733 4731 
9297 5558 5561 5560 
9298 3510 4049 3509 
9299 1152 1153 1151 
9300 1729 1730 1728 
9301 1659 1661 1660 
9302 3079 7924 3081 
9303 4956 6091 3843 
9304 5000 8086 5248 
9305 947 948 944 
9306 710 8114 221 
9307 3818 3820 3819 
9308 2815 8380 2814 
9309 865 866 864 
9310 3231 3953 3869 
9311 4831 4833 4829 
9312 2887 8222 2885 
9313 6697 6942 5368 
9314 4432 8069 5354 
9315 2521 7594 7591 
9316 3304 8192 3492 
9317 2740 3472 3471 
9318 3380 8196 3618 
9319 624 8182 8181 
9320 2307 8082 2238 
9321 8062 8063 121 
9322 2553 2554 2552 
9323 2569 2570 2568 
9324 5139 5141 5140 
9325 28 8040 27 
9326 1673 7977 2300 
9327 8182 8183 8181 
9328 8144 8146 8145 
9329 3722 8103 7193 
9330 2119 2120 2118 
9331 1154 1155 1153 
9332 2002 2004 2003 
9333 3373 8331 3107 
9334 3573 3575 3574 
9335 2629 2631 2630 
9336 950 951 948 
9337 3301 3302 2781 
9338 5135 8451 8439 
9339 2567 2568 2566 
9340 6805 7748 5877 
9341 1096 1099 1098 
9342 2559 2560 2558 
9343 3307 3308 3306 
9344 5336 5748 5337 
9345 4233 4234 4232 
9346 3611 3612 3610 
9347 1520 1522 1521 
9348 1095 8307 1097 
9349 901 903 902 
9350 4663 5434 4053 
9351 8510 8585 5821 
9352 4569 4692 4570 
9353 4772 4773 4771 
9354 3491 8308 3303 
9355 307 8184 306 
9356 3431 3433 3432 
9357 3455 3456 3331 
9358 1753 1754 1752 
9359 5166 8301 5731 
9360 620 8180 8178 
9361 3600 8124 3250 
9362 4872 4874 4873 
9363 5692 5693 5483 
9364 5119 5233 5120 
9365 4952 4953 4951 
9366 2210 2211 2209 
9367 4923 4924 4300 
9368 4827 7192 2133 
9369 3727 4744 3724 
9370 1751 1752 1750 
9371 1745 1746 1744 
9372 3042 8242 8045 
9373 4004 4006 4005 
9374 4297 4298 4296 
9375 4972 7171 5313 
9376 7743 8232 3041 
9377 1749 1750 1748 
9378 3319 3321 3320 
9379 1156 1157 1155 
9380 8166 8167 8165 
9381 5748 6820 5749 
9382 1707 2266 2265 
9383 1961 1962 1960 
9384 5478 5479 5476 
9385 1522 1524 1523 
9386 1150 1151 1149 
9387 1276 1278 1277 
9388 2996 5014 2998 
9389 1759 1760 1758 
9390 2270 7424 2269 
9391 2269 7424 2826 
9392 1382 7923 1415 
9393 1747 1748 1746 
9394 4346 8821 5103 
9395 1478 8442 1431 
9396 1231 1232 1227 
9397 2272 2273 1547 
9398 5695 5696 5360 
9399 2817 3417 3402 
9400 3429 3431 3430 
9401 1663 1665 1664 
9402 5181 6095 6094 
9403 4930 4932 4931 
9404 3699 3700 3698 
9405 5446 7515 4455 
9406 324 8085 536 
9407 1184 1186 1185 
9408 4398 6008 5989 
9409 4326 6919 4983 
9410 5572 6713 5705 
9411 3328 3329 3302 
9412 2952 4284 2956 
9413 1853 8312 7742 
9414 4980 6759 6104 
9415 8173 8174 8172 
9416 5479 7884 5476 
9417 382 533 381 
9418 283 534 282 
9419 224 531 223 
9420 26 532 25 
9421 2032 2033 2031 
9422 4455 7515 4457 
9423 2327 2358 2329 
9424 2380 2382 2381 
9425 2974 7637 7636 
9426 2663 4987 2650 
9427 7085 7088 7087 
9428 3266 8121 8008 
9429 861 862 860 
9430 2208 2209 2206 
9431 3951 5308 4387 
9432 6705 6706 5356 
9433 5179 5181 5180 
9434 5674 5781 3836 
9435 3951 8102 5842 
9436 5719 5721 5720 
9437 3012 3014 3013 
9438 708 8065 383 
9439 222 8067 710 
9440 707 8066 284 
9441 5469 5474 5473 
9442 5141 5717 5716 
9443 4706 8044 6816 
9444 226 8034 225 
9445 995 998 997 
9446 5116 5117 5115 
9447 3440 3441 3439 
9448 4481 4483 4482 
9449 3441 8247 3439 
9450 3478 3956 3955 
9451 2682 5033 2680 
9452 3722 7193 2044 
9453 1765 1766 1764 
9454 1572 8158 925 
9455 4472 4473 4298 
9456 1683 1684 1682 
9457 2626 2629 2628 
9458 3790 5775 4340 
9459 4954 5008 4953 
9460 3832 5780 3830 
9461 3944 5268 3946 
9462 2565 2566 2564 
9463 2579 2580 2578 
9464 4050 5418 4049 
9465 4915 4984 4913 
9466 1765 7997 1766 
9467 4236 8380 3401 
9468 6831 6908 6833 
9469 5267 7132 4970 
9470 2382 2385 2384 
9471 8016 8111 3631 
9472 3224 7920 3463 
9473 8175 8176 725 
9474 1705 1707 1706 
9475 6095 6131 6130 
9476 2214 2215 2213 
9477 724 8173 8172 
9478 5078 5080 5079 
9479 1860 4988 1848 
9480 2491 2494 2493 
9481 8128 8200 712 
9482 871 872 870 
9483 2809 4278 2811 
9484 5976 5977 5975 
9485 3539 5990 3739 
9486 121 8063 120 
9487 6698 6951 5352 
9488 2760 3224 3223 
9489 1226 1227 1214 
9490 4889 5002 4890 
9491 3335 3336 2799 
9492 2581 2582 2580 
9493 2922 4271 4269 
9494 2212 2213 2211 
9495 6449 6450 6448 
9496 8168 8169 722 
9497 873 874 872 
9498 2160 2162 2161 
9499 92 8152 713 
9500 4033 4034 4032 
9501 6820 7723 6821 
9502 2250 2765 2724 
9503 5002 5496 5495 
9504 5252 5938 4368 
9505 6131 6133 6132 
9506 2000 2002 2001 
9507 8884 9084 8113 
9508 2385 2387 2386 
9509 1029 7577 5655 
9510 6164 6165 4484 
9511 2154 2156 2155 
9512 3003 3006 3005 
9513 5349 6771 6028 
9514 1963 1964 1962 
9515 1773 1774 1772 
9516 4037 8112 3853 
9517 3820 3822 3821 
9518 4845 8044 4028 
9519 4978 5499 5498 
9520 2501 2503 2502 
9521 2162 2165 2163 
9522 7233 8052 2909 
9523 1627 1628 1626 
9524 6647 6648 5696 
9525 3697 3698 3696 
9526 2247 8227 2312 
9527 1731 1732 1730 
9528 122 8062 121 
9529 4264 4265 4234 
9530 3774 4755 3776 
9531 1827 1829 1828 
9532 6510 6511 6509 
9533 8098 8119 5747 
9534 5882 5884 5883 
9535 3411 4398 4395 
9536 5907 5908 5284 
9537 2256 7978 2254 
9538 2687 3475 2684 
9539 3384 3674 3673 
9540 928 8441 926 
9541 5601 5603 5602 
9542 954 955 951 
9543 7599 7602 7601 
9544 6762 6763 5714 
9545 5513 5515 5514 
9546 8132 8200 8128 
9547 3321 3384 3383 
9548 619 8177 8175 
9549 93 8152 92 
9550 943 944 931 
9551 5122 5235 5123 
9552 221 8114 220 
9553 2266 8368 3241 
9554 4874 4876 4875 
9555 1743 1744 1742 
9556 3902 8233 3900 
9557 4017 7503 7502 
9558 2888 2889 2887 
9559 4327 8232 6954 
9560 2573 2574 2572 
9561 2158 2160 2159 
9562 5880 5882 5881 
9563 3347 3348 3346 
9564 1524 1549 1548 
9565 5970 5971 5968 
9566 1757 1758 1756 
9567 998 1003 1002 
9568 3575 4026 4025 
9569 2472 2473 2471 
9570 1771 1772 1770 
9571 1935 1937 1936 
9572 7448 7919 5693 
9573 7711 8334 3845 
9574 3075 3573 3572 
9575 8145 8147 215 
9576 1233 1234 1232 
9577 903 905 904 
9578 2387 2389 2388 
9579 5009 5010 5008 
9580 4802 4803 4745 
9581 2581 8005 2582 
9582 1236 1237 1234 
9583 1241 1242 1237 
9584 621 8166 8165 
9585 5158 5159 4597 
9586 4026 4453 4452 
9587 4075 4077 4076 
9588 2587 2588 2586 
9589 4694 4695 4265 
9590 4006 4008 4007 
9591 5084 5086 5085 
9592 1571 8250 1507 
9593 3101 3102 2273 
9594 614 8153 94 
9595 3946 8219 4533 
9596 875 876 874 
9597 2503 2505 2504 
9598 3284 8202 3563 
9599 4453 4515 4514 
9600 4774 4775 4773 
9601 8170 8171 625 
9602 3009 3012 3011 
9603 3066 4353 3064 
9604 1186 1188 1187 
9605 3438 8125 2799 
9606 5072 5074 5073 
9607 1939 1941 1940 
9608 5978 5979 5977 
9609 1781 1782 1780 
9610 2297 2298 1875 
9611 664 8190 8189 
9612 714 8151 315 
9613 2926 8052 4631 
9614 2970 7622 7621 
9615 869 870 868 
9616 4483 4544 4543 
9617 1888 1890 1889 
9618 2890 2891 2889 
9619 7494 7497 7492 
9620 1763 1764 1762 
9621 5462 5463 5460 
9622 3674 4060 4059 
9623 1003 1006 1005 
9624 1886 1888 1887 
9625 7190 9029 2667 
9626 4312 7826 7509 
9627 3040 7955 3340 
9628 2589 2590 2588 
9629 2577 2578 2576 
9630 7222 7223 7220 
9631 2976 7636 3872 
9632 5074 5076 5075 
9633 3470 5254 4370 
9634 1779 1780 1778 
9635 7982 8124 3600 
9636 2973 8311 2264 
9637 1156 8026 1157 
9638 1890 1892 1891 
9639 3343 3344 3329 
9640 5878 5880 5879 
9641 3433 3435 3434 
9642 3475 8118 2684 
9643 1049 1050 1048 
9644 24 709 23 
9645 384 708 383 
9646 222 710 221 
9647 285 707 284 
9648 1494 7679 1429 
9649 315 8151 314 
9650 2505 2508 2507 
9651 7612 9140 8115 
9652 2717 2718 2673 
9653 2732 2760 2759 
9654 1057 1058 1056 
9655 1053 1054 1052 
9656 2034 2035 2033 
9657 8165 8167 720 
9658 3361 8652 5072 
9659 1896 2090 2089 
9660 6512 6516 6511 
9661 5478 5480 5479 
9662 93 8153 8152 
9663 1549 1563 1562 
9664 2347 7964 2346 
9665 1669 4053 1594 
9666 2893 2894 2891 
9667 1551 1554 1553 
9668 5694 5874 5873 
9669 4752 4979 4753 
9670 7243 7246 7244 
9671 4110 5232 4612 
9672 5103 5104 4347 
9673 1892 1896 1895 
9674 2367 2370 2369 
9675 5628 5629 2965 
9676 6676 6677 6450 
9677 4558 7716 4982 
9678 4488 4489 4473 
9679 1965 1966 1964 
9680 3695 3696 3694 
9681 383 8065 382 
9682 284 8066 283 
9683 223 8067 222 
9684 2312 5891 3284 
9685 3973 4366 4365 
9686 2398 2400 2399 
9687 7455 7456 5908 
9688 5458 5460 5459 
9689 3014 3017 3016 
9690 1824 1827 1826 
9691 2591 2592 2590 
9692 2121 2122 2120 
9693 1769 1770 1768 
9694 2389 2392 2391 
9695 3599 4406 4405 
9696 1787 1788 1786 
9697 958 959 955 
9698 2098 2100 2099 
9699 5109 5305 5108 
9700 4417 8204 4641 
9701 5515 5517 5516 
9702 960 961 959 
9703 4932 4934 4933 
9704 5080 5082 5081 
9705 2392 2396 2395 
9706 4081 4083 4082 
9707 1162 1163 1161 
9708 2090 8041 2089 
9709 3948 4868 3446 
9710 4060 4073 4072 
9711 8045 8123 5158 
9712 3793 7543 2607 
9713 7505 8402 4917 
9714 3364 5119 4099 
9715 1781 8029 1782 
9716 1941 1943 1942 
9717 5011 5012 5010 
9718 4393 5322 5321 
9719 1789 1790 1788 
9720 1278 1283 1282 
9721 4008 4010 4009 
9722 5114 5115 5112 
9723 5473 8046 5467 
9724 4533 5611 5610 
9725 6085 6086 6084 
9726 4329 4330 4070 
9727 3249 8220 3364 
9728 3442 3443 3441 
9729 2585 2586 2584 
9730 1061 1062 1060 
9731 715 8156 18 
9732 3028 7711 3845 
9733 5466 5467 5464 
9734 5086 5088 5087 
9735 5303 8233 3902 
9736 1967 1968 1966 
9737 5721 5723 5722 
9738 4028 8044 4706 
9739 3017 3019 3018 
9740 1006 1009 1008 
9741 2036 2037 2035 
9742 2021 8214 2018 
9743 4284 4714 4285 
9744 2640 8354 7731 
9745 16 8157 608 
9746 3634 4064 3632 
9747 18 8156 17 
9748 1884 1886 1885 
9749 115 8163 610 
9750 2345 3951 3592 
9751 3213 5906 3304 
9752 6148 6149 6100 
9753 7133 7662 7132 
9754 8172 8174 626 
9755 7144 9424 2073 
9756 116 8163 115 
9757 3492 3944 3615 
9758 1629 1630 1628 
9759 7626 8009 4971 
9760 3444 3445 3443 
9761 7133 8287 8286 
9762 1665 1696 1695 
9763 2216 2217 2215 
9764 4416 5449 4417 
9765 4835 8421 6980 
9766 1361 7517 911 
9767 1777 1778 1776 
9768 5142 6032 4418 
9769 905 907 906 
9770 2104 2170 2169 
9771 4515 5334 4516 
9772 4038 5372 4030 
9773 1791 1792 1790 
9774 4354 8313 2330 
9775 4849 4850 4189 
9776 3530 3531 3529 
9777 3504 7621 6945 
9778 2672 8283 3213 
9779 5980 5981 5979 
9780 1243 1244 1242 
9781 7459 8927 7461 
9782 1160 1161 1159 
9783 2607 7543 2608 
9784 3563 5179 4526 
9785 5804 5859 4306 
9786 1188 1190 1189 
9787 3624 3625 3623 
9788 2909 8052 2926 
9789 2123 2124 2122 
9790 2631 8201 2656 
9791 4742 4838 4741 
9792 5088 5090 5089 
9793 5876 5878 5877 
9794 3931 8199 7447 
9795 3486 3487 3485 
9796 1563 1580 1579 
9797 4715 4718 4717 
9798 1164 1165 1163 
9799 3620 3621 3445 
9800 2597 2598 2596 
9801 4288 4290 4289 
9802 3417 3701 3418 
9803 4957 5534 5533 
9804 7575 7576 5021 
9805 7092 8925 4849 
9806 5107 5108 5106 
9807 2944 8543 2946 
9808 2170 2172 2171 
9809 4161 4412 4411 
9810 5764 6841 5393 
9811 8390 8394 8391 
9812 2277 8257 4348 
9813 8156 8157 17 
9814 4346 4347 4185 
9815 4455 4457 3522 
9816 4077 4079 4078 
9817 6853 8275 5766 
9818 5881 8155 5879 
9819 3369 3596 3595 
9820 1733 1734 1732 
9821 3349 3350 3348 
9822 1785 1786 1784 
9823 4437 5366 4438 
9824 1065 1066 1064 
9825 3276 3507 3277 
9826 2165 2167 2166 
9827 3618 4437 3619 
9828 2096 2098 2097 
9829 3297 8230 3376 
9830 2092 2094 2093 
9831 2730 3276 3274 
9832 5090 5092 5091 
9833 2125 2126 2124 
9834 6039 8277 5486 
9835 4756 4760 4759 
9836 1009 1012 1011 
9837 5757 8373 6851 
9838 3822 3824 3823 
9839 624 8181 308 
9840 4050 8060 5418 
9841 3520 4416 4176 
9842 308 8181 307 
9843 4641 6116 6115 
9844 2289 3293 2288 
9845 4083 4085 4084 
9846 3376 5122 4123 
9847 4776 4777 4775 
9848 5603 5605 5604 
9849 2287 2288 2286 
9850 3526 3527 3350 
9851 2172 2174 2173 
9852 5316 6947 4813 
9853 2599 2600 2598 
9854 2006 2008 2007 
9855 4605 5386 4707 
9856 3521 3522 3271 
9857 5249 7366 6915 
9858 2491 8197 2494 
9859 1631 1632 1630 
9860 4341 4420 4115 
9861 4366 4959 4958 
9862 664 8189 101 
9863 101 8189 100 
9864 5692 5694 5693 
9865 2400 2402 2401 
9866 3982 3983 3981 
9867 881 882 880 
9868 5318 6950 4817 
9869 5723 5725 5724 
9870 1069 1070 1068 
9871 3380 3618 3617 
9872 3524 5550 4490 
9873 4438 8215 4440 
9874 1012 1017 1016 
9875 2167 2270 2269 
9876 1526 8195 3458 
9877 5092 6004 5093 
9878 579 8126 119 
9879 189 8134 578 
9880 2350 7964 2347 
9881 90 8138 577 
9882 325 8085 324 
9883 4432 5354 4434 
9884 5786 7884 5479 
9885 5032 8504 1460 
9886 2595 2596 2594 
9887 3797 4811 3795 
9888 3435 3593 3436 
9889 4934 4936 4935 
9890 4065 4474 4064 
9891 3375 3631 3298 
9892 2274 2777 2275 
9893 1580 1582 1581 
9894 1797 1798 1796 
9895 4010 4012 4011 
9896 2127 2128 2126 
9897 3593 4396 3594 
9898 7369 7378 3717 
9899 3931 3941 3932 
9900 2008 2010 2009 
9901 2102 2104 2103 
9902 5605 6679 5606 
9903 4085 4087 4086 
9904 4853 4854 4852 
9905 2413 2415 2414 
9906 4349 4418 3907 
9907 5013 5196 5012 
9908 5468 5469 5467 
9909 4159 4161 4160 
9910 2402 2404 2403 
9911 3256 3460 3270 
9912 5475 5476 5474 
9913 8050 8387 5459 
9914 696 8188 305 
9915 305 8188 304 
9916 4839 4840 4838 
9917 4364 5223 4510 
9918 2601 2602 2600 
9919 797 798 796 
9920 3941 3943 3942 
9921 2236 2238 2235 
9922 8181 8184 307 
9923 6156 6157 4522 
9924 5354 6070 5436 
9925 1166 1167 1165 
9926 2699 2702 2700 
9927 5016 7706 3851 
9928 2696 3245 2695 
9929 3419 3560 2894 
9930 4471 5531 4470 
9931 4509 5441 3540 
9932 4696 7618 4288 
9933 4440 6073 4573 
9934 1735 1736 1734 
9935 4475 5500 4474 
9936 2603 2604 2602 
9937 3909 5895 5710 
9938 2239 2245 2238 
9939 4541 6030 5126 
9940 2693 2695 2692 
9941 3707 8042 6864 
9942 399 8187 695 
9943 400 8187 399 
9944 5713 5714 5191 
9945 3603 4030 3601 
9946 4893 8006 4957 
9947 603 8141 20 
9948 605 8142 218 
9949 387 8149 604 
9950 288 8150 606 
9951 4834 4877 4833 
9952 1192 1194 1193 
9953 5223 5225 5224 
9954 1685 8210 2764 
9955 3659 3660 3658 
9956 3626 3627 3625 
9957 907 909 908 
9958 3685 3686 3684 
9959 909 911 910 
9960 4180 6088 6087 
9961 2404 2407 2406 
9962 2351 2354 2350 
9963 879 880 878 
9964 1190 1192 1191 
9965 4323 8054 6937 
9966 189 578 188 
9967 120 579 119 
9968 318 580 317 
9969 90 577 89 
9970 2702 2778 2703 
9971 118 8126 712 
9972 711 8134 190 
9973 713 8138 91 
9974 8144 8145 717 
9975 5983 5984 5981 
9976 1283 1286 1285 
9977 4603 4605 4604 
9978 4652 8116 6047 
9979 2813 8061 2816 
9980 94 8153 93 
9981 1799 1800 1798 
9982 5017 7698 3848 
9983 1801 1802 1800 
9984 4210 5656 4209 
9985 117 8200 116 
9986 3956 4750 4710 
9987 883 884 882 
9988 2178 2180 2179 
9989 3701 3710 3702 
9990 4409 4657 4410 
9991 2080 2082 2081 
9992 839 3871 837 
9993 17 8157 16 
9994 2038 2039 2037 
9995 4290 4292 4291 
9996 3868 4209 3413 
9997 2218 2219 2217 
9998 118 712 117 
9999 191 711 190 
10000 316 714 315 
10001 92 713 91 
10002 387 604 386 
10003 21 603 20 
10004 219 605 218 
10005 288 606 287 
10006 3847 4923 4300 
10007 5564 8929 4759 
10008 19 8141 715 
10009 217 8142 717 
10010 2656 9167 6840 
10011 716 8149 388 
10012 718 8150 289 
10013 5486 8212 5471 
10014 119 8126 118 
10015 190 8134 189 
10016 91 8138 90 
10017 4477 8236 4475 
10018 3628 3629 3627 
10019 2764 8210 8072 
10020 5517 5519 5518 
10021 2285 2286 2248 
10022 1737 1738 1736 
10023 1867 1869 1868 
10024 4684 4686 4685 
10025 5725 5727 5726 
10026 2275 8244 2730 
10027 5484 5486 5471 
10028 3532 3533 3531 
10029 1795 1796 1794 
10030 2407 2411 2410 
10031 6099 6100 6098 
10032 2508 2511 2510 
10033 4292 4294 4293 
10034 4522 8299 3544 
10035 2419 2421 2420 
10036 19 715 18 
10037 217 717 216 
10038 717 8145 216 
10039 389 716 388 
10040 290 718 289 
10041 543 7921 329 
10042 4699 6002 5347 
10043 20 8141 19 
10044 218 8142 217 
10045 388 8149 387 
10046 289 8150 288 
10047 5225 5227 5226 
10048 3385 8042 3707 
10049 3031 3033 3032 
10050 4021 4022 4020 
10051 3488 3583 3487 
10052 4294 4445 4444 
10053 4657 6053 5431 
10054 7543 8401 2611 
10055 3563 8202 5179 
10056 3606 4400 3860 
10057 2234 2235 2230 
10058 3618 8196 4997 
10059 4338 9046 6931 
10060 7611 8115 7610 
10061 4271 4273 4272 
10062 4513 6106 4477 
10063 5227 6122 6121 
10064 1526 1528 1527 
10065 3635 3636 3533 
10066 3709 4644 3560 
10067 610 8159 114 
10068 95 8160 614 
10069 2224 2228 2223 
10070 608 8161 15 
10071 607 8162 213 
10072 4891 8006 4893 
10073 3492 8192 3944 
10074 392 8164 611 
10075 115 610 114 
10076 194 613 193 
10077 313 609 312 
10078 95 614 94 
10079 7210 7212 2842 
10080 16 608 15 
10081 214 607 213 
10082 113 8159 719 
10083 722 8160 96 
10084 1970 1971 1968 
10085 1017 1021 1020 
10086 14 8161 723 
10087 212 8162 724 
10088 723 8170 13 
10089 724 8172 211 
10090 392 611 391 
10091 293 612 292 
10092 2660 2669 2661 
10093 725 8164 393 
10094 621 8165 197 
10095 622 8168 98 
10096 114 8159 113 
10097 96 8160 95 
10098 113 719 112 
10099 311 721 310 
10100 196 720 195 
10101 97 722 96 
10102 15 8161 14 
10103 213 8162 212 
10104 14 723 13 
10105 212 724 211 
10106 196 8165 720 
10107 619 8175 395 
10108 97 8168 722 
10109 620 8178 296 
10110 1421 1422 1410 
10111 393 8164 392 
10112 394 725 393 
10113 295 726 294 
10114 1582 1591 1590 
10115 394 8175 725 
10116 295 8178 726 
10117 12 8170 625 
10118 210 8172 626 
10119 13 8170 12 
10120 211 8172 210 
10121 197 8165 196 
10122 98 8168 97 
10123 395 8175 394 
10124 296 8178 295 
10125 111 623 110 
10126 396 619 395 
10127 309 624 308 
10128 297 620 296 
10129 803 804 798 
10130 198 621 197 
10131 12 625 11 
10132 99 622 98 
10133 210 626 209 
10134 201 8185 663 
10135 102 8186 664 
10136 399 695 398 
10137 108 665 107 
10138 306 696 305 
10139 300 666 299 
10140 201 663 200 
10141 9 697 8 
10142 207 698 206 
10143 102 664 101 
10144 727 8185 202 
10145 728 8186 103 
10146 202 8185 201 
10147 103 8186 102 
10148 106 729 105 
10149 302 730 301 
10150 203 727 202 
10151 104 728 103 
10152 1024 1026 1025 
10153 2691 2692 2356 
10154 2129 2130 2128 
10155 2010 2012 2011 
10156 3584 4274 3583 
10157 4282 4708 4274 
10158 4988 8225 1848 
10159 4333 8229 8211 
10160 4820 7454 4191 
10161 8391 8393 8392 
10162 4967 5437 4995 
10163 1829 1831 1830 
10164 2675 2699 2698 
10165 5519 6616 5520 
10166 3474 7962 3472 
10167 756 8208 1327 
10168 3984 3985 3983 
10169 5273 7434 4986 
10170 8183 8184 8181 
10171 1168 1169 1167 
10172 2176 2178 2177 
10173 1803 1804 1802 
10174 7911 7921 543 
10175 7256 8458 3772 
10176 5156 8562 1610 
10177 4445 4447 4446 
10178 2605 2606 2604 
10179 4841 4842 4840 
10180 2869 5029 2871 
10181 1858 1867 1866 
10182 5481 8206 6215 
10183 3363 3600 3250 
10184 2012 2014 2013 
10185 8204 8205 6116 
10186 3296 3535 3294 
10187 1906 1907 1738 
10188 4094 4095 4093 
10189 2631 2633 2632 
10190 6461 6463 5629 
10191 4302 4303 3288 
10192 4539 4541 4540 
10193 2082 2084 2083 
10194 4959 4961 4960 
10195 4012 4014 4013 
10196 3655 3656 3629 
10197 1633 1634 1632 
10198 2480 2481 2479 
10199 2180 2182 2181 
10200 3806 4821 3804 
10201 773 8292 771 
10202 1897 8562 2789 
10203 1528 1559 1558 
10204 4273 4698 4697 
10205 1286 1290 1289 
10206 3178 8521 3176 
10207 4326 4983 3856 
10208 2159 8666 2156 
10209 1849 1856 1850 
10210 5858 8361 3315 
10211 8049 8761 3023 
10212 2850 8388 2757 
10213 5862 8370 4328 
10214 4778 4779 4777 
10215 771 3875 769 
10216 1846 1849 1847 
10217 3943 4203 4202 
10218 2476 2477 2475 
10219 3019 3022 3021 
10220 6228 6229 4545 
10221 2484 2485 2483 
10222 885 886 884 
10223 4469 5528 4467 
10224 4447 4587 4586 
10225 4878 4879 4877 
10226 7217 7411 7215 
10227 3783 8399 5776 
10228 2415 2417 2416 
10229 1443 4998 1445 
10230 2878 5428 3585 
10231 5481 6215 6214 
10232 2895 8416 2896 
10233 2607 2608 2606 
10234 4968 7771 4967 
10235 5534 5654 5653 
10236 3734 8406 2927 
10237 2174 8081 2173 
10238 1251 1252 1250 
10239 5197 5198 5196 
10240 4869 5766 4868 
10241 2962 8492 2960 
10242 1253 1254 1252 
10243 3661 3662 3660 
10244 2984 8811 7995 
10245 6086 8411 6192 
10246 2703 8269 2712 
10247 3248 3495 3246 
10248 2735 8246 2734 
10249 2334 8271 2332 
10250 3400 7738 2878 
10251 4139 4140 4138 
10252 1015 8932 8668 
10253 1872 2274 1903 
10254 6097 6098 4169 
10255 4406 6023 6021 
10256 6215 8122 6369 
10257 3687 3688 3686 
10258 2712 3256 2795 
10259 2421 2423 2422 
10260 4677 6048 5759 
10261 1026 1028 1027 
10262 4317 4318 4316 
10263 3824 4240 3825 
10264 7440 7441 1862 
10265 2648 2651 2649 
10266 3006 3007 3005 
10267 3008 3009 3007 
10268 2885 8222 2892 
10269 4936 4938 4937 
10270 4373 4699 4374 
10271 2040 2041 2039 
10272 4041 4042 3688 
10273 3009 8249 3012 
10274 2182 2184 2183 
10275 7066 9292 2074 
10276 5784 8442 4058 
10277 1974 1975 1971 
10278 2184 2186 2185 
10279 4880 4881 4879 
10280 853 1690 841 
10281 1170 1171 1169 
10282 4090 4091 4042 
10283 1071 1072 1070 
10284 3155 8814 8593 
10285 5216 5217 5215 
10286 5608 9042 5219 
10287 3799 8460 5787 
10288 5160 6720 4708 
10289 3810 3811 3808 
10290 2811 8061 2813 
10291 7998 7999 5915 
10292 3909 8570 5895 
10293 3364 8220 5119 
10294 5134 8826 5635 
10295 739 8296 737 
10296 3524 8246 5550 
10297 1805 1806 1804 
10298 778 782 781 
10299 4855 4856 4854 
10300 2423 2425 2424 
10301 3361 5072 4154 
10302 5167 5168 5166 
10303 2727 8254 2728 
10304 1591 1606 1605 
10305 8289 8378 4363 
10306 787 3874 792 
10307 5837 8046 5473 
10308 2349 2350 2347 
10309 6229 8251 4545 
10310 1480 5032 1460 
10311 5550 5551 4490 
10312 4663 6057 5434 
10313 7478 8954 7479 
10314 3715 4221 4220 
10315 1432 1433 1422 
10316 5214 5215 5213 
10317 2644 2648 2647 
10318 749 1691 751 
10319 4721 4724 4723 
10320 6378 6380 6379 
10321 1842 1846 1845 
10322 8555 8634 4690 
10323 5546 5547 4842 
10324 3792 6918 4215 
10325 5488 6039 5486 
10326 5462 5464 5463 
10327 4396 8106 3594 
10328 4641 8204 6116 
10329 2947 2950 2948 
10330 5077 7752 6910 
10331 4400 5443 4401 
10332 1835 1840 1836 
10333 8048 8878 8815 
10334 8146 8147 8145 
10335 7939 7943 7942 
10336 3012 3013 3011 
10337 1249 1250 1248 
10338 887 888 886 
10339 1371 8566 7270 
10340 1669 4663 4053 
10341 4023 4024 4022 
10342 3861 8217 1879 
10343 5457 5458 4554 
10344 3235 8284 3133 
10345 3986 3987 3985 
10346 769 8326 766 
10347 4804 4805 4803 
10348 2488 2489 2487 
10349 2186 2188 2187 
10350 1880 2254 1879 
10351 5477 5478 5476 
10352 966 967 965 
10353 5044 5046 5045 
10354 1506 4333 1570 
10355 2042 2043 2041 
10356 2312 8227 5891 
10357 733 6251 3244 
10358 6230 6231 6229 
10359 2344 2346 2341 
10360 2084 2087 2086 
10361 782 784 783 
10362 5466 5468 5467 
10363 4278 8061 2811 
10364 968 969 967 
10365 2637 2642 2638 
10366 6387 6452 6451 
10367 4780 4781 4779 
10368 970 971 969 
10369 780 8317 787 
10370 5134 5635 5634 
10371 1687 8250 1571 
10372 6382 6385 6384 
10373 4128 4129 4024 
10374 2873 2880 2875 
10375 5441 8254 3540 
10376 4135 4136 4129 
10377 5921 5995 5920 
10378 1807 1808 1806 
10379 4014 4016 4015 
10380 6233 6378 6377 
10381 4533 8219 5611 
10382 8049 8050 8047 
10383 7648 8239 7646 
10384 4509 5453 5441 
10385 3710 3712 3711 
10386 737 4588 735 
10387 1482 8488 1498 
10388 2925 8406 7510 
10389 3927 3931 3930 
10390 5902 9146 8108 
10391 5369 8104 3399 
10392 4857 4858 4856 
10393 6215 6369 6216 
10394 1030 1032 1031 
10395 4169 8308 3491 
10396 4096 4097 4095 
10397 8805 8977 5865 
10398 1075 1076 1074 
10399 7707 7815 7706 
10400 2934 8459 2932 
10401 972 973 971 
10402 2014 2016 2015 
10403 5482 5483 5480 
10404 5169 5170 5168 
10405 3038 3040 3039 
10406 3737 8466 5763 
10407 1172 1173 1171 
10408 1635 1636 1634 
10409 1099 1101 1100 
10410 4961 4974 4973 
10411 4104 4152 4151 
10412 3564 5134 4172 
10413 3539 8198 5990 
10414 2427 2429 2428 
10415 1945 1947 1946 
10416 3215 3220 3214 
10417 2613 2614 2612 
10418 4152 4590 4589 
10419 2188 2190 2189 
10420 5046 5048 5047 
10421 4319 4320 4318 
10422 712 8200 117 
10423 3923 5916 3925 
10424 2220 8007 2219 
10425 3083 8455 3080 
10426 8551 8642 4740 
10427 1715 1717 1716 
10428 2222 2223 2220 
10429 4356 5219 4355 
10430 2868 8510 4309 
10431 4177 4178 4097 
10432 4203 4615 4614 
10433 7699 7837 7698 
10434 791 796 785 
10435 7699 8895 8226 
10436 4361 5230 4360 
10437 4923 6858 4924 
10438 3785 5767 3787 
10439 6228 6230 6229 
10440 8203 9159 8098 
10441 2809 8099 4278 
10442 4493 5934 4518 
10443 1947 1949 1948 
10444 2734 8246 3286 
10445 4859 4860 4858 
10446 4503 4504 4502 
10447 4102 4104 4103 
10448 2223 8007 2220 
10449 1032 1034 1033 
10450 6980 6981 6237 
10451 4363 8378 2317 
10452 2654 2660 2659 
10453 6215 6216 6214 
10454 3482 4391 3481 
10455 2969 8414 5890 
10456 3726 8469 5768 
10457 5042 5044 5043 
10458 1323 8117 4250 
10459 6088 6153 6087 
10460 1398 1410 1372 
10461 2336 2342 2334 
10462 2516 7754 2513 
10463 1637 1638 1636 
10464 1559 1601 1600 
10465 2490 2491 2489 
10466 889 890 888 
10467 4180 8263 6088 
10468 6116 6117 6115 
10469 2611 2612 2610 
10470 5469 5475 5474 
10471 1255 1256 1254 
10472 3483 8388 4336 
10473 4016 4262 4261 
10474 3376 8230 5122 
10475 1458 1526 1486 
10476 2513 2515 2514 
10477 1105 1107 1106 
10478 5296 8380 4236 
10479 8131 8132 8128 
10480 1685 2764 2707 
10481 2615 2616 2614 
10482 3261 8254 2727 
10483 1713 1715 1714 
10484 3041 8232 3855 
10485 2807 8099 2809 
10486 2277 4348 1687 
10487 1908 1909 1907 
10488 1470 1471 1433 
10489 3671 4102 4101 
10490 2332 4354 2330 
10491 5461 5462 5460 
10492 7707 8880 8234 
10493 1387 1402 1388 
10494 2953 3513 2954 
10495 4609 5986 4608 
10496 4217 4843 3842 
10497 4440 8215 6073 
10498 741 2722 739 
10499 4553 4554 3577 
10500 4262 4701 4700 
10501 1813 1814 1812 
10502 775 1574 773 
10503 5815 8311 2973 
10504 6005 6376 6375 
10505 1290 1292 1291 
10506 1601 1700 1699 
10507 2087 2107 2106 
10508 3022 3027 3026 
10509 2901 7691 2097 
10510 4615 4617 4616 
10511 3397 4364 4168 
10512 5276 5773 3939 
10513 2949 7672 2947 
10514 4416 4417 4176 
10515 2950 2953 2951 
10516 3014 3016 3013 
10517 5020 8337 7451 
10518 5048 5050 5049 
10519 1490 1491 1471 
10520 3024 3025 3001 
10521 3377 4183 4182 
10522 7652 8559 1346 
10523 5853 6395 6394 
10524 4938 4940 4939 
10525 7038 7039 2831 
10526 1174 1175 1173 
10527 6230 6248 6231 
10528 6867 8987 5823 
10529 2131 2132 2130 
10530 4806 4807 4805 
10531 2135 2136 2134 
10532 1977 1978 1975 
10533 1440 8566 1396 
10534 3988 3989 3987 
10535 3870 5856 4713 
10536 5171 5172 5170 
10537 5484 5488 5486 
10538 7643 8335 3917 
10539 6497 6500 6499 
10540 4120 4372 4121 
10541 1194 1196 1195 
10542 2619 2620 2618 
10543 801 1533 809 
10544 911 913 912 
10545 5475 5477 5476 
10546 3712 3714 3713 
10547 3439 8247 3704 
10548 1811 1812 1810 
10549 3935 3936 3934 
10550 5701 5910 3920 
10551 1506 8229 4333 
10552 4607 4608 4495 
10553 7828 7831 7830 
10554 5481 6214 5485 
10555 5470 5481 5472 
10556 7386 7389 7388 
10557 1038 1040 1039 
10558 1313 1315 1314 
10559 8102 8820 5842 
10560 7905 7906 660 
10561 2617 2618 2616 
10562 1587 8463 4889 
10563 4183 4597 4596 
10564 1307 1309 1308 
10565 3262 8263 3260 
10566 3040 3340 3339 
10567 2990 5028 2988 
10568 7886 7889 7888 
10569 2046 2047 2045 
10570 2883 2886 2885 
10571 2791 3546 3545 
10572 2194 2196 2195 
10573 5050 5052 5051 
10574 784 790 789 
10575 4499 4500 4498 
10576 4718 4720 4719 
10577 3689 4355 3289 
10578 3286 3524 3523 
10579 2494 2495 2493 
10580 1402 1411 1403 
10581 1732 8827 1730 
10582 4861 4862 4860 
10583 7777 7781 7779 
10584 974 975 973 
10585 961 7864 963 
10586 891 892 890 
10587 1949 1951 1950 
10588 8554 8822 3462 
10589 3473 3474 3472 
10590 7775 7776 598 
10591 1595 1879 1504 
10592 2255 2256 2254 
10593 2252 8243 2203 
10594 6385 6387 6386 
10595 7746 8280 3838 
10596 4494 4495 4044 
10597 4117 4118 3936 
10598 1815 1816 1814 
10599 1036 1038 1037 
10600 3071 8253 1701 
10601 753 8208 756 
10602 5472 5484 5471 
10603 4974 4976 4975 
10604 3525 3540 3261 
10605 1606 1613 1612 
10606 6269 6270 5488 
10607 5233 5234 5120 
10608 2429 2431 2430 
10609 1832 1835 1834 
10610 6645 6651 4811 
10611 3466 3481 3221 
10612 4043 4044 3917 
10613 3546 4368 4165 
10614 7799 7802 7801 
10615 2192 2194 2193 
10616 1319 1321 1320 
10617 1717 1719 1718 
10618 6932 9194 6383 
10619 1508 1509 1491 
10620 5859 8093 4306 
10621 7761 7763 635 
10622 7804 7807 7806 
10623 6207 6228 4545 
10624 4561 6233 6232 
10625 1411 1413 1412 
10626 1077 1078 1076 
10627 2433 2435 2434 
10628 4497 4498 4118 
10629 3945 8675 3518 
10630 7891 7894 7893 
10631 7525 7526 602 
10632 8572 8883 2101 
10633 1176 1177 1175 
10634 1257 1258 1256 
10635 5027 6240 6238 
10636 5052 5054 5053 
10637 5481 5485 5472 
10638 3651 8327 3145 
10639 3055 7634 2433 
10640 5119 5120 4099 
10641 2921 8772 2689 
10642 7792 7794 7790 
10643 2634 2637 2636 
10644 2196 2198 2197 
10645 3289 8257 2277 
10646 4882 4909 4881 
10647 5607 5608 5219 
10648 4437 4438 3619 
10649 1703 1710 1709 
10650 5470 5471 5468 
10651 1292 1296 1295 
10652 3340 3610 3609 
10653 2940 8433 5146 
10654 5919 5920 3947 
10655 5986 9280 4608 
10656 1413 1419 1418 
10657 4535 4545 4146 
10658 4864 4865 4862 
10659 1081 1082 1080 
10660 3634 4065 4064 
10661 7661 8278 7660 
10662 3990 3991 3989 
10663 3017 3018 3016 
10664 3355 4180 4127 
10665 2739 2740 2256 
10666 1296 1302 1301 
10667 3888 5896 3933 
10668 3618 3619 3617 
10669 790 795 794 
10670 6106 8236 4477 
10671 5794 5802 5796 
10672 5885 5886 5884 
10673 5465 5466 5464 
10674 4634 5947 3877 
10675 3053 7627 1036 
10676 3543 3934 3469 
10677 2880 2882 2881 
10678 2499 2500 2498 
10679 4652 6047 5421 
10680 6160 6161 6159 
10681 3019 3021 3018 
10682 6219 6220 4577 
10683 5691 5692 5483 
10684 4038 5397 5372 
10685 792 8295 801 
10686 1639 1640 1638 
10687 2496 2498 2495 
10688 1910 1911 1909 
10689 5995 8224 5920 
10690 2200 2202 2201 
10691 1817 1818 1816 
10692 6081 6566 6110 
10693 3260 8263 3355 
10694 3573 3574 3572 
10695 5468 8212 5469 
10696 6238 6239 4571 
10697 5291 5292 4865 
10698 2016 2018 2017 
10699 2469 2471 2470 
10700 5116 6125 5117 
10701 1419 1429 1428 
10702 3960 8284 3235 
10703 3354 5901 4145 
10704 2994 3001 2992 
10705 5142 8902 6033 
10706 3365 3534 3285 
10707 5054 5056 5055 
10708 2621 2622 2620 
10709 5484 6269 5488 
10710 1588 1589 1569 
10711 5478 5482 5480 
10712 3524 4490 4146 
10713 6855 6856 6133 
10714 7943 7945 7944 
10715 5458 5461 5460 
10716 3692 3694 3693 
10717 4327 6954 5785 
10718 4960 8882 4958 
10719 5470 5472 5471 
10720 807 808 804 
10721 893 894 892 
10722 795 800 799 
10723 1114 1116 1115 
10724 1259 1260 1258 
10725 6259 6260 5665 
10726 7676 7680 7679 
10727 3549 3550 3373 
10728 4941 8847 4939 
10729 2515 2518 2517 
10730 4940 4942 4941 
10731 4535 6208 6207 
10732 2198 2200 2199 
10733 7196 8707 7287 
10734 4153 4509 3540 
10735 3375 3632 3631 
10736 6223 6224 6044 
10737 3865 8265 3001 
10738 1109 1112 1111 
10739 4551 4552 4127 
10740 2357 3214 2321 
10741 4428 4431 4430 
10742 3276 3277 3274 
10743 6378 8268 6381 
10744 5875 5876 5874 
10745 4760 4762 4761 
10746 1429 1467 1466 
10747 2725 8291 1628 
10748 4153 5027 4571 
10749 3603 4038 4030 
10750 6669 8631 4799 
10751 5548 5549 5547 
10752 5114 5116 5115 
10753 1914 1915 1913 
10754 1819 1820 1818 
10755 5471 8212 5468 
10756 2316 4360 2314 
10757 4782 4783 4781 
10758 976 977 975 
10759 2400 8818 2402 
10760 7533 7534 706 
10761 8593 8814 8121 
10762 3300 3671 3670 
10763 1905 2735 2734 
10764 3034 3035 3025 
10765 3840 4956 3843 
10766 7849 7850 7847 
10767 2443 2445 2444 
10768 3551 5844 3049 
10769 2202 2204 2203 
10770 1178 1179 1177 
10771 1083 1084 1082 
10772 3849 5007 4071 
10773 2301 8445 5018 
10774 5470 8206 5481 
10775 3230 3508 3156 
10776 4180 6087 4551 
10777 2527 2529 2528 
10778 2439 2441 2440 
10779 2107 2109 2108 
10780 3992 3993 3991 
10781 5893 6040 4141 
10782 2137 2138 2136 
10783 5235 5238 5123 
10784 3706 5778 5777 
10785 4065 4475 4474 
10786 5465 8206 5466 
10787 913 915 914 
10788 3641 4051 3317 
10789 3516 4493 4492 
10790 2730 8244 3276 
10791 6081 6110 6080 
10792 2465 2467 2466 
10793 2741 3587 3351 
10794 2765 2766 2724 
10795 1085 1087 1084 
10796 1677 1678 1589 
10797 3839 8667 2252 
10798 5056 5058 5057 
10799 2490 8197 2491 
10800 2727 2728 1901 
10801 6087 6090 4551 
10802 4155 6081 6080 
10803 3587 5220 3588 
10804 4404 6017 4403 
10805 4535 6207 4545 
10806 3852 5015 4027 
10807 3944 3946 3615 
10808 895 896 894 
10809 6158 6159 5504 
10810 2319 4363 2317 
10811 934 3880 932 
10812 1664 8329 2709 
10813 8782 8824 5831 
10814 7788 8248 257 
10815 1354 1355 1343 
10816 8125 8371 2797 
10817 1981 1982 1980 
10818 4432 4434 3503 
10819 5466 5470 5468 
10820 2726 3262 3260 
10821 3031 3032 3029 
10822 2533 2535 2534 
10823 1302 1305 1304 
10824 2449 2451 2450 
10825 1613 1615 1614 
10826 3381 9232 9215 
10827 5466 8206 5470 
10828 2445 2447 2446 
10829 3524 4146 3523 
10830 3566 4389 4066 
10831 2204 2206 2205 
10832 978 979 977 
10833 3812 3813 3811 
10834 5027 6238 4571 
10835 4942 4944 4943 
10836 7205 7208 7207 
10837 7431 8348 3056 
10838 3223 8775 2759 
10839 1483 7735 1479 
10840 2501 2502 2500 
10841 5122 5123 4123 
10842 2141 2142 2140 
10843 1821 1822 1820 
10844 6168 6169 4536 
10845 3905 5303 3902 
10846 325 8252 8085 
10847 3372 3373 3107 
10848 4994 7673 3916 
10849 6493 6496 6494 
10850 3498 3566 3565 
10851 3525 4153 3540 
10852 3922 8253 3071 
10853 3643 3644 3388 
10854 3677 4423 3508 
10855 5538 6353 6352 
10856 2882 8093 2883 
10857 3316 3922 3071 
10858 767 778 777 
10859 5173 5174 5172 
10860 3135 3137 3136 
10861 1244 7860 1246 
10862 1564 1565 1509 
10863 2883 8093 2886 
10864 3538 3539 3474 
10865 3363 3601 3600 
10866 4221 4223 4222 
10867 2360 2361 2359 
10868 4724 4726 4725 
10869 3700 4032 4031 
10870 4208 8714 4207 
10871 4111 8449 8323 
10872 2358 2359 2329 
10873 5058 5060 5059 
10874 3805 8309 3807 
10875 5134 5634 4172 
10876 1387 9495 1402 
10877 2451 2453 2452 
10878 6117 6199 6197 
10879 4990 8288 3214 
10880 2435 2437 2436 
10881 1951 1953 1952 
10882 3324 3325 3035 
10883 4641 6115 6114 
10884 1196 1198 1197 
10885 3137 3259 3258 
10886 2455 2457 2456 
10887 4490 4535 4146 
10888 3452 3937 3679 
10889 3675 4382 3325 
10890 5853 8344 6395 
10891 3259 3589 3357 
10892 3505 7737 2459 
10893 5295 5297 5296 
10894 5341 5342 5340 
10895 4511 6074 5542 
10896 2933 2980 2935 
10897 3286 3523 3365 
10898 4153 4571 4509 
10899 5469 8212 5475 
10900 4180 4551 4127 
10901 756 1327 758 
10902 1710 2715 2714 
10903 3090 3135 3092 
10904 2733 3045 1904 
10905 3575 4025 3574 
10906 4485 5285 4382 
10907 1593 1594 1557 
10908 1577 1578 1513 
10909 5551 8228 4490 
10910 2867 8191 2869 
10911 3899 3917 3896 
10912 3355 3525 3261 
10913 3323 4120 4119 
10914 2308 2981 2784 
10915 3558 3877 3124 
10916 4409 4410 3426 
10917 3523 4132 3365 
10918 1657 1900 1899 
10919 3355 4127 3525 
10920 6390 6391 6253 
10921 1615 1617 1616 
10922 3105 5121 3103 
10923 915 917 916 
10924 2993 2996 2995 
10925 6928 6929 6926 
10926 1180 1181 1179 
10927 4808 4809 4807 
10928 4155 5454 4051 
10929 3977 7827 3456 
10930 4034 4451 4450 
10931 8038 8039 8036 
10932 2623 2624 2622 
10933 3188 3189 2766 
10934 4869 9285 6853 
10935 1222 1449 1219 
10936 4553 5457 4554 
10937 5181 6094 5180 
10938 5069 5359 5358 
10939 3405 3469 3132 
10940 2461 2463 2462 
10941 3389 3650 3648 
10942 1261 1262 1260 
10943 3582 4403 3153 
10944 5462 5465 5464 
10945 1552 4415 4408 
10946 3089 8310 3087 
10947 6883 6886 6885 
10948 3666 6646 4653 
10949 7845 8266 139 
10950 2702 2703 2700 
10951 6491 6493 6492 
10952 9449 9537 4814 
10953 835 1387 1341 
10954 5254 8231 4370 
10955 1198 1200 1199 
10956 5060 5062 5061 
10957 2289 3294 3293 
10958 3009 3011 3010 
10959 6095 6130 6094 
10960 1101 1103 1102 
10961 5286 5287 5285 
10962 2278 3291 3290 
10963 2518 2520 2519 
10964 1217 3878 1215 
10965 2362 2363 2361 
10966 2287 2289 2288 
10967 5179 5180 4526 
10968 2459 2461 2460 
10969 3256 3270 2795 
10970 3310 3331 3330 
10971 1467 1488 1487 
10972 1985 1986 1984 
10973 3213 8283 5906 
10974 6567 6568 5645 
10975 1309 1311 1310 
10976 761 3073 763 
10977 4324 5811 3864 
10978 4509 8235 5453 
10979 7865 8676 3151 
10980 6252 6253 5615 
10981 7879 7880 7878 
10982 1118 1120 1119 
10983 3806 8221 4821 
10984 2693 2696 2695 
10985 3994 3995 3993 
10986 2696 3246 3245 
10987 5860 5862 4328 
10988 3689 4356 4355 
10989 1647 1648 1646 
10990 3060 3156 3058 
10991 6204 6416 5636 
10992 2699 2700 2698 
10993 1719 1721 1720 
10994 939 1450 936 
10995 5308 5957 4387 
10996 5822 8808 5821 
10997 3022 3026 3021 
10998 1315 1317 1316 
10999 5426 5427 4909 
11000 3070 5858 3315 
11001 4251 6015 4599 
11002 2052 2053 2051 
11003 3163 5222 3216 
11004 5503 5504 4143 
11005 1323 4250 4249 
11006 1182 1183 1181 
11007 2691 2693 2692 
11008 2274 2275 1903 
11009 1643 1644 1640 
11010 2872 8585 2870 
11011 3630 5851 3338 
11012 2285 2287 2286 
11013 1668 1669 1594 
11014 8080 8347 3096 
11015 5354 5436 4434 
11016 7975 8812 8627 
11017 6027 6060 4371 
11018 2022 2024 2023 
11019 2503 2504 2502 
11020 3485 8445 2758 
11021 2751 3498 3497 
11022 7699 8226 7837 
11023 2916 7856 2914 
11024 4944 4946 4945 
11025 1476 1477 1463 
11026 2208 2210 2209 
11027 5078 5079 5076 
11028 4440 4573 4572 
11029 2869 8191 5029 
11030 5821 8808 8510 
11031 5398 5401 5400 
11032 2048 2049 2047 
11033 2712 8269 3256 
11034 2975 4314 2669 
11035 5482 5691 5483 
11036 4348 8250 1687 
11037 9263 9295 6454 
11038 4355 8257 3289 
11039 3286 3365 3285 
11040 897 898 896 
11041 1473 1474 1457 
11042 1088 1089 1087 
11043 3260 3355 3261 
11044 5062 5064 5063 
11045 2790 8325 2015 
11046 6537 6640 5574 
11047 3226 7920 3224 
11048 5297 6062 5298 
11049 5505 5506 5174 
11050 1122 1124 1123 
11051 7266 8614 3755 
11052 4844 5003 4843 
11053 4026 4452 4025 
11054 2629 2630 2628 
11055 2505 2507 2504 
11056 4762 4764 4763 
11057 2717 2719 2718 
11058 2886 2888 2887 
11059 4155 6080 5454 
11060 980 981 979 
11061 3536 4471 4470 
11062 2539 2541 2540 
11063 3000 3003 3002 
11064 3407 3408 3240 
11065 3038 3039 3033 
11066 5400 5402 5399 
11067 4369 5949 5861 
11068 5804 6740 5859 
11069 5593 5594 5549 
11070 6034 7200 7199 
11071 4476 5035 4512 
11072 1617 1619 1618 
11073 3680 3682 3408 
11074 4726 4728 4727 
11075 4417 4641 4640 
11076 3951 4387 3592 
11077 7707 8234 7815 
11078 3894 5898 3892 
11079 2267 2268 2266 
11080 3639 4594 4593 
11081 3757 8614 4748 
11082 2297 2743 2298 
11083 2020 2022 2021 
11084 6149 7630 7629 
11085 6131 6132 6130 
11086 2508 2510 2507 
11087 6848 8406 3734 
11088 4453 4514 4452 
11089 3027 3042 3026 
11090 4967 4995 4965 
11091 2093 8264 8041 
11092 5249 6915 5001 
11093 2372 2373 2371 
11094 1916 1917 1915 
11095 4910 7187 6795 
11096 1493 1512 1511 
11097 4736 6447 6446 
11098 4594 6084 6083 
11099 2715 3306 3305 
11100 4336 8388 5341 
11101 3286 8246 3524 
11102 2677 8324 3794 
11103 5634 6204 5636 
11104 5634 5636 4172 
11105 2212 2214 2213 
11106 4511 8213 6074 
11107 3387 3388 3208 
11108 2303 5810 1856 
11109 6154 6177 5040 
11110 2743 2796 2744 
11111 4451 5331 4519 
11112 8323 8449 5401 
11113 2736 8328 1736 
11114 2214 2216 2215 
11115 1611 8650 7474 
11116 899 900 898 
11117 5584 6138 5287 
11118 6157 8299 4522 
11119 3814 3815 3813 
11120 2210 2212 2211 
11121 1496 1556 1555 
11122 6117 6197 6115 
11123 1340 1343 856 
11124 7907 7909 7906 
11125 3003 3005 3004 
11126 4657 5431 4410 
11127 3456 3493 3457 
11128 4643 4646 3682 
11129 4223 4225 4224 
11130 3478 8416 3956 
11131 1703 8311 1710 
11132 7569 7571 7570 
11133 3606 3860 3252 
11134 4512 4513 4477 
11135 3190 3191 3189 
11136 1869 1870 1868 
11137 3641 4155 4051 
11138 8273 8313 4354 
11139 5614 5615 4170 
11140 3192 3318 3191 
11141 4535 8228 6208 
11142 5557 5558 4809 
11143 4259 5943 3512 
11144 1263 1264 1262 
11145 1078 8582 1081 
11146 1374 1376 1355 
11147 3013 3015 3011 
11148 3540 8254 3261 
11149 4786 4787 4785 
11150 4572 5524 4439 
11151 1239 1240 1230 
11152 3008 8249 3009 
11153 2342 8271 2334 
11154 2996 2998 2997 
11155 2959 4311 2961 
11156 4356 5607 5219 
11157 801 8295 1533 
11158 5566 5567 5427 
11159 5401 6195 5631 
11160 4490 8228 4535 
11161 3996 3997 3995 
11162 6086 6191 6190 
11163 1042 1044 1043 
11164 3963 3964 3393 
11165 901 902 900 
11166 1184 1185 1183 
11167 3392 3393 2803 
11168 5477 8279 5478 
11169 3569 4212 4211 
11170 3564 4172 3641 
11171 1867 1868 1866 
11172 3520 4176 4175 
11173 2370 2371 2369 
11174 3336 3440 3439 
11175 5482 6201 5691 
11176 6239 8235 4571 
11177 1423 1455 1454 
11178 4422 5905 3914 
11179 6825 7771 4968 
11180 2998 3000 2999 
11181 936 8364 934 
11182 7325 8442 5784 
11183 5119 8799 5233 
11184 5004 5005 5003 
11185 6185 6422 5886 
11186 2764 2791 2707 
11187 4183 4596 4182 
11188 1823 1824 1822 
11189 1920 1921 1919 
11190 5064 5066 5065 
11191 2722 8296 739 
11192 800 806 805 
11193 2143 2144 2142 
11194 6220 8419 4577 
11195 5694 5875 5874 
11196 2264 8311 1703 
11197 5774 6925 5773 
11198 1425 1464 1462 
11199 4571 8235 4509 
11200 5595 5596 5594 
11201 1704 1705 1678 
11202 5159 6206 4597 
11203 2734 3286 3285 
11204 8034 8282 225 
11205 3870 8322 5856 
11206 1265 1266 1264 
11207 5237 8634 8555 
11208 2236 2239 2238 
11209 1721 1723 1722 
11210 1953 1955 1954 
11211 5084 5085 5082 
11212 2888 2890 2889 
11213 2719 2780 2720 
11214 4545 8251 4146 
11215 956 957 949 
11216 2989 3143 2991 
11217 3121 5129 3254 
11218 3260 3261 2727 
11219 3009 3010 3007 
11220 6920 9227 5281 
11221 3319 3320 3318 
11222 2243 9520 7397 
11223 3355 8263 4180 
11224 2796 2798 2797 
11225 6114 6419 4640 
11226 3564 3641 3317 
11227 7428 9080 5148 
11228 2024 2026 2025 
11229 2234 2236 2235 
11230 1392 1393 1376 
11231 5398 5399 5397 
11232 1416 1417 1393 
11233 1430 1431 1417 
11234 2633 8009 2634 
11235 1989 1990 1988 
11236 5028 8294 2988 
11237 1288 3052 1280 
11238 4438 4440 4439 
11239 2625 2626 2624 
11240 2890 2893 2891 
11241 5927 5928 4310 
11242 6500 6502 6501 
11243 4515 4516 4514 
11244 4971 8009 2633 
11245 6059 8455 3083 
11246 1267 1268 1266 
11247 982 983 981 
11248 2374 2375 2373 
11249 2969 5890 5888 
11250 5882 5885 5884 
11251 1090 1091 1089 
11252 1468 1469 1431 
11253 7885 8948 3015 
11254 4075 4076 4073 
11255 5859 8822 8554 
11256 1595 1880 1879 
11257 3237 8805 3868 
11258 2278 3290 3289 
11259 4639 8327 3651 
11260 2629 8415 8201 
11261 3315 8361 3639 
11262 4547 4549 4548 
11263 4225 4227 4226 
11264 6268 6393 5457 
11265 1405 1406 1385 
11266 1488 1501 1500 
11267 2878 3585 2876 
11268 5719 5720 5717 
11269 1686 1687 1571 
11270 2513 2514 2511 
11271 3692 3693 3612 
11272 4552 8256 4127 
11273 5478 8279 5482 
11274 7535 7538 7534 
11275 1369 3067 1351 
11276 1526 1527 1486 
11277 2349 2351 2350 
11278 8375 8669 3050 
11279 4728 4730 4729 
11280 3276 8688 3507 
11281 5066 5068 5067 
11282 4212 4626 4625 
11283 4946 4948 4947 
11284 3291 3564 3317 
11285 5465 8320 8122 
11286 4764 4766 4765 
11287 5486 8277 8212 
11288 1574 8292 773 
11289 3279 8539 3232 
11290 1128 1130 1129 
11291 5507 5508 5506 
11292 6061 6071 4449 
11293 4283 5247 3425 
11294 5038 5260 5037 
11295 4359 8331 3373 
11296 5006 5136 5005 
11297 3546 4165 3545 
11298 2773 2775 2305 
11299 5568 5569 5567 
11300 6060 8679 4371 
11301 8800 8844 5835 
11302 6098 8308 4169 
11303 3263 8650 1898 
11304 2543 2545 2544 
11305 5100 8642 8551 
11306 984 985 983 
11307 1649 1650 1648 
11308 1619 1621 1620 
11309 4553 6268 5457 
11310 4790 4791 4789 
11311 1362 1380 1379 
11312 5401 5631 5400 
11313 1092 1093 1091 
11314 3344 3347 3346 
11315 3633 3634 3632 
11316 903 904 902 
11317 7881 7882 7880 
11318 1407 1408 1381 
11319 3689 5034 4356 
11320 1723 1725 1724 
11321 932 8441 928 
11322 1364 3069 1348 
11323 3496 4343 2750 
11324 2550 2552 2551 
11325 2054 2055 2053 
11326 5744 9322 8816 
11327 1528 1558 1527 
11328 4146 8251 3523 
11329 2963 4302 3288 
11330 986 987 985 
11331 1697 1698 1598 
11332 1593 1668 1594 
11333 813 814 808 
11334 2145 2146 2144 
11335 5607 6435 5608 
11336 7133 8286 7662 
11337 4153 8256 5027 
11338 5425 7738 3400 
11339 3225 3226 3224 
11340 2149 2150 2148 
11341 3523 8251 4132 
11342 758 8390 761 
11343 3756 7751 1689 
11344 3923 8749 5916 
11345 5597 5598 5596 
11346 4303 4469 4467 
11347 4580 4581 4579 
11348 1482 1483 1479 
11349 2740 3473 3472 
11350 3959 3960 3235 
11351 4417 4640 4176 
11352 1827 1828 1826 
11353 1593 1670 1668 
11354 6933 8775 3949 
11355 4182 4553 3577 
11356 2293 2294 1698 
11357 6502 6504 6503 
11358 2893 3419 2894 
11359 5844 8339 3049 
11360 4641 6114 4640 
11361 6486 6487 4637 
11362 3998 3999 3997 
11363 5359 5695 5360 
11364 5035 5671 4512 
11365 3816 3817 3815 
11366 3290 3689 3289 
11367 1186 1187 1185 
11368 3938 5911 3912 
11369 4476 4477 4475 
11370 5334 5583 4516 
11371 1498 8488 1552 
11372 4256 5894 3219 
11373 1368 1384 1383 
11374 2278 3289 2277 
11375 6260 8690 5665 
11376 2111 2113 2112 
11377 3525 8256 4153 
11378 4471 5554 5531 
11379 5856 6670 4713 
11380 1607 7663 1537 
11381 4127 8256 3525 
11382 3747 7990 3745 
11383 1398 1421 1410 
11384 4358 8310 3089 
11385 5437 5438 4995 
11386 2485 2487 2486 
11387 1094 1095 1093 
11388 4572 6111 5524 
11389 2556 2558 2557 
11390 3021 3023 3018 
11391 2660 2661 2659 
11392 2778 8405 8269 
11393 2344 2347 2346 
11394 4176 8240 4175 
11395 1147 3243 1345 
11396 4227 4229 4228 
11397 3291 3317 3290 
11398 787 8317 3874 
11399 3040 3339 3039 
11400 5878 6235 5880 
11401 2113 2115 2114 
11402 1849 1850 1847 
11403 2216 2218 2217 
11404 4561 8607 6233 
11405 3354 8674 5901 
11406 1481 1506 1505 
11407 4368 5538 4165 
11408 1955 1957 1956 
11409 1096 1098 1095 
11410 3380 3617 3616 
11411 2780 3301 2781 
11412 1695 9365 8329 
11413 4400 4401 3860 
11414 2376 2377 2375 
11415 1328 3292 1350 
11416 1688 2278 2277 
11417 6178 6179 5102 
11418 3888 8443 5896 
11419 2789 8562 3420 
11420 4730 4732 4731 
11421 4142 5502 5501 
11422 2481 2483 2482 
11423 3042 3096 3026 
11424 4663 6663 6057 
11425 1269 1270 1268 
11426 4218 6055 3665 
11427 5607 6436 6435 
11428 3633 5039 4126 
11429 3696 8213 3694 
11430 5920 8359 3947 
11431 5738 5801 1840 
11432 823 825 824 
11433 4440 4572 4439 
11434 5398 5400 5399 
11435 2651 2652 2649 
11436 5074 5075 5073 
11437 1329 1330 1299 
11438 2802 2803 2283 
11439 1880 2255 2254 
11440 4923 6989 6858 
11441 3140 3569 3568 
11442 2378 2379 2377 
11443 5475 8277 5477 
11444 2026 2028 2027 
11445 4993 4994 3916 
11446 1670 1905 1904 
11447 1846 1847 1845 
11448 2772 4441 1484 
11449 5695 6647 5696 
11450 3321 3383 3320 
11451 5462 8320 5465 
11452 3029 8242 3027 
11453 1905 2734 2733 
11454 4715 8522 4718 
11455 2218 2220 2219 
11456 9319 9324 5929 
11457 4438 4439 3619 
11458 5443 5444 4401 
11459 5137 5138 5136 
11460 3428 3429 2294 
11461 2940 5146 3104 
11462 4309 7754 2516 
11463 3587 3588 3351 
11464 4868 8459 3446 
11465 2648 2649 2647 
11466 3374 3375 3298 
11467 1740 1742 1741 
11468 4391 5333 5309 
11469 2734 3285 2733 
11470 1007 3268 999 
11471 6718 7618 4696 
11472 3239 3240 2292 
11473 2726 3260 2727 
11474 2731 2732 2268 
11475 1905 2733 1904 
11476 1899 2726 1901 
11477 1421 1432 1422 
11478 6829 8318 6831 
11479 3005 3043 3004 
11480 4000 4001 3999 
11481 5107 8945 5109 
11482 2726 2727 1901 
11483 1899 1901 1674 
11484 4556 4558 4557 
11485 1688 2277 1687 
11486 4996 7998 5915 
11487 3294 8255 3293 
11488 1332 1333 1018 
11489 5261 5262 5260 
11490 1501 1561 1560 
11491 1657 1899 1674 
11492 1670 1904 1668 
11493 3875 8326 769 
11494 4081 4082 4079 
11495 4038 5398 5397 
11496 5122 8807 5235 
11497 1657 1674 1577 
11498 3301 3328 3302 
11499 1537 1539 1538 
11500 3377 4182 3577 
11501 1539 1541 1540 
11502 1498 1499 1483 
11503 4330 5999 4523 
11504 4913 8105 4911 
11505 3027 8242 3042 
11506 2527 2528 2525 
11507 6504 6506 6505 
11508 3377 3577 3096 
11509 830 832 831 
11510 1134 1136 1135 
11511 2477 2479 2478 
11512 7430 8988 7431 
11513 5115 8669 5112 
11514 5629 8492 2965 
11515 1188 1189 1187 
11516 2018 8214 2017 
11517 3845 8334 3847 
11518 4476 4512 4477 
11519 5240 6210 6209 
11520 1559 1600 1558 
11521 7595 8426 5815 
11522 2398 2399 2396 
11523 3519 3637 3341 
11524 905 906 904 
11525 6169 8440 4536 
11526 3918 8566 1440 
11527 3246 8260 3245 
11528 2994 3024 3001 
11529 2798 3335 2799 
11530 826 827 814 
11531 1658 1659 1656 
11532 1596 1598 1534 
11533 2943 3882 2642 
11534 5263 6036 5262 
11535 1957 1959 1958 
11536 3512 8521 3178 
11537 1922 1923 1921 
11538 3340 3609 3339 
11539 3384 3673 3383 
11540 1621 1623 1622 
11541 5509 5510 5508 
11542 6382 6384 6380 
11543 3091 4358 3089 
11544 988 989 987 
11545 4063 5904 3910 
11546 8212 8277 5475 
11547 5461 8320 5462 
11548 5039 6150 5040 
11549 3818 3819 3817 
11550 3106 3371 3370 
11551 5482 8279 6201 
11552 2115 2117 2116 
11553 6722 7750 4992 
11554 1271 1273 1270 
11555 3602 3603 3601 
11556 4766 4768 4767 
11557 2631 2632 2630 
11558 9039 9099 2645 
11559 4674 4675 4673 
11560 2311 2806 2805 
11561 1561 1603 1602 
11562 3003 3004 3002 
11563 3616 3654 3379 
11564 2473 2475 2474 
11565 3610 4520 3609 
11566 4288 4289 4087 
11567 3826 5374 4192 
11568 1576 1657 1577 
11569 6888 8097 5747 
11570 3342 3520 3519 
11571 1703 1709 1700 
11572 5139 5140 5138 
11573 952 3054 996 
11574 2794 5110 2711 
11575 3371 4070 4069 
11576 4576 5102 4098 
11577 3249 3364 3362 
11578 2412 9100 5816 
11579 3464 9089 9038 
11580 3527 3530 3529 
11581 1004 1014 1013 
11582 4948 4950 4949 
11583 1926 1927 1925 
11584 3117 4624 3663 
11585 1238 3068 1279 
11586 5030 5747 4750 
11587 3419 3709 3560 
11588 4065 4476 4475 
11589 2491 2493 2492 
11590 3256 8745 3460 
11591 3297 3376 3374 
11592 1287 1298 1297 
11593 3277 3380 3379 
11594 3621 3624 3623 
11595 1200 1202 1201 
11596 2952 8543 4284 
11597 5072 5073 4154 
11598 3420 3421 3313 
11599 5972 5974 5973 
11600 1725 1727 1726 
11601 2562 2564 2563 
11602 4155 8270 6081 
11603 3674 4059 3673 
11604 4229 4231 4230 
11605 3545 3551 3049 
11606 5766 8275 7705 
11607 2730 3274 3273 
11608 3042 3377 3096 
11609 5146 8823 7365 
11610 3709 4645 4644 
11611 2380 2381 2379 
11612 855 856 827 
11613 3401 8380 2815 
11614 917 919 918 
11615 1685 2707 1686 
11616 6209 6211 5242 
11617 1930 1931 1929 
11618 8685 8769 3291 
11619 1686 1688 1687 
11620 3000 3002 2999 
11621 5570 5571 5569 
11622 1373 1443 1399 
11623 933 8303 935 
11624 2342 8274 8271 
11625 3798 4849 4189 
11626 5866 8363 4360 
11627 6099 6148 6100 
11628 4448 4449 4442 
11629 1535 2311 1597 
11630 6097 6099 6098 
11631 5895 6741 5710 
11632 2262 2783 2782 
11633 925 8158 927 
11634 1779 8373 2767 
11635 1274 1275 1273 
11636 3581 5257 4308 
11637 5080 5081 5079 
11638 4002 4003 4001 
11639 3700 4031 3698 
11640 2515 2517 2514 
11641 5910 8662 3920 
11642 935 3111 938 
11643 2255 2739 2256 
11644 1869 8261 1870 
11645 3270 3342 3341 
11646 1586 5175 1575 
11647 1685 1686 1571 
11648 5818 5991 5314 
11649 1099 1100 1098 
11650 4172 8270 3641 
11651 3004 3314 3002 
11652 5234 6140 5586 
11653 3024 3034 3025 
11654 5538 5585 4165 
11655 5970 5972 5971 
11656 3641 8270 4155 
11657 1570 1685 1571 
11658 3694 4511 3693 
11659 2947 2948 2945 
11660 4889 8463 6941 
11661 3148 3554 3553 
11662 907 908 906 
11663 5692 8293 5694 
11664 990 992 989 
11665 1218 3128 1221 
11666 6506 6508 6507 
11667 5245 6723 6609 
11668 2028 2030 2029 
11669 2762 9085 9015 
11670 5141 5716 5140 
11671 5636 8270 4172 
11672 3876 4157 4156 
11673 5563 6672 5562 
11674 4047 4048 3596 
11675 4170 8198 3539 
11676 3297 3298 3296 
11677 1432 1470 1433 
11678 3844 5815 2973 
11679 3362 3363 3250 
11680 4231 4233 4232 
11681 834 844 843 
11682 6161 8960 6159 
11683 1216 8304 1218 
11684 3032 8242 3029 
11685 1829 1830 1828 
11686 2222 2224 2223 
11687 4469 5545 5528 
11688 4034 4450 4032 
11689 5561 5562 5560 
11690 2791 3545 3049 
11691 1190 1191 1189 
11692 3364 4099 4098 
11693 4732 4739 4733 
11694 3293 8255 3849 
11695 993 994 992 
11696 1192 1193 1191 
11697 806 812 811 
11698 3886 3887 3885 
11699 909 910 908 
11700 5282 5929 4380 
11701 3633 4126 3634 
11702 8390 8391 3073 
11703 4652 5421 4056 
11704 1576 1577 1513 
11705 5039 5040 4126 
11706 1601 1699 1600 
11707 1603 1682 1681 
11708 3245 8260 3852 
11709 5713 6762 5714 
11710 2783 3945 3518 
11711 5599 5600 5598 
11712 1459 1460 1446 
11713 5656 6627 6532 
11714 6150 6154 5040 
11715 4654 4655 3667 
11716 1592 1593 1557 
11717 4051 8501 8306 
11718 3328 3343 3329 
11719 5615 8198 4170 
11720 1276 1277 1275 
11721 2674 8345 2664 
11722 4558 4982 4981 
11723 2518 2519 2517 
11724 5127 8632 3580 
11725 2726 8300 3262 
11726 3617 4179 3616 
11727 2769 3231 2768 
11728 1623 1625 1624 
11729 3664 3665 3118 
11730 1550 1551 1499 
11731 1993 1994 1992 
11732 3152 3876 3378 
11733 5132 8619 1711 
11734 3554 3646 3645 
11735 5098 5239 3275 
11736 4500 4503 4502 
11737 3249 3250 3248 
11738 5921 5996 5995 
11739 2382 2384 2381 
11740 3408 9077 3240 
11741 4527 6143 5621 
11742 2791 3049 2707 
11743 5436 5829 5828 
11744 4576 6372 6178 
11745 7676 7679 1494 
11746 3376 4123 4122 
11747 3368 3369 3226 
11748 8400 8688 8244 
11749 7519 7520 2910 
11750 1223 1229 1228 
11751 1140 1142 1141 
11752 3399 8104 4246 
11753 5258 8059 4372 
11754 848 850 849 
11755 5658 6554 5675 
11756 2777 8400 8244 
11757 2355 2694 2690 
11758 4640 8240 4176 
11759 5111 5112 5110 
11760 3237 3413 3412 
11761 2385 2386 2384 
11762 5753 5754 4994 
11763 1470 1490 1471 
11764 6086 6190 6084 
11765 995 997 994 
11766 3273 3275 2729 
11767 3957 5658 5131 
11768 1541 1543 1542 
11769 1676 8245 1584 
11770 2996 2997 2995 
11771 791 797 796 
11772 940 946 945 
11773 4684 4685 4587 
11774 3280 3281 3279 
11775 3520 4175 3519 
11776 3630 5852 5851 
11777 2669 8290 2661 
11778 2739 8341 2740 
11779 2757 8388 3483 
11780 5766 7705 6946 
11781 6447 6449 6448 
11782 4850 4853 4852 
11783 2413 2414 2411 
11784 1313 8402 1315 
11785 5915 8381 5914 
11786 4062 5430 4642 
11787 2117 2119 2118 
11788 2030 2032 2031 
11789 4060 4072 4059 
11790 3820 3821 3819 
11791 4672 4673 3672 
11792 5563 8276 6672 
11793 3636 3685 3684 
11794 3375 3633 3632 
11795 5739 8427 6798 
11796 5885 6185 5886 
11797 3602 4111 3603 
11798 1490 1508 1491 
11799 8253 8479 1701 
11800 2533 2534 2531 
11801 2694 3075 3074 
11802 4828 8421 4830 
11803 2579 8399 2747 
11804 2419 8693 2421 
11805 1900 8300 1899 
11806 3059 3062 3061 
11807 5086 5087 5085 
11808 5240 5242 5239 
11809 2263 2768 1680 
11810 2741 8439 3587 
11811 3366 3885 3164 
11812 1567 1588 1569 
11813 1959 1961 1960 
11814 3277 3379 3274 
11815 5974 5976 5975 
11816 6191 6255 6190 
11817 1583 1584 1554 
11818 6387 6451 6386 
11819 4982 6808 6687 
11820 4463 4464 4061 
11821 1754 1756 1755 
11822 4950 4952 4951 
11823 2387 2388 2386 
11824 6508 6510 6509 
11825 1105 1106 1103 
11826 3363 3602 3601 
11827 7123 8473 5177 
11828 1727 1729 1728 
11829 1545 1547 1546 
11830 3473 3538 3474 
11831 2712 2795 2794 
11832 4768 4770 4769 
11833 5538 6352 5585 
11834 7213 7214 7212 
11835 5238 6175 5589 
11836 4286 8445 3485 
11837 4721 8551 4724 
11838 3715 8555 4221 
11839 3656 3659 3658 
11840 1543 1545 1544 
11841 4147 5617 5616 
11842 3410 3411 3281 
11843 5113 5114 5112 
11844 2469 2470 2467 
11845 3961 6772 4662 
11846 3562 8352 3283 
11847 2998 2999 2997 
11848 2927 8406 2925 
11849 4233 4264 4234 
11850 2570 2572 2571 
11851 3075 3572 3541 
11852 4004 4005 4003 
11853 4530 4531 4412 
11854 1902 5857 1871 
11855 1511 1576 1513 
11856 3946 4533 4532 
11857 5919 5921 5920 
11858 7338 7517 1361 
11859 1679 2262 2261 
11860 3956 8416 5030 
11861 2957 7672 2949 
11862 1555 1592 1557 
11863 5459 8387 8080 
11864 1493 1511 1495 
11865 1622 8907 1620 
11866 1511 1513 1495 
11867 5110 8669 8375 
11868 7696 8461 5241 
11869 1625 1627 1626 
11870 3062 3237 3236 
11871 1481 1505 1504 
11872 2199 8864 2197 
11873 4158 4159 4048 
11874 4255 5245 5244 
11875 4397 6011 4396 
11876 1496 1555 1497 
11877 2419 2420 2417 
11878 3662 4021 4020 
11879 1493 1495 1473 
11880 1555 1557 1497 
11881 4091 4094 4093 
11882 4110 4612 4611 
11883 6729 6730 4665 
11884 5617 6401 6176 
11885 2697 2701 2674 
11886 5828 8688 8400 
11887 1508 1564 1509 
11888 5853 6394 5854 
11889 1481 1504 1480 
11890 2276 5940 5846 
11891 4524 4525 3562 
11892 2520 2548 2519 
11893 1496 1497 1476 
11894 5659 7956 4240 
11895 5636 8446 8270 
11896 3466 3482 3481 
11897 1760 1762 1761 
11898 5428 5429 3585 
11899 3440 3442 3441 
11900 2275 2730 2729 
11901 1058 1060 1059 
11902 4704 6734 6733 
11903 3102 3173 3172 
11904 6252 6390 6253 
11905 3957 8482 5658 
11906 1505 1595 1504 
11907 3295 3296 3294 
11908 2247 2312 2284 
11909 1506 1570 1507 
11910 5088 5089 5087 
11911 3310 3330 3308 
11912 3849 8255 5007 
11913 8306 8501 5034 
11914 3630 5853 5852 
11915 5511 5512 5510 
11916 2511 8322 2510 
11917 2485 2486 2483 
11918 8270 8446 6081 
11919 797 803 798 
11920 3247 3248 3246 
11921 4077 4078 4076 
11922 4147 4148 3541 
11923 3822 3823 3821 
11924 4638 4639 3651 
11925 3270 3341 2795 
11926 4677 5759 4270 
11927 3649 4436 3390 
11928 2491 2492 2489 
11929 4331 5897 5864 
11930 812 818 817 
11931 8405 8745 8269 
11932 1062 1064 1063 
11933 2690 2691 2356 
11934 5572 5705 5571 
11935 1066 1068 1067 
11936 4564 4565 4563 
11937 3324 3675 3325 
11938 3215 3221 3220 
11939 4136 4139 4138 
11940 1278 1282 1277 
11941 4533 5610 5609 
11942 1570 1571 1507 
11943 1827 8865 1829 
11944 4952 4954 4953 
11945 2703 2712 2711 
11946 3852 8260 5015 
11947 3541 8357 3074 
11948 6893 7691 2901 
11949 1472 1493 1473 
11950 2705 8799 8409 
11951 2495 2497 2493 
11952 8668 8932 5889 
11953 1766 1768 1767 
11954 858 860 859 
11955 6378 6379 6377 
11956 1377 8611 6541 
11957 4361 6473 5230 
11958 3708 5918 5917 
11959 803 807 804 
11960 2389 2391 2388 
11961 1050 1052 1051 
11962 2455 2456 2453 
11963 1146 1149 1148 
11964 5090 5091 5089 
11965 6898 9189 9152 
11966 5436 5828 4434 
11967 2574 2576 2575 
11968 1475 1496 1476 
11969 1700 8350 1699 
11970 3339 3358 3039 
11971 5721 5722 5720 
11972 3513 3514 2954 
11973 4178 4317 4316 
11974 3034 3324 3035 
11975 3099 8469 3723 
11976 4389 4390 4066 
11977 3646 4384 4199 
11978 911 912 910 
11979 741 8424 2722 
11980 4264 4694 4265 
11981 1856 8312 1850 
11982 5029 8497 2871 
11983 1054 1056 1055 
11984 1194 1195 1193 
11985 755 1484 745 
11986 998 1002 997 
11987 4197 4198 3890 
11988 4051 8306 3317 
11989 3566 4066 3565 
11990 2999 3036 2997 
11991 3234 3961 3958 
11992 3278 3279 3232 
11993 5976 5978 5977 
11994 3077 8466 3719 
11995 6449 6676 6450 
11996 6385 6386 6384 
11997 1588 1677 1589 
11998 3085 8402 1313 
11999 3675 4485 4382 
12000 3538 4170 3539 
12001 4384 5962 4613 
12002 2529 2987 2528 
12003 2741 3351 3338 
12004 5104 5106 5105 
12005 4258 5440 5439 
12006 2459 2460 2457 
12007 8834 8842 3884 
12008 1831 1832 1830 
12009 4770 4772 4771 
12010 3549 4130 3550 
12011 1218 8304 3128 
12012 1387 1388 1341 
12013 3395 4208 4207 
12014 4954 5009 5008 
12015 6175 6213 5589 
12016 6510 6512 6511 
12017 2953 2954 2951 
12018 2670 5931 5899 
12019 3864 8261 1869 
12020 2142 8460 2140 
12021 4485 5286 5285 
12022 3347 3349 3348 
12023 5431 5834 4410 
12024 4332 5132 1711 
12025 1835 1836 1834 
12026 5601 5602 5600 
12027 1046 1048 1047 
12028 6668 6669 4799 
12029 2392 2395 2391 
12030 2481 2482 2479 
12031 8968 8997 5826 
12032 1595 5135 1880 
12033 935 8303 3111 
12034 4083 4084 4082 
12035 2675 2698 2697 
12036 2407 8453 2412 
12037 5609 6112 4532 
12038 3694 8213 4511 
12039 5440 9983 9867 
12040 3173 3175 3174 
12041 4336 5341 5340 
12042 1729 1731 1730 
12043 9249 9279 5924 
12044 1872 1903 1902 
12045 5699 5887 3883 
12046 2465 2466 2463 
12047 1675 1676 1584 
12048 2633 2634 2632 
12049 3511 8542 4258 
12050 5711 6218 6168 
12051 1461 1481 1480 
12052 1024 1025 1021 
12053 3442 3444 3443 
12054 2255 2741 2739 
12055 8036 8282 8034 
12056 3500 4425 4407 
12057 3836 7864 961 
12058 5092 5093 5091 
12059 1003 1005 1002 
12060 1564 4328 1565 
12061 2950 2951 2948 
12062 1461 1480 1460 
12063 5748 6839 6820 
12064 4369 8529 5949 
12065 4594 6083 4593 
12066 4125 5756 3788 
12067 5234 5586 5120 
12068 3372 3549 3373 
12069 2284 2285 2248 
12070 3297 3374 3298 
12071 4576 6178 5102 
12072 3380 3616 3379 
12073 2984 2988 2486 
12074 2651 8281 2652 
12075 3492 3615 3614 
12076 2312 3284 3283 
12077 2427 2428 2425 
12078 3619 8316 3617 
12079 7293 8719 3740 
12080 944 3110 931 
12081 2357 3215 3214 
12082 4542 4603 4531 
12083 3444 3620 3445 
12084 5305 5307 5306 
12085 1961 1963 1962 
12086 3834 8064 3832 
12087 4619 4620 4617 
12088 4174 4296 4295 
12089 6158 6160 6159 
12090 4451 4519 4450 
12091 3342 3519 3341 
12092 2896 8416 3478 
12093 2316 4361 4360 
12094 2449 2450 2447 
12095 1202 1204 1203 
12096 3706 5777 3386 
12097 4989 7737 3505 
12098 3175 3177 3176 
12099 3498 3565 3497 
12100 5614 6252 5615 
12101 5238 5589 5123 
12102 2091 2092 2090 
12103 4058 8442 1478 
12104 2539 2540 2537 
12105 4457 5450 5130 
12106 6750 6751 6012 
12107 1710 2714 1709 
12108 1006 1008 1005 
12109 1472 1473 1457 
12110 3589 3590 3357 
12111 2032 2034 2033 
12112 6419 8240 4640 
12113 2095 2096 2094 
12114 1883 1884 1676 
12115 3376 4122 3374 
12116 1114 1115 1112 
12117 4609 5987 5986 
12118 2510 3870 3425 
12119 4511 5433 3693 
12120 3633 8386 5039 
12121 6834 9288 9252 
12122 5325 7827 3977 
12123 3364 4098 3362 
12124 3249 3362 3250 
12125 3511 4258 4257 
12126 4006 4007 4005 
12127 5300 5301 4267 
12128 4442 8057 4441 
12129 4465 4466 4068 
12130 1475 1476 1463 
12131 1707 2267 2266 
12132 1402 1403 1388 
12133 3070 8350 5858 
12134 3870 4713 4283 
12135 919 921 920 
12136 5022 8985 7631 
12137 9177 9201 1510 
12138 5853 5854 5852 
12139 3137 3258 3136 
12140 6004 6005 5093 
12141 2504 2506 2502 
12142 3259 3357 3258 
12143 4520 4536 3609 
12144 2500 3134 2498 
12145 2157 2158 2156 
12146 1109 1111 1107 
12147 6512 6517 6516 
12148 2758 8445 2301 
12149 2696 3247 3246 
12150 2691 2705 2693 
12151 2993 2995 2994 
12152 3359 3360 2738 
12153 3576 8841 8594 
12154 4694 6527 4695 
12155 2275 2729 1903 
12156 5009 5011 5010 
12157 6140 6173 5586 
12158 3718 8713 7167 
12159 3274 8404 3273 
12160 2703 2711 2700 
12161 2993 8343 2996 
12162 2637 2638 2636 
12163 4085 4086 4084 
12164 2289 3295 3294 
12165 2320 2323 2322 
12166 1319 1320 1317 
12167 5694 8293 5875 
12168 3898 4185 4184 
12169 3830 7860 1244 
12170 1506 1507 1505 
12171 1313 1314 1311 
12172 4568 4569 4567 
12173 3238 3500 3499 
12174 3603 8323 4038 
12175 836 837 816 
12176 3503 8400 2777 
12177 2582 2584 2583 
12178 4434 8400 3503 
12179 2873 8497 2880 
12180 4370 8231 5270 
12181 3456 3457 3331 
12182 2487 2984 2486 
12183 2658 4350 2653 
12184 3135 3136 3092 
12185 3177 3271 3178 
12186 3126 8590 7658 
12187 1899 8300 2726 
12188 5286 5584 5287 
12189 3742 8719 4752 
12190 5187 6535 6482 
12191 5723 5724 5722 
12192 3349 3526 3350 
12193 866 868 867 
12194 2153 2154 2152 
12195 1227 3127 1214 
12196 2355 2356 2353 
12197 2323 2325 2324 
12198 2119 2121 2120 
12199 1774 1776 1775 
12200 6441 6443 6442 
12201 4621 6007 4198 
12202 4253 5670 5669 
12203 1450 8364 936 
12204 2400 2401 2399 
12205 3884 4110 4109 
12206 2352 2353 2351 
12207 3080 8455 3078 
12208 7631 8535 3206 
12209 5407 6632 5903 
12210 5114 6127 5116 
12211 1445 1458 1446 
12212 1999 2000 1998 
12213 1857 5195 1852 
12214 3956 5030 4750 
12215 1072 1074 1073 
12216 1458 1486 1459 
12217 2079 2080 2078 
12218 1435 8927 7459 
12219 3351 3630 3338 
12220 1307 1308 1305 
12221 5398 8323 5401 
12222 3639 8361 4594 
12223 4607 4609 4608 
12224 2991 2993 2992 
12225 4420 6042 4421 
12226 2740 8341 3473 
12227 2433 2434 2431 
12228 3257 3908 1451 
12229 1458 1459 1446 
12230 2741 3338 2739 
12231 1272 8593 8121 
12232 5978 5980 5979 
12233 7175 9222 9182 
12234 3266 3605 3604 
12235 3065 3884 3547 
12236 4611 5582 4109 
12237 7380 8917 5175 
12238 1030 1031 1028 
12239 3290 8306 3689 
12240 3526 8139 3527 
12241 2473 2474 2471 
12242 2477 2478 2475 
12243 3552 3890 3147 
12244 2101 2102 2100 
12245 4305 4306 2882 
12246 3317 8306 3290 
12247 3284 3563 3562 
12248 2519 2523 2517 
12249 4307 5127 3580 
12250 2471 8241 2470 
12251 4290 4291 4289 
12252 4965 8298 4324 
12253 4703 6667 4692 
12254 4520 5711 4536 
12255 2315 3266 3265 
12256 1411 1412 1403 
12257 5885 6244 6185 
12258 3426 8405 2778 
12259 5757 6851 6837 
12260 2496 8848 2499 
12261 3895 3898 3897 
12262 4582 5530 4181 
12263 7629 9064 9011 
12264 5023 8515 7688 
12265 5153 5327 5326 
12266 4123 5412 4122 
12267 1963 1965 1964 
12268 1627 1629 1628 
12269 4480 4481 4479 
12270 4099 4576 4098 
12271 4741 8713 3720 
12272 1558 3461 1527 
12273 1157 1159 1158 
12274 4590 5532 4589 
12275 7733 8883 8572 
12276 3617 8316 4179 
12277 5851 8341 3338 
12278 1283 1285 1282 
12279 2715 3305 2714 
12280 1009 1011 1008 
12281 4503 4505 4504 
12282 2034 2036 2035 
12283 5223 5224 4510 
12284 5503 6158 5504 
12285 761 8390 3073 
12286 1454 1472 1457 
12287 2535 2969 2534 
12288 1423 1454 1424 
12289 5927 6749 5928 
12290 3063 3064 1865 
12291 6233 6377 6232 
12292 1413 1418 1412 
12293 3404 4115 4114 
12294 2467 8435 2466 
12295 961 963 962 
12296 4152 4589 4151 
12297 778 781 777 
12298 1462 1475 1463 
12299 5327 6654 6522 
12300 1677 1704 1678 
12301 2975 8476 4314 
12302 1324 8117 1321 
12303 1425 1462 1426 
12304 1423 1424 1407 
12305 3295 3297 3296 
12306 1454 1457 1424 
12307 1397 1423 1407 
12308 4529 4836 4107 
12309 2443 2444 2441 
12310 1443 1445 1444 
12311 2402 2403 2401 
12312 5894 8633 3219 
12313 3911 6867 5823 
12314 4593 4595 3640 
12315 2721 8493 2124 
12316 1934 1935 1933 
12317 3247 3249 3248 
12318 2794 5111 5110 
12319 3789 6848 3734 
12320 1397 1407 1381 
12321 1782 1784 1783 
12322 1462 1463 1426 
12323 1425 1426 1405 
12324 1419 1428 1418 
12325 2247 2248 2241 
12326 1404 1425 1405 
12327 2661 8290 2665 
12328 4008 4009 4007 
12329 7733 8572 2979 
12330 8233 8601 3900 
12331 4104 4151 4103 
12332 6557 7627 3053 
12333 2989 2991 2990 
12334 5513 5514 5512 
12335 3051 5153 5152 
12336 2043 2046 2045 
12337 3637 8417 3341 
12338 3624 3626 3625 
12339 4772 4774 4773 
12340 3911 5145 3108 
12341 4292 4293 4291 
12342 416 529 417 
12343 448 528 449 
12344 479 530 480 
12345 511 527 512 
12346 5098 5240 5239 
12347 3034 3326 3324 
12348 1404 1405 1385 
12349 4511 5542 5433 
12350 2550 2551 2547 
12351 3530 3532 3531 
12352 2083 8518 2897 
12353 2989 2990 2988 
12354 5711 6168 4536 
12355 1012 1016 1011 
12356 3563 4526 4524 
12357 2510 3425 2507 
12358 4294 4444 4293 
12359 5725 5726 5724 
12360 1870 1872 1871 
12361 3639 3640 3316 
12362 1429 1466 1428 
12363 3273 5098 3275 
12364 2404 2406 2403 
12365 1858 1866 1865 
12366 4833 8712 4829 
12367 4713 5830 4283 
12368 4494 4607 4495 
12369 2800 3395 3394 
12370 3088 8418 7957 
12371 1204 1206 1205 
12372 5240 6209 5242 
12373 515 551 516 
12374 412 552 413 
12375 5295 5296 4236 
12376 4445 4446 4444 
12377 8391 8392 3073 
12378 5225 5226 5224 
12379 2345 3592 3108 
12380 3065 3066 3064 
12381 1017 1020 1016 
12382 5880 8302 5882 
12383 5603 5604 5602 
12384 4372 4507 4121 
12385 5803 5804 4306 
12386 3652 3653 3571 
12387 1373 1399 1398 
12388 2991 2992 2990 
12389 4043 4494 4044 
12390 2229 2237 2233 
12391 444 548 445 
12392 483 547 484 
12393 2407 2410 2406 
12394 4364 4510 4168 
12395 4686 4687 4685 
12396 2340 2345 2343 
12397 3946 4532 3615 
12398 3582 4404 4403 
12399 5419 5420 5155 
12400 991 5128 2318 
12401 3482 8359 4391 
12402 2661 2665 2664 
12403 921 923 922 
12404 2348 2349 2347 
12405 2993 2994 2992 
12406 2592 2594 2593 
12407 5542 6420 5433 
12408 1699 1701 1600 
12409 3689 8306 5034 
12410 2439 2440 2437 
12411 2712 2794 2711 
12412 3605 4244 4243 
12413 3889 8468 3129 
12414 4447 4586 4446 
12415 3306 3542 3305 
12416 1965 1967 1966 
12417 5307 5541 5540 
12418 2665 2675 2674 
12419 2737 2738 2687 
12420 5331 6067 4519 
12421 6027 6637 6060 
12422 2760 3225 3224 
12423 3626 3628 3627 
12424 3847 8334 4923 
12425 3783 5776 4279 
12426 3838 8280 3840 
12427 2723 4337 2249 
12428 452 553 453 
12429 475 554 476 
12430 1286 1289 1285 
12431 1036 1037 1034 
12432 5227 6121 5226 
12433 4111 8323 3603 
12434 3446 8459 2934 
12435 2140 8460 2713 
12436 6034 7199 5778 
12437 782 783 781 
12438 2285 2708 2287 
12439 6764 7634 3055 
12440 4102 4103 4101 
12441 4126 8346 3634 
12442 1377 6541 6540 
12443 2415 2416 2414 
12444 420 549 421 
12445 507 550 508 
12446 3538 4171 4170 
12447 2463 8418 2462 
12448 3579 4379 3451 
12449 2997 8365 2995 
12450 3131 3404 3403 
12451 3496 4344 4343 
12452 5222 8397 3216 
12453 2036 2038 2037 
12454 6122 6124 6121 
12455 3612 8429 3610 
12456 3634 8346 4065 
12457 5735 6966 6780 
12458 1938 1939 1937 
12459 2984 2989 2988 
12460 5011 5013 5012 
12461 1629 1631 1630 
12462 4748 8614 6836 
12463 3532 3635 3533 
12464 5144 5687 5686 
12465 3824 3825 3823 
12466 4244 5529 4602 
12467 1379 1397 1381 
12468 1444 3097 1399 
12469 3547 3548 3066 
12470 2461 2462 2460 
12471 3143 8343 2991 
12472 2237 2250 2249 
12473 2543 2544 2541 
12474 3114 8517 7696 
12475 1699 3070 1701 
12476 7246 8332 7244 
12477 2224 8367 2228 
12478 3610 8429 4520 
12479 4497 4499 4498 
12480 3935 4117 3936 
12481 4459 4460 3669 
12482 4745 8471 4744 
12483 2175 2176 2174 
12484 1078 1080 1079 
12485 1383 1404 1385 
12486 876 878 877 
12487 5727 6724 5726 
12488 1340 1354 1343 
12489 4171 6050 5614 
12490 1373 1398 1372 
12491 5524 8316 4439 
12492 1459 1461 1460 
12493 1122 1123 1120 
12494 3870 4283 3425 
12495 4519 6105 4450 
12496 1731 1733 1732 
12497 4314 8290 2669 
12498 7424 8726 2826 
12499 4415 6009 4408 
12500 3904 3907 3906 
12501 3675 4486 4485 
12502 1445 1446 1444 
12503 1844 1848 1841 
12504 3597 3598 3322 
12505 3527 8139 3530 
12506 2240 2241 2239 
12507 4052 5155 3272 
12508 2296 3470 3332 
12509 1118 1119 1116 
12510 2228 8297 2959 
12511 3032 8647 8123 
12512 2421 2422 2420 
12513 2121 2123 2122 
12514 3793 8681 7543 
12515 6081 8446 6566 
12516 4370 5270 4487 
12517 4827 8712 7192 
12518 3567 4253 4252 
12519 2271 2770 2270 
12520 3614 4169 3491 
12521 5158 8817 5159 
12522 3628 3655 3629 
12523 1206 1208 1207 
12524 802 1530 793 
12525 5111 5113 5112 
12526 2646 2650 2643 
12527 5001 8281 2651 
12528 4413 4414 3919 
12529 1244 1246 1245 
12530 6946 8459 4868 
12531 2333 2337 2335 
12532 4933 9405 5742 
12533 1290 1291 1289 
12534 3487 4286 3485 
12535 2514 8322 2511 
12536 1792 1794 1793 
12537 2730 3273 2729 
12538 2451 2452 2450 
12539 5515 5516 5514 
12540 2349 2352 2351 
12541 6794 9303 5259 
12542 4538 4539 4460 
12543 923 925 924 
12544 4525 8352 3562 
12545 2423 2424 2422 
12546 2250 2724 2723 
12547 1101 1102 1100 
12548 8039 8282 8036 
12549 408 565 409 
12550 519 566 520 
12551 3470 4370 3544 
12552 1870 1871 1868 
12553 3899 4043 3917 
12554 1042 1043 1040 
12555 1631 1633 1632 
12556 5980 5983 5981 
12557 4201 5660 3653 
12558 4452 4583 4025 
12559 3685 3687 3686 
12560 440 563 441 
12561 487 564 488 
12562 2268 8368 2266 
12563 1903 8305 1902 
12564 2005 2006 2004 
12565 3941 3942 3932 
12566 4835 6980 6237 
12567 2701 8345 2674 
12568 1467 1487 1466 
12569 4984 8105 4913 
12570 4010 4011 4009 
12571 2123 2125 2124 
12572 4117 4497 4118 
12573 5811 8261 3864 
12574 4240 4241 3825 
12575 3943 4202 3942 
12576 5341 6799 5342 
12577 3396 8472 3187 
12578 2694 3074 2690 
12579 1967 1970 1968 
12580 3327 9314 7814 
12581 5555 5556 5554 
12582 913 914 912 
12583 1026 1027 1025 
12584 3315 3316 3071 
12585 471 570 472 
12586 456 569 457 
12587 4449 8057 4442 
12588 3659 3661 3660 
12589 1740 1741 1684 
12590 6085 8411 6086 
12591 7425 8767 3251 
12592 1337 1453 1326 
12593 5701 6711 5910 
12594 424 567 425 
12595 503 568 504 
12596 3012 8832 3014 
12597 3639 4593 3640 
12598 1342 8630 5144 
12599 2870 8510 2868 
12600 3406 5932 4671 
12601 5649 6441 6440 
12602 3073 8395 763 
12603 2483 8294 2482 
12604 3075 3541 3074 
12605 2965 8492 2962 
12606 2233 2234 2230 
12607 3518 8675 4062 
12608 3545 8319 3551 
12609 2125 2127 2126 
12610 3060 3230 3156 
12611 3543 3935 3934 
12612 3931 3932 3930 
12613 2445 2446 2444 
12614 1208 1210 1209 
12615 1196 1197 1195 
12616 3671 4101 3670 
12617 5934 5935 4518 
12618 925 927 926 
12619 991 8613 5128 
12620 4476 8346 5035 
12621 5806 9192 4991 
12622 4238 6604 5673 
12623 3668 3669 3299 
12624 3572 4147 3541 
12625 3315 3639 3316 
12626 3033 8647 3032 
12627 3304 3492 3491 
12628 9138 9163 7568 
12629 5030 6888 5747 
12630 1982 1985 1984 
12631 5425 9845 7738 
12632 2987 4310 2528 
12633 4317 4319 4318 
12634 3687 4041 3688 
12635 3840 8280 4956 
12636 7957 8870 5025 
12637 512 6321 513 
12638 6831 8318 6908 
12639 6094 6096 5180 
12640 1210 1212 1211 
12641 4041 4090 4042 
12642 4774 4776 4775 
12643 4120 4121 4119 
12644 4147 5616 4148 
12645 5617 6176 5616 
12646 3070 3071 1701 
12647 927 929 928 
12648 1978 1981 1980 
12649 2132 2135 2134 
12650 929 931 930 
12651 5766 6946 4868 
12652 4274 4277 3583 
12653 510 6273 511 
12654 4330 4523 4070 
12655 4853 4855 4854 
12656 413 6322 414 
12657 5034 8342 4356 
12658 3901 3904 3903 
12659 4094 4096 4095 
12660 842 1367 854 
12661 1212 1214 1213 
12662 445 6317 446 
12663 6159 8838 5504 
12664 482 6277 483 
12665 2608 2610 2609 
12666 4021 4023 4022 
12667 784 789 783 
12668 1347 1372 1346 
12669 4319 4321 4320 
12670 4324 8298 5811 
12671 2556 2557 2554 
12672 1347 1373 1372 
12673 2207 2208 2206 
12674 1342 5144 4263 
12675 3570 3571 3141 
12676 2672 3213 2716 
12677 3213 3304 3303 
12678 451 6281 452 
12679 1443 1444 1399 
12680 1554 8463 1587 
12681 4038 8323 5398 
12682 7680 7702 7679 
12683 476 6324 477 
12684 2661 2664 2659 
12685 2698 3050 2697 
12686 6043 6225 6222 
12687 2191 2192 2190 
12688 4999 9145 7643 
12689 4995 8298 4965 
12690 1564 4369 4328 
12691 419 6282 420 
12692 3026 8347 3021 
12693 1469 1482 1479 
12694 3449 4373 3448 
12695 2429 2430 2428 
12696 2305 8315 2303 
12697 3493 4142 3457 
12698 1379 1381 1364 
12699 6058 6059 3083 
12700 1840 8355 1836 
12701 2642 8354 2638 
12702 2038 2040 2039 
12703 436 586 437 
12704 491 585 492 
12705 4372 8059 4507 
12706 1712 1713 1696 
12707 481 672 482 
12708 446 675 447 
12709 1354 1374 1355 
12710 5286 6602 5584 
12711 4401 5125 3860 
12712 1476 8467 1477 
12713 513 668 514 
12714 414 669 415 
12715 853 8559 1690 
12716 8594 8841 5649 
12717 4533 5609 4532 
12718 3230 3677 3508 
12719 3678 3919 3242 
12720 5542 6421 6420 
12721 5175 8917 8795 
12722 915 916 914 
12723 1383 1385 1369 
12724 450 677 451 
12725 477 678 478 
12726 2771 3448 2770 
12727 768 769 766 
12728 2708 8807 8428 
12729 4139 4141 4140 
12730 460 590 461 
12731 467 589 468 
12732 3880 8441 932 
12733 4439 8316 3619 
12734 509 679 510 
12735 418 667 419 
12736 5605 5606 5604 
12737 6048 6960 5759 
12738 2226 8367 2224 
12739 6895 7325 5784 
12740 1733 1735 1734 
12741 2355 2690 2356 
12742 4096 4177 4097 
12743 8345 8556 2664 
12744 8051 8467 1497 
12745 4576 8385 6372 
12746 1808 1810 1809 
12747 5656 6532 4209 
12748 1032 1033 1031 
12749 4128 4135 4129 
12750 8058 8492 5629 
12751 1081 8927 1083 
12752 2127 2129 2128 
12753 807 813 808 
12754 4493 4518 4492 
12755 4023 4128 4024 
12756 1488 1500 1487 
12757 4165 8319 3545 
12758 4148 8357 3541 
12759 4203 4614 4202 
12760 4811 8681 3795 
12761 2267 2731 2268 
12762 4171 5614 4170 
12763 2229 8892 2237 
12764 5755 6621 4876 
12765 421 6339 422 
12766 4524 5630 4525 
12767 2236 2240 2239 
12768 2920 7856 2916 
12769 3677 4667 4423 
12770 2352 2355 2353 
12771 415 6688 416 
12772 4428 4430 3779 
12773 1686 8339 1688 
12774 2344 2348 2347 
12775 5079 8544 5076 
12776 5013 5197 5196 
12777 1490 1510 1508 
12778 4979 8788 4980 
12779 4471 5555 5554 
12780 4012 4013 4011 
12781 6470 6471 5661 
12782 2880 4305 2882 
12783 2662 2663 2650 
12784 4356 8342 5607 
12785 2276 8267 5940 
12786 917 918 916 
12787 2654 2659 2658 
12788 4487 4522 3544 
12789 3866 8650 3263 
12790 2040 2042 2041 
12791 2453 8447 2452 
12792 5502 6243 5501 
12793 409 6334 410 
12794 1853 1858 1857 
12795 2312 3283 2284 
12796 4066 4186 3565 
12797 2325 2327 2326 
12798 486 6287 487 
12799 4200 5649 5647 
12800 441 6337 442 
12801 4921 7505 4917 
12802 1406 8372 1385 
12803 854 1346 853 
12804 523 583 524 
12805 404 584 405 
12806 2685 2687 2684 
12807 3070 3315 3071 
12808 5810 8312 1856 
12809 5517 5518 5516 
12810 2652 2654 2653 
12811 1850 1853 1852 
12812 498 587 499 
12813 429 588 430 
12814 1200 1201 1199 
12815 3051 5151 1079 
12816 517 671 518 
12817 410 670 411 
12818 1709 8350 1700 
12819 5041 5042 4698 
12820 1911 1914 1913 
12821 1198 1199 1197 
12822 3724 8103 3722 
12823 1850 8312 1853 
12824 2871 8497 2873 
12825 5882 8302 5885 
12826 1872 1902 1871 
12827 4855 4857 4856 
12828 1128 1129 1126 
12829 1338 9045 7032 
12830 5893 6041 6040 
12831 442 673 443 
12832 485 674 486 
12833 4306 8093 2882 
12834 2707 8339 1686 
12835 5236 5237 3714 
12836 5099 5100 4720 
12837 2670 8258 5931 
12838 1735 1737 1736 
12839 1644 1647 1646 
12840 1610 8562 1897 
12841 423 6299 424 
12842 3021 8347 3023 
12843 5834 8745 8405 
12844 3405 3543 3469 
12845 6416 8446 5636 
12846 3369 4047 3596 
12847 1859 3881 1874 
12848 3305 3311 2714 
12849 3564 8769 5134 
12850 3358 8817 8647 
12851 2683 2684 2682 
12852 7822 8424 743 
12853 1944 1945 1943 
12854 780 787 786 
12855 4888 6644 6643 
12856 3210 3399 3398 
12857 4718 8522 5099 
12858 2435 2436 2434 
12859 5804 6807 6740 
12860 5607 8342 6436 
12861 1633 1635 1634 
12862 1744 8267 1742 
12863 2049 2052 2051 
12864 454 676 455 
12865 473 683 474 
12866 1737 1906 1738 
12867 4739 8285 4733 
12868 8409 8799 8220 
12869 7688 8618 3130 
12870 2383 2680 2368 
12871 1970 1974 1971 
12872 1292 1295 1291 
12873 1369 8372 3067 
12874 422 684 423 
12875 505 680 506 
12876 4857 4859 4858 
12877 790 794 789 
12878 762 3100 759 
12879 1974 1977 1975 
12880 1859 1860 1848 
12881 4560 6097 4169 
12882 3693 8429 3612 
12883 5206 5208 5207 
12884 4369 5860 4328 
12885 3772 8458 3774 
12886 3096 8347 3026 
12887 842 853 841 
12888 2681 2682 2680 
12889 1296 1301 1295 
12890 1302 1304 1301 
12891 6062 6063 5298 
12892 1038 1039 1037 
12893 457 6342 458 
12894 4110 4611 4109 
12895 5217 6610 5679 
12896 4615 4616 4614 
12897 4250 4251 4249 
12898 1842 1845 1844 
12899 407 6283 408 
12900 3284 3562 3283 
12901 5247 8436 3425 
12902 2247 2284 2248 
12903 4611 6152 5582 
12904 470 6294 471 
12905 4369 5861 5860 
12906 2981 8503 2784 
12907 5966 8857 8756 
12908 2343 2344 2341 
12909 4776 4778 4777 
12910 1408 8379 1381 
12911 5610 5622 5609 
12912 3913 4238 4237 
12913 2959 8297 4311 
12914 1432 3169 1470 
12915 2644 2647 2646 
12916 2510 8322 3870 
12917 2545 2940 2544 
12918 4489 5166 5165 
12919 6720 6735 4708 
12920 5750 7990 3747 
12921 4402 9090 4359 
12922 4491 5925 3515 
12923 5208 5211 5210 
12924 508 6357 509 
12925 4240 7956 4241 
12926 795 799 794 
12927 840 841 839 
12928 1362 1379 1364 
12929 1321 1323 1320 
12930 1345 1362 1348 
12931 2229 2230 2226 
12932 4926 6542 4928 
12933 1635 1637 1636 
12934 2652 2653 2649 
12935 1147 1345 1332 
12936 4550 6182 6079 
12937 2816 8629 2817 
12938 443 6355 444 
12939 6463 8058 5629 
12940 5592 6156 4522 
12941 4733 8285 4736 
12942 437 6341 438 
12943 1368 1383 1369 
12944 1350 1368 1351 
12945 3051 8565 5153 
12946 800 805 799 
12947 1362 1364 1348 
12948 1345 1348 1332 
12949 490 6309 491 
12950 1986 1989 1988 
12951 3599 8726 4406 
12952 2675 2697 2674 
12953 4859 4861 4860 
12954 1677 1708 1704 
12955 3737 5763 4134 
12956 1315 1316 1314 
12957 5297 5298 5296 
12958 838 5161 840 
12959 1328 1350 1329 
12960 2303 8315 5810 
12961 1147 1332 1018 
12962 5197 6562 5198 
12963 2766 3337 2724 
12964 5211 5213 5212 
12965 2737 3361 3359 
12966 5957 5958 4387 
12967 3587 8451 5220 
12968 459 6326 460 
12969 5836 8878 5837 
12970 1368 1369 1351 
12971 2987 5706 4310 
12972 1350 1351 1329 
12973 3207 3210 3209 
12974 3399 4246 4205 
12975 1637 1639 1638 
12976 3163 8447 5222 
12977 4923 8334 6989 
12978 4362 5246 2231 
12979 5828 8400 4434 
12980 455 6407 456 
12981 5997 5998 5996 
12982 4458 5537 5424 
12983 1850 1852 1847 
12984 2562 2563 2560 
12985 2225 2226 2224 
12986 5555 6965 5556 
12987 1364 8379 3069 
12988 1328 1329 1299 
12989 489 681 490 
12990 438 687 439 
12991 2784 8503 3536 
12992 4284 8543 6843 
12993 1416 1430 1417 
12994 1430 1468 1431 
12995 3049 8339 2707 
12996 2486 8294 2483 
12997 2665 2674 2664 
12998 1392 1416 1393 
12999 3121 8506 5129 
13000 4014 4015 4013 
13001 3967 5101 3969 
13002 963 965 964 
13003 6024 6025 6023 
13004 6235 8302 5880 
13005 3588 8344 3351 
13006 3371 4069 3370 
13007 2366 3467 2364 
13008 1708 2751 2750 
13009 3563 4524 3562 
13010 1439 5206 5205 
13011 2969 5133 2534 
13012 5941 8376 4376 
13013 3433 3979 3435 
13014 1374 1392 1376 
13015 956 8413 957 
13016 2470 8435 2467 
13017 502 6307 503 
13018 1309 1310 1308 
13019 2751 3497 3496 
13020 823 824 821 
13021 6926 8703 6925 
13022 469 688 470 
13023 458 682 459 
13024 4259 5944 5943 
13025 2138 2141 2140 
13026 8826 8860 5635 
13027 4108 5613 5612 
13028 5577 6262 6261 
13029 2672 2673 2663 
13030 1501 1560 1500 
13031 3593 4397 4396 
13032 1704 8484 1705 
13033 1906 1908 1907 
13034 813 826 814 
13035 2474 8241 2471 
13036 3273 8404 5098 
13037 4461 4462 3889 
13038 4161 4530 4412 
13039 484 6361 485 
13040 2340 2341 2339 
13041 3726 5768 3729 
13042 2492 8968 8811 
13043 1013 1147 1018 
13044 4166 4167 3396 
13045 521 690 522 
13046 406 692 407 
13047 472 6360 473 
13048 5585 8319 4165 
13049 2129 2131 2130 
13050 2626 2628 2627 
13051 1497 8467 1476 
13052 4376 4377 2806 
13053 5706 5927 4310 
13054 3379 8404 3274 
13055 4654 5677 4655 
13056 3536 8503 4471 
13057 1297 1328 1299 
13058 2961 8336 2963 
13059 5085 8574 5082 
13060 2327 2329 2328 
13061 1748 1873 1746 
13062 2731 3353 2732 
13063 1066 1067 1064 
13064 2338 2339 2336 
13065 3247 8409 8220 
13066 2700 8375 2698 
13067 826 855 827 
13068 2240 2247 2241 
13069 3808 8221 3806 
13070 1654 1658 1656 
13071 2946 8543 2952 
13072 3221 8330 3220 
13073 4704 5709 4645 
13074 5120 8385 4099 
13075 4945 8964 4943 
13076 5706 6754 5927 
13077 2888 3462 2890 
13078 1561 1602 1560 
13079 3357 4100 3258 
13080 744 747 746 
13081 2335 2336 2334 
13082 2383 3879 2681 
13083 2991 8343 2993 
13084 5519 5520 5518 
13085 855 1340 856 
13086 4207 8714 5187 
13087 4410 8405 3426 
13088 3252 8476 2975 
13089 4778 4780 4779 
13090 3336 8606 3440 
13091 1599 9527 7059 
13092 5583 6069 4516 
13093 3558 4634 3877 
13094 854 1347 1346 
13095 6616 6617 5520 
13096 4861 4864 4862 
13097 1362 8407 1380 
13098 2363 2365 2364 
13099 1246 1248 1247 
13100 4930 6538 4932 
13101 5658 5675 5131 
13102 2059 2066 2061 
13103 7912 8729 5336 
13104 6915 8281 5001 
13105 835 836 816 
13106 1551 1583 1554 
13107 3044 5154 1073 
13108 3391 6467 6466 
13109 1134 1135 1132 
13110 5401 8449 6195 
13111 5123 8396 4123 
13112 2751 3496 2750 
13113 1874 1875 1860 
13114 3338 8341 2739 
13115 4065 8346 4476 
13116 4465 6163 6139 
13117 3220 8330 4996 
13118 3375 8386 3633 
13119 4864 5291 4865 
13120 3123 3557 3556 
13121 5503 6162 6158 
13122 3753 4993 3916 
13123 3884 4109 3547 
13124 3374 8386 3375 
13125 3413 3957 3412 
13126 1708 2750 1704 
13127 815 816 810 
13128 1866 3063 1865 
13129 5733 6685 5237 
13130 1062 1063 1060 
13131 405 6363 406 
13132 3225 3368 3226 
13133 2552 2972 2551 
13134 830 831 825 
13135 4145 5657 4463 
13136 2731 3354 3353 
13137 2716 2717 2673 
13138 5291 6738 5292 
13139 1058 1059 1056 
13140 1084 1086 1082 
13141 3063 3065 3064 
13142 5504 8485 4143 
13143 4076 8595 4073 
13144 3492 3614 3491 
13145 3654 8404 3379 
13146 929 930 928 
13147 1603 1681 1602 
13148 4527 5620 4130 
13149 1213 1215 1211 
13150 4016 4261 4015 
13151 3069 8420 1348 
13152 4634 5948 5947 
13153 1552 8488 4415 
13154 2466 8418 2463 
13155 2683 2686 2685 
13156 1682 3047 1681 
13157 428 6333 429 
13158 2029 8958 2027 
13159 3911 5823 5145 
13160 488 6364 489 
13161 2566 8258 2564 
13162 4714 8522 4715 
13163 5921 5997 5996 
13164 1013 1018 1007 
13165 3616 8369 3654 
13166 838 839 837 
13167 3361 4154 4068 
13168 1697 2293 1698 
13169 1754 1755 1752 
13170 5999 6000 4523 
13171 2296 2297 1875 
13172 5752 6761 5100 
13173 3409 6599 6598 
13174 809 810 802 
13175 1824 1826 1825 
13176 1396 8566 1371 
13177 4783 4786 4785 
13178 6478 6479 5256 
13179 927 928 926 
13180 3354 4145 4061 
13181 4305 5803 4306 
13182 1297 1299 1288 
13183 2333 2334 2332 
13184 3592 3911 3108 
13185 925 926 924 
13186 426 685 427 
13187 501 686 502 
13188 5326 5328 5152 
13189 3876 4156 3378 
13190 3243 8407 1345 
13191 4262 4700 4261 
13192 2775 8315 2305 
13193 4469 6938 5545 
13194 5454 8501 4051 
13195 763 8395 765 
13196 923 924 922 
13197 951 1532 948 
13198 3065 3547 3066 
13199 3237 3412 3236 
13200 2293 3428 2294 
13201 1851 6010 4383 
13202 4605 6075 5386 
13203 2893 3690 3419 
13204 2570 2571 2568 
13205 5429 5822 5821 
13206 4643 6543 4646 
13207 2729 8305 1903 
13208 2221 2222 2220 
13209 3331 8485 3330 
13210 468 6365 469 
13211 6112 8495 4532 
13212 3708 3947 3482 
13213 4602 5455 4243 
13214 1368 8410 1384 
13215 921 922 920 
13216 1760 1761 1758 
13217 1831 8333 1832 
13218 4163 4580 4579 
13219 3971 4897 3973 
13220 4142 4143 3457 
13221 2278 8685 3291 
13222 919 920 918 
13223 2146 2149 2148 
13224 425 6430 426 
13225 3549 4527 4130 
13226 4391 8359 5333 
13227 6018 8580 7865 
13228 5971 8857 5968 
13229 3411 4399 4398 
13230 8858 8940 2814 
13231 1917 1920 1919 
13232 8321 8668 5889 
13233 930 932 928 
13234 924 1693 922 
13235 4797 6674 6673 
13236 4675 5038 5037 
13237 2046 2048 2047 
13238 1124 2923 1123 
13239 3709 4704 4645 
13240 4110 8842 5232 
13241 5121 8509 3103 
13242 1078 1079 1076 
13243 4889 6941 5002 
13244 3308 8356 3306 
13245 1206 1207 1205 
13246 2880 8497 4305 
13247 1596 1697 1598 
13248 1212 1213 1211 
13249 1584 8463 1554 
13250 2723 4338 4337 
13251 3953 5818 5314 
13252 3292 8410 1350 
13253 1072 1073 1070 
13254 3428 4018 3429 
13255 1210 1211 1209 
13256 1208 1209 1207 
13257 1202 1203 1201 
13258 1482 1498 1483 
13259 1204 1205 1203 
13260 5888 5937 5133 
13261 3090 3092 3091 
13262 4628 5672 4626 
13263 5075 6145 6144 
13264 5255 5256 2982 
13265 1639 1643 1640 
13266 1147 8430 3243 
13267 801 802 793 
13268 1207 1692 1205 
13269 2345 3108 2343 
13270 3799 5787 3801 
13271 3957 4371 3412 
13272 5844 8769 8685 
13273 2457 8490 2456 
13274 813 828 826 
13275 6224 8602 6044 
13276 3295 8428 8230 
13277 1838 1842 1841 
13278 2969 5888 5133 
13279 3513 8360 3514 
13280 4157 5587 4156 
13281 4311 8336 2961 
13282 1054 1055 1052 
13283 3614 4560 4169 
13284 8250 8383 1507 
13285 1004 1013 1007 
13286 996 1004 999 
13287 3268 8413 999 
13288 1234 1531 1232 
13289 3465 3466 3221 
13290 7847 8266 7845 
13291 3370 3372 3107 
13292 3680 4643 3682 
13293 952 996 956 
13294 529 731 417 
13295 5429 5821 3585 
13296 5917 5919 3947 
13297 931 8527 930 
13298 842 854 853 
13299 3281 8888 3279 
13300 1328 8434 3292 
13301 1888 1894 1890 
13302 3959 4386 3960 
13303 961 962 959 
13304 5102 8408 4098 
13305 787 792 788 
13306 1287 1297 1288 
13307 848 849 846 
13308 1050 1051 1048 
13309 4218 6490 6055 
13310 3387 3643 3388 
13311 3275 8305 2729 
13312 1279 1287 1280 
13313 996 999 956 
13314 1004 1007 999 
13315 1498 1550 1499 
13316 2397 8934 2398 
13317 4422 6026 5905 
13318 5152 8475 5151 
13319 3047 3151 1681 
13320 2658 5228 4350 
13321 3351 8344 3630 
13322 4843 8667 3842 
13323 952 956 949 
13324 403 6327 404 
13325 1238 1279 1239 
13326 430 6345 431 
13327 3036 8365 2997 
13328 3466 3708 3482 
13329 2558 3072 2557 
13330 3318 3638 3191 
13331 834 843 832 
13332 1279 1280 1239 
13333 2222 2225 2224 
13334 1287 1288 1280 
13335 5002 8457 5496 
13336 2328 2330 2326 
13337 1238 1239 1230 
13338 435 6411 436 
13339 2462 3087 2460 
13340 2135 2137 2136 
13341 2250 2723 2249 
13342 4465 6139 4466 
13343 3366 3886 3885 
13344 7790 8248 7788 
13345 2208 8353 2210 
13346 3630 8344 5853 
13347 2940 3103 2544 
13348 3961 9002 6772 
13349 1332 8420 1333 
13350 530 6272 480 
13351 3643 4196 3644 
13352 8868 9119 4210 
13353 3407 3680 3408 
13354 792 801 793 
13355 4701 5689 4700 
13356 1068 2983 1067 
13357 5904 8696 3910 
13358 3604 4187 3265 
13359 1858 1865 1857 
13360 801 809 802 
13361 1140 1141 1138 
13362 3363 8408 3602 
13363 2640 2644 2643 
13364 4780 4782 4781 
13365 809 815 810 
13366 2218 2221 2220 
13367 1699 8350 3070 
13368 1908 1910 1909 
13369 2983 3056 1067 
13370 2523 8845 8718 
13371 1074 3044 1073 
13372 1046 1047 1044 
13373 2237 2249 2233 
13374 2654 2658 2653 
13375 3106 3107 3105 
13376 2924 7663 1607 
13377 4284 6843 4714 
13378 815 835 816 
13379 1333 8432 1018 
13380 1742 2276 1741 
13381 4581 5124 4601 
13382 4047 4158 4048 
13383 3088 3090 3089 
13384 4328 8370 1565 
13385 2460 8490 2457 
13386 835 1341 836 
13387 3062 3236 3061 
13388 8428 8807 8230 
13389 4547 4548 4431 
13390 2737 3359 2738 
13391 945 952 949 
13392 4654 6472 5677 
13393 5898 8531 3892 
13394 2365 2367 2366 
13395 4082 8616 4079 
13396 6000 6155 4523 
13397 2525 8500 2522 
13398 1007 8432 3268 
13399 1602 1604 1560 
13400 2529 8526 2987 
13401 3876 8946 4157 
13402 1214 8536 1213 
13403 1766 1767 1764 
13404 2638 2640 2639 
13405 5501 5503 4143 
13406 3392 3963 3393 
13407 551 6276 516 
13408 840 842 841 
13409 5587 5588 4156 
13410 4457 5130 3522 
13411 3362 8408 3363 
13412 5104 5105 4347 
13413 4992 8333 1831 
13414 5175 8795 1575 
13415 1537 1538 1485 
13416 1853 1857 1852 
13417 1244 1245 1242 
13418 1080 3051 1079 
13419 5327 6522 5326 
13420 4343 8484 2750 
13421 675 6313 447 
13422 1228 1238 1230 
13423 2574 2575 2572 
13424 4787 4790 4789 
13425 4056 8360 3513 
13426 4179 8369 3616 
13427 806 811 805 
13428 2323 2324 2322 
13429 4736 8285 6447 
13430 1565 8370 1567 
13431 792 793 788 
13432 6177 8686 5040 
13433 1896 2091 2090 
13434 1505 8383 1595 
13435 3225 5847 3368 
13436 4370 4487 3544 
13437 678 6323 478 
13438 786 791 785 
13439 668 6320 514 
13440 3755 8614 3757 
13441 4724 8551 4740 
13442 1354 1375 1374 
13443 2212 2227 2214 
13444 3565 8452 3497 
13445 4221 8555 4690 
13446 1990 1993 1992 
13447 2207 3909 2231 
13448 4123 8396 5412 
13449 2456 8447 2453 
13450 4462 8468 3889 
13451 2437 8517 2436 
13452 4070 8499 4069 
13453 553 6279 453 
13454 8310 8490 3087 
13455 2541 8509 2540 
13456 4099 8385 4576 
13457 2693 8409 2696 
13458 4975 8990 4973 
13459 5305 5306 5108 
13460 2462 3088 3087 
13461 5131 6027 4371 
13462 4560 6254 6097 
13463 4047 4506 4158 
13464 2118 8969 2116 
13465 3664 4218 3665 
13466 3582 5525 4404 
13467 5928 8500 4310 
13468 740 3867 742 
13469 2367 2369 2368 
13470 757 760 754 
13471 1014 8430 1013 
13472 4158 4575 4159 
13473 1228 1230 1224 
13474 3635 8419 3636 
13475 855 3227 1340 
13476 1416 1447 1430 
13477 2988 8294 2486 
13478 1130 2931 1129 
13479 3314 8412 3002 
13480 4397 6014 6012 
13481 3104 3105 3103 
13482 2876 8585 2872 
13483 1095 1097 1093 
13484 6245 6246 5588 
13485 2092 2095 2094 
13486 1252 3155 1250 
13487 1487 1489 1466 
13488 2450 8564 2447 
13489 2743 3576 2796 
13490 2311 2805 1597 
13491 2963 8336 4302 
13492 4126 8686 8346 
13493 493 6347 494 
13494 858 859 852 
13495 1298 8434 1297 
13496 5146 8496 3104 
13497 1112 8262 1111 
13498 3304 3491 3303 
13499 1452 3918 1440 
13500 838 840 839 
13501 5525 5526 4404 
13502 3417 3703 3701 
13503 4397 6012 6011 
13504 5153 5326 5152 
13505 2229 2233 2230 
13506 3378 3582 3153 
13507 670 6336 411 
13508 3886 4181 3887 
13509 1927 1930 1929 
13510 2072 2079 2078 
13511 969 3154 967 
13512 1868 8425 1866 
13513 2054 2067 2055 
13514 2331 2332 2330 
13515 3152 3153 3151 
13516 2417 8443 2416 
13517 4142 5501 4143 
13518 3470 3544 3332 
13519 1647 1649 1648 
13520 3341 8417 2795 
13521 3106 8496 3371 
13522 6100 8905 6098 
13523 3457 8485 3331 
13524 3714 8555 3715 
13525 3236 3416 3061 
13526 2287 8428 2289 
13527 2954 3464 2951 
13528 4720 8551 4721 
13529 1146 1148 1144 
13530 1346 8559 853 
13531 5801 8355 1840 
13532 2795 8417 2794 
13533 3882 8354 2642 
13534 2802 3392 2803 
13535 2399 8655 2396 
13536 4704 6733 5709 
13537 6486 6635 6487 
13538 945 949 941 
13539 2641 5190 5189 
13540 1836 1838 1837 
13541 3239 3407 3240 
13542 2052 2054 2053 
13543 2359 5178 2329 
13544 2340 2343 2341 
13545 2098 2101 2100 
13546 568 6308 504 
13547 683 6338 474 
13548 462 689 463 
13549 6099 6227 6148 
13550 3306 8356 3542 
13551 5075 6144 5073 
13552 1321 8117 1323 
13553 1923 1926 1925 
13554 2204 2207 2206 
13555 671 6335 518 
13556 1223 1224 1222 
13557 2282 8804 8001 
13558 2325 2326 2324 
13559 680 6340 506 
13560 1040 8506 1039 
13561 3909 5710 4362 
13562 4167 8472 3396 
13563 5814 5865 5154 
13564 1839 5259 1825 
13565 2225 2229 2226 
13566 8725 8885 7972 
13567 2582 2583 2580 
13568 3215 3465 3221 
13569 3354 4061 3353 
13570 1844 1859 1848 
13571 1272 2314 1247 
13572 3092 3381 3091 
13573 2335 2338 2336 
13574 991 2317 964 
13575 2276 5845 1741 
13576 1223 1228 1224 
13577 2638 8354 2640 
13578 4145 4463 4061 
13579 2338 2340 2339 
13580 4487 5592 4522 
13581 2698 8375 3050 
13582 5943 8521 3512 
13583 3759 7751 3756 
13584 3605 4243 3604 
13585 6367 6368 5526 
13586 5081 6119 6118 
13587 4530 6196 4542 
13588 3947 8359 3482 
13589 5529 6019 4602 
13590 3090 3091 3089 
13591 2531 8526 2529 
13592 2685 2737 2687 
13593 787 788 786 
13594 5430 6049 4642 
13595 3102 3172 2273 
13596 7290 8816 7125 
13597 3266 3604 3265 
13598 5885 8302 6244 
13599 2447 8564 2446 
13600 5857 8842 8834 
13601 1507 8383 1505 
13602 1388 3115 1341 
13603 1649 1666 1650 
13604 431 693 432 
13605 496 694 497 
13606 1836 8355 1838 
13607 2322 2357 2321 
13608 2141 2143 2142 
13609 2789 3420 3313 
13610 5110 8375 2711 
13611 2641 5188 2627 
13612 4200 5143 3335 
13613 3423 3862 3490 
13614 1666 9000 8965 
13615 3002 8412 2999 
13616 1091 3415 1089 
13617 3088 3089 3087 
13618 2333 2335 2334 
13619 2646 2662 2650 
13620 402 691 403 
13621 2564 2670 2563 
13622 3213 3303 2716 
13623 6171 6546 5987 
13624 1774 1775 1772 
13625 4541 6031 6030 
13626 5076 8544 5075 
13627 772 1694 774 
13628 2783 3518 2782 
13629 1418 1420 1412 
13630 4420 4421 4115 
13631 3957 5131 4371 
13632 3621 8657 3624 
13633 7489 9032 7137 
13634 3886 4561 4181 
13635 3054 8448 996 
13636 4556 4557 4549 
13637 2363 2364 2361 
13638 3708 5917 3947 
13639 5245 6609 5244 
13640 4530 4542 4531 
13641 4934 6536 4936 
13642 4366 4962 4959 
13643 770 8513 772 
13644 3106 3370 3107 
13645 1004 8448 1014 
13646 3068 8450 1279 
13647 1583 1675 1584 
13648 4996 8330 7998 
13649 1832 1834 1833 
13650 5433 8429 3693 
13651 776 779 775 
13652 2717 3333 2719 
13653 6064 8940 8858 
13654 5642 6491 4633 
13655 952 8474 3054 
13656 8949 9075 5823 
13657 2824 9010 2915 
13658 3666 4653 3667 
13659 4527 5621 5620 
13660 3361 4068 3359 
13661 1287 8450 1298 
13662 812 817 811 
13663 940 945 941 
13664 938 940 939 
13665 2160 2164 2162 
13666 8756 8857 3203 
13667 935 938 936 
13668 4685 8635 4587 
13669 4244 4602 4243 
13670 3216 3367 3366 
13671 2452 3098 2450 
13672 2995 8384 2994 
13673 5657 6068 4463 
13674 2110 2111 2109 
13675 1238 8481 3068 
13676 2102 2279 2104 
13677 2019 2020 2018 
13678 2672 2716 2673 
13679 2296 3332 2297 
13680 933 8527 8303 
13681 2662 2672 2663 
13682 4113 4564 4563 
13683 770 771 769 
13684 4718 5099 4720 
13685 4542 6180 4603 
13686 736 1448 738 
13687 933 935 934 
13688 3911 8491 6867 
13689 4793 4800 4796 
13690 2691 8454 2705 
13691 5592 6186 6156 
13692 2198 2232 2200 
13693 1541 1542 1540 
13694 1218 1219 1217 
13695 2586 2671 2584 
13696 1898 8650 1611 
13697 1221 1222 1219 
13698 3104 3106 3105 
13699 1498 1552 1550 
13700 8365 8384 2995 
13701 1675 1893 1883 
13702 780 785 779 
13703 1914 1916 1915 
13704 1705 8398 1707 
13705 3712 5236 3714 
13706 1221 1223 1222 
13707 3860 8476 3252 
13708 2940 3104 3103 
13709 2262 2782 2261 
13710 1102 2986 1451 
13711 3051 5152 5151 
13712 464 617 465 
13713 1675 1883 1676 
13714 1218 1221 1219 
13715 2234 8464 2236 
13716 1661 3186 1663 
13717 935 936 934 
13718 938 939 936 
13719 7700 9034 9006 
13720 940 941 939 
13721 1216 1217 1215 
13722 5525 6367 5526 
13723 4629 4633 3929 
13724 6082 6172 4505 
13725 8075 8978 8074 
13726 4154 4465 4068 
13727 1595 8383 5135 
13728 1385 8372 1369 
13729 1981 8259 1982 
13730 2772 4442 4441 
13731 8284 8659 3133 
13732 1874 2296 1875 
13733 2507 8436 2504 
13734 3280 3410 3281 
13735 4122 8386 3374 
13736 494 615 495 
13737 433 616 434 
13738 836 838 837 
13739 933 934 932 
13740 3569 4211 3568 
13741 1153 3179 1151 
13742 4072 6046 6045 
13743 1665 1712 1696 
13744 5844 8685 8339 
13745 2172 2175 2174 
13746 866 867 864 
13747 4418 4419 3907 
13748 5905 8637 3914 
13749 3465 8389 3466 
13750 2769 3232 3231 
13751 6036 9290 5262 
13752 2638 2639 2636 
13753 1859 1874 1860 
13754 8647 8817 8123 
13755 772 773 771 
13756 1883 2280 1884 
13757 5586 8385 5120 
13758 780 786 785 
13759 2263 2769 2768 
13760 2994 8384 3024 
13761 1102 1451 1100 
13762 3554 3645 3553 
13763 4258 5439 4257 
13764 2315 2316 2314 
13765 774 775 773 
13766 1782 1783 1780 
13767 5263 6037 6036 
13768 5589 8396 5123 
13769 432 6350 433 
13770 1381 8379 1364 
13771 2535 8414 2969 
13772 4561 6232 4582 
13773 9419 9435 8028 
13774 5189 5191 5188 
13775 3673 4435 3383 
13776 4212 4625 4211 
13777 1157 1158 1155 
13778 2452 3163 3098 
13779 2592 2593 2590 
13780 973 1000 971 
13781 1539 1540 1538 
13782 2414 8663 2411 
13783 767 768 766 
13784 3271 3511 3178 
13785 1545 1546 1544 
13786 3278 3280 3279 
13787 526 618 5 
13788 2188 2191 2190 
13789 4609 6171 5987 
13790 1842 1844 1841 
13791 5038 5261 5260 
13792 1756 2971 1755 
13793 4748 6836 4872 
13794 1216 1218 1217 
13795 3368 8599 3369 
13796 2154 2157 2156 
13797 2945 8382 2943 
13798 765 766 764 
13799 5834 8405 4410 
13800 4503 6082 4505 
13801 3072 5304 2557 
13802 3648 3666 3649 
13803 4993 5753 4994 
13804 2320 2321 2319 
13805 5818 8431 5991 
13806 3163 3216 3164 
13807 2150 2153 2152 
13808 2537 8414 2535 
13809 3047 3152 3151 
13810 5269 5713 5191 
13811 2327 2328 2326 
13812 1996 1999 1998 
13813 2999 8412 3036 
13814 5261 5263 5262 
13815 1320 8598 1317 
13816 4098 8408 3362 
13817 2683 2685 2684 
13818 5967 5968 5966 
13819 763 764 762 
13820 690 6343 522 
13821 2182 2243 2184 
13822 2681 2683 2682 
13823 2176 2253 2178 
13824 2618 2645 2616 
13825 3152 3378 3153 
13826 1786 1864 1784 
13827 4373 5378 4699 
13828 4653 4654 3667 
13829 1824 1825 1822 
13830 4704 8578 6734 
13831 3981 8064 3834 
13832 2192 2242 2194 
13833 2690 8454 2691 
13834 5647 5648 5143 
13835 3842 8667 3839 
13836 3175 3176 3174 
13837 1836 1837 1834 
13838 2331 2333 2332 
13839 3177 3178 3176 
13840 1543 1544 1542 
13841 8229 8547 8211 
13842 4174 4295 3761 
13843 3509 3866 3263 
13844 1658 1711 1659 
13845 3898 4184 3897 
13846 2544 8509 2541 
13847 844 2930 843 
13848 2143 2145 2144 
13849 585 6310 492 
13850 8311 8426 1710 
13851 2634 2636 2635 
13852 6441 6442 6440 
13853 5256 8702 2982 
13854 583 6330 524 
13855 963 964 962 
13856 2318 2319 2317 
13857 5781 7864 3836 
13858 930 933 932 
13859 3585 8585 2876 
13860 3057 3058 3056 
13861 1314 8615 1311 
13862 1567 8370 1588 
13863 5965 5966 2753 
13864 5082 8574 5081 
13865 5587 6245 5588 
13866 5815 8426 8311 
13867 4938 6534 4940 
13868 2596 2666 2594 
13869 1586 8523 5175 
13870 3110 8527 931 
13871 4961 4977 4974 
13872 3230 6638 3677 
13873 5886 9311 5884 
13874 4178 8651 4317 
13875 3128 8489 1221 
13876 1486 8547 1459 
13877 3389 3648 3390 
13878 3656 8677 3659 
13879 1229 8481 1228 
13880 1792 1793 1790 
13881 2986 3389 3257 
13882 3173 3174 3172 
13883 946 8474 945 
13884 8346 8686 5035 
13885 1213 1216 1215 
13886 4185 5664 4184 
13887 2644 2646 2643 
13888 1931 1934 1933 
13889 3138 8709 7489 
13890 5969 5970 5968 
13891 1246 1247 1245 
13892 876 877 874 
13893 5450 5521 5130 
13894 3926 3928 3924 
13895 529 733 732 
13896 761 762 759 
13897 2602 2657 2600 
13898 5780 7860 3830 
13899 872 3184 870 
13900 4523 8499 4070 
13901 2812 8940 3502 
13902 5847 5848 3368 
13903 1880 8439 2255 
13904 2446 3094 2444 
13905 3330 8356 3308 
13906 5081 6118 5079 
13907 797 2313 803 
13908 1064 8348 1063 
13909 4448 6061 4449 
13910 1216 8536 8304 
13911 965 991 964 
13912 2528 8500 2525 
13913 5664 5665 4184 
13914 930 8527 933 
13915 1248 1272 1247 
13916 3059 3060 3058 
13917 1552 4408 3883 
13918 2167 2271 2270 
13919 2608 2609 2606 
13920 2428 8646 2425 
13921 3044 5814 5154 
13922 5982 6576 6539 
13923 3111 8486 938 
13924 1136 3555 1135 
13925 1832 1833 1830 
13926 3662 8682 4021 
13927 8357 8454 3074 
13928 3795 8681 3793 
13929 3666 3667 3649 
13930 1762 3095 1761 
13931 2649 8478 2647 
13932 3708 8389 5918 
13933 2640 2643 2639 
13934 5421 8360 4056 
13935 2375 2390 2373 
13936 2630 8349 2628 
13937 4136 8673 4139 
13938 2446 5850 3094 
13939 2626 2627 2624 
13940 8724 8850 2923 
13941 3059 3061 3060 
13942 2711 8375 2700 
13943 5753 7406 5754 
13944 1802 1854 1800 
13945 4752 8719 6838 
13946 8299 8579 3332 
13947 2383 2681 2680 
13948 1398 8374 1421 
13949 2221 8403 2222 
13950 7076 9073 9016 
13951 1459 8547 1461 
13952 1256 1284 1254 
13953 2612 2655 2610 
13954 1816 1843 1814 
13955 3961 4662 3958 
13956 1847 8480 1845 
13957 1796 1861 1794 
13958 1808 1809 1806 
13959 4078 5576 5575 
13960 1223 8489 1229 
13961 4655 8520 3667 
13962 1167 1293 1165 
13963 2983 3057 3056 
13964 5911 8609 3912 
13965 734 735 732 
13966 3609 8440 3339 
13967 3339 8440 3358 
13968 2048 8600 2049 
13969 1115 8262 1112 
13970 1308 8628 1305 
13971 3023 8761 3018 
13972 3397 8840 4364 
13973 6651 6897 4811 
13974 6163 6398 6139 
13975 1031 8664 1028 
13976 2504 8436 2506 
13977 2207 2231 2208 
13978 8392 8395 3073 
13979 4471 8503 5555 
13980 2434 8625 2431 
13981 5003 6930 4843 
13982 1977 8535 1978 
13983 4073 8595 4072 
13984 2732 8422 2760 
13985 2689 8693 2419 
13986 2806 8621 2805 
13987 2002 2005 2004 
13988 2943 8382 3882 
13989 1183 1235 1181 
13990 5135 8439 1880 
13991 5106 5627 5105 
13992 850 3084 849 
13993 7750 8333 4992 
13994 5039 8763 6150 
13995 1163 3150 1161 
13996 1838 1841 1837 
13997 884 1015 882 
13998 1399 8374 1398 
13999 3057 3059 3058 
14000 1935 1938 1937 
14001 4273 5041 4698 
14002 3646 4199 3645 
14003 2798 4200 3335 
14004 2293 3437 3428 
14005 4043 5527 4494 
14006 4507 6137 5633 
14007 1516 2761 1518 
14008 5044 6747 5046 
14009 6422 9339 5886 
14010 1820 3159 1818 
14011 1060 8351 1059 
14012 5649 6440 5647 
14013 4593 8438 4595 
14014 2670 5157 2563 
14015 4724 4740 4726 
14016 6817 8713 4741 
14017 2095 2979 2096 
14018 6063 6064 5298 
14019 1142 3086 1141 
14020 7011 9105 7010 
14021 5967 5982 5969 
14022 1550 8638 1551 
14023 4221 4690 4223 
14024 1175 1281 1173 
14025 4118 9206 9172 
14026 5574 8276 5563 
14027 2080 2085 2082 
14028 1920 1922 1921 
14029 1812 8340 1810 
14030 6014 6750 6012 
14031 3097 8374 1399 
14032 3335 8606 3336 
14033 755 2772 1484 
14034 758 759 757 
14035 1461 8547 8229 
14036 2320 2322 2321 
14037 4387 8491 3592 
14038 2794 8417 5111 
14039 2705 8409 2693 
14040 880 8321 878 
14041 940 8486 946 
14042 3127 8536 1214 
14043 3163 3164 3098 
14044 2255 8439 2741 
14045 5359 6652 5695 
14046 908 942 906 
14047 2365 2366 2364 
14048 2696 8409 3247 
14049 8429 8778 4520 
14050 3216 3366 3164 
14051 3511 3512 3178 
14052 2615 8974 2617 
14053 2576 2678 2575 
14054 763 765 764 
14055 3897 3899 3896 
14056 1037 8648 1034 
14057 1345 8407 1362 
14058 765 767 766 
14059 2634 2635 2632 
14060 6741 6743 5710 
14061 761 763 762 
14062 767 777 768 
14063 6258 6259 5665 
14064 2369 2383 2368 
14065 4072 6045 4059 
14066 3404 4114 3403 
14067 756 758 757 
14068 3301 3642 3328 
14069 758 761 759 
14070 1941 1944 1943 
14071 2367 2368 2366 
14072 3608 4480 4479 
14073 1201 1220 1199 
14074 2276 5846 5845 
14075 5048 5746 5050 
14076 892 1001 890 
14077 2547 8433 2545 
14078 5627 6109 5105 
14079 5052 5070 5054 
14080 5217 5679 5215 
14081 2315 3265 2316 
14082 4672 4674 4673 
14083 3566 9031 4389 
14084 2095 3126 2979 
14085 4384 4613 4199 
14086 3615 8495 3614 
14087 8411 9033 6192 
14088 900 953 898 
14089 2678 8782 7603 
14090 2971 3892 1755 
14091 4565 4568 4567 
14092 1768 1876 1767 
14093 8352 8487 3283 
14094 2986 3257 1451 
14095 1191 1225 1189 
14096 4459 6093 4538 
14097 4532 8495 3615 
14098 7632 8846 3050 
14099 2285 8487 2708 
14100 4874 5755 4876 
14101 2228 8367 8297 
14102 2240 8464 8227 
14103 4536 8440 3609 
14104 1982 8259 1985 
14105 3648 3649 3390 
14106 6005 6375 6374 
14107 1460 8504 1446 
14108 2923 3116 1123 
14109 2768 8523 1680 
14110 1350 8410 1368 
14111 1213 8536 1216 
14112 4197 4621 4198 
14113 4108 5147 3620 
14114 2622 3168 2620 
14115 3500 4407 3499 
14116 1993 2941 1994 
14117 1866 8425 3063 
14118 3498 8986 3566 
14119 5056 5278 5058 
14120 3597 4517 3598 
14121 4569 4703 4692 
14122 2440 8517 2437 
14123 6819 8712 4833 
14124 4362 5827 5246 
14125 5136 6822 5005 
14126 5307 5540 5306 
14127 738 739 737 
14128 3668 4459 3669 
14129 3985 5193 3983 
14130 2289 8428 3295 
14131 2328 2331 2330 
14132 3701 8519 3710 
14133 5829 8809 5828 
14134 5087 5623 5085 
14135 2462 8418 3088 
14136 3425 8436 2507 
14137 9087 9097 7715 
14138 4079 8616 4078 
14139 4298 4705 4296 
14140 5558 5560 5559 
14141 1348 8420 1332 
14142 2284 8487 2285 
14143 3552 4197 3890 
14144 3649 8520 4436 
14145 2371 8423 2369 
14146 5064 5310 5066 
14147 6118 8544 5079 
14148 740 741 739 
14149 1742 8267 2276 
14150 2534 8526 2531 
14151 5060 5299 5062 
14152 4755 8785 4756 
14153 1171 3157 1169 
14154 6063 6065 6064 
14155 2948 8382 2945 
14156 3389 3390 3257 
14157 860 1529 859 
14158 6897 8681 4811 
14159 1518 8548 1520 
14160 918 937 916 
14161 4117 4534 4497 
14162 4198 8537 3890 
14163 5099 5752 5100 
14164 5293 9373 6821 
14165 4459 4538 4460 
14166 3811 8221 3808 
14167 9108 9133 3169 
14168 2395 3199 3187 
14169 776 780 779 
14170 3583 8477 3487 
14171 7850 8266 7847 
14172 1552 3883 1550 
14173 2157 3580 2158 
14174 1317 8598 1316 
14175 5962 5963 4613 
14176 5336 8729 5748 
14177 2006 2065 2008 
14178 4589 4666 4151 
14179 2805 3219 1597 
14180 4829 8712 4827 
14181 3895 3896 3894 
14182 2628 2641 2627 
14183 3095 5162 1761 
14184 4507 5633 4121 
14185 6042 6043 4421 
14186 1522 1878 1524 
14187 7732 8660 3093 
14188 3216 8397 3367 
14189 1149 1377 1148 
14190 3395 4207 3394 
14191 3410 8665 3411 
14192 2750 8484 1704 
14193 888 3158 886 
14194 5236 5733 5237 
14195 5857 8425 1871 
14196 825 8698 824 
14197 1179 3160 1177 
14198 3072 6977 5304 
14199 774 776 775 
14200 4728 5250 4730 
14201 2678 3130 2575 
14202 2381 2405 2379 
14203 2091 8590 2092 
14204 4790 4799 4791 
14205 4538 5666 4539 
14206 5540 6198 5306 
14207 2545 8433 2940 
14208 5899 7140 5157 
14209 8339 8685 1688 
14210 3300 3670 3668 
14211 2137 8609 2138 
14212 3720 8713 3718 
14213 977 3170 975 
14214 7651 8748 7650 
14215 2043 8691 2046 
14216 3323 4119 3597 
14217 2110 5964 2753 
14218 3126 3300 3299 
14219 2318 2320 2319 
14220 4259 5945 5944 
14221 6043 6044 4421 
14222 789 1492 783 
14223 1013 8430 1147 
14224 4408 5699 3883 
14225 2145 8660 2146 
14226 4942 6530 4944 
14227 1728 9003 1726 
14228 4209 8482 3413 
14229 4708 8494 4274 
14230 3740 8719 3742 
14231 3989 5243 3987 
14232 1264 1294 1262 
14233 5140 5805 5138 
14234 3909 4362 2231 
14235 7975 8627 3116 
14236 1187 3166 1185 
14237 4638 4665 4639 
14238 1947 1969 1949 
14239 1260 3181 1258 
14240 4115 8602 4114 
14241 2431 8625 2430 
14242 4052 5419 5155 
14243 1600 8479 1558 
14244 1297 8434 1328 
14245 3358 8647 3039 
14246 904 3165 902 
14247 5240 8774 6210 
14248 2771 3450 3449 
14249 7794 8248 7790 
14250 2771 3449 3448 
14251 3280 4454 3410 
14252 6083 8438 4593 
14253 896 3167 894 
14254 4258 8887 5440 
14255 4687 6247 6135 
14256 768 770 769 
14257 6749 9443 3699 
14258 4587 8635 4586 
14259 1311 8615 1310 
14260 4489 5165 4473 
14261 1826 1839 1825 
14262 5945 5946 5944 
14263 5419 5663 5420 
14264 1776 1877 1775 
14265 4078 5575 4076 
14266 3679 4669 4267 
14267 2708 8428 2287 
14268 981 1010 979 
14269 1547 8687 1546 
14270 1558 8479 3461 
14271 5328 8475 5152 
14272 3146 8697 7861 
14273 4561 4582 4181 
14274 3575 8949 4026 
14275 3452 3679 3579 
14276 2769 3233 3232 
14277 4621 6438 6007 
14278 8981 9101 5934 
14279 4257 4259 3512 
14280 3174 4345 3172 
14281 2931 5841 1129 
14282 4586 6188 6113 
14283 3403 3405 3132 
14284 3893 3894 3892 
14285 3904 3906 3903 
14286 1707 8398 2267 
14287 3405 4116 3543 
14288 3581 8653 5257 
14289 3386 8444 2957 
14290 6179 8780 5102 
14291 4186 8452 3565 
14292 1715 3183 1717 
14293 2572 8618 2571 
14294 1272 2315 2314 
14295 3199 3397 3396 
14296 4558 4981 4557 
14297 7365 8751 5024 
14298 744 746 745 
14299 1195 3162 1193 
14300 1688 8685 2278 
14301 1876 5164 1767 
14302 1523 8779 1599 
14303 1018 8432 1007 
14304 912 3161 910 
14305 770 772 771 
14306 4200 5647 5143 
14307 3353 8422 2732 
14308 4406 6024 6023 
14309 3039 8647 3033 
14310 747 749 748 
14311 2396 8655 2395 
14312 1323 4248 1320 
14313 3131 3132 3130 
14314 5091 5094 5089 
14315 2425 8646 2424 
14316 3620 8657 3621 
14317 2930 3133 843 
14318 4744 8103 3724 
14319 7557 8742 7558 
14320 1123 8627 1120 
14321 1851 3920 1809 
14322 772 774 773 
14323 1305 8628 1304 
14324 3420 4275 3421 
14325 6232 6234 4582 
14326 1535 1596 1534 
14327 1034 8648 1033 
14328 3013 8815 3015 
14329 1834 8465 1833 
14330 4669 5302 5300 
14331 1442 8708 7475 
14332 8408 8780 3602 
14333 3440 4131 3442 
14334 3397 4168 4166 
14335 2216 8525 2218 
14336 991 2318 2317 
14337 4101 4247 3670 
14338 4251 4599 4598 
14339 4227 4680 4229 
14340 5262 9253 5260 
14341 2388 2704 2386 
14342 1684 8456 1682 
14343 8192 9076 9037 
14344 999 8413 956 
14345 6005 6374 5093 
14346 749 751 750 
14347 2540 8414 2537 
14348 6038 6579 5946 
14349 1077 8582 1078 
14350 2271 2771 2770 
14351 2923 3117 3116 
14352 799 3185 794 
14353 1563 1672 1580 
14354 3114 3323 3322 
14355 6222 6223 6044 
14356 4413 5993 4414 
14357 1120 8627 1119 
14358 4982 6687 4981 
14359 1439 8321 5206 
14360 5244 6001 4256 
14361 3518 3910 2782 
14362 4255 4256 3219 
14363 1067 8348 1064 
14364 5534 6809 5654 
14365 7924 8530 3751 
14366 2826 8726 3599 
14367 1705 8484 8398 
14368 733 3244 734 
14369 1535 1597 1596 
14370 4782 8643 4783 
14371 4177 8651 4178 
14372 4458 4577 3635 
14373 5714 8898 5191 
14374 3444 4108 3620 
14375 4946 6529 4948 
14376 2564 8258 2670 
14377 3074 8454 2690 
14378 1028 8664 1027 
14379 4084 4574 4082 
14380 781 3891 777 
14381 868 1342 867 
14382 2010 3182 2012 
14383 2411 8663 2410 
14384 3652 4201 3653 
14385 1701 8479 1600 
14386 3774 8458 4755 
14387 1442 1535 1534 
14388 1323 4249 4248 
14389 3678 4413 3919 
14390 4406 8726 6024 
14391 3815 3921 3813 
14392 751 753 752 
14393 2084 3171 2087 
14394 4481 4679 4483 
14395 2436 3113 2434 
14396 756 757 754 
14397 3347 4164 3349 
14398 5687 6881 5686 
14399 740 742 741 
14400 753 756 754 
14401 4251 4598 4249 
14402 4732 5277 4739 
14403 2416 3888 3129 
14404 4838 6817 4741 
14405 3592 8491 3911 
14406 616 6351 434 
14407 3117 3663 3118 
14408 1999 2977 2000 
14409 1877 3900 1775 
14410 2436 3114 3113 
14411 1159 1335 1158 
14412 736 737 735 
14413 2157 3581 3580 
14414 1712 2746 1713 
14415 985 3193 983 
14416 1273 1334 1270 
14417 3413 8482 3957 
14418 3117 3118 3116 
14419 1268 3195 1266 
14420 4752 6838 4979 
14421 1712 5202 2746 
14422 1316 5149 1314 
14423 1926 8314 1927 
14424 1310 3272 1308 
14425 5613 6134 5612 
14426 2670 5899 5157 
14427 2149 8338 2150 
14428 3084 5849 849 
14429 7264 9022 3010 
14430 5144 5686 4263 
14431 3450 3452 3451 
14432 3466 8389 3708 
14433 1871 8425 1868 
14434 742 743 741 
14435 738 740 739 
14436 3895 3897 3896 
14437 4350 8478 2653 
14438 989 1331 987 
14439 1585 8687 7970 
14440 5577 5578 3655 
14441 742 744 743 
14442 4629 6459 5642 
14443 5664 6258 5665 
14444 5623 8574 5085 
14445 3663 3664 3118 
14446 2430 5863 5839 
14447 817 819 811 
14448 750 3269 748 
14449 1810 1851 1809 
14450 2452 8447 3163 
14451 4613 5641 4199 
14452 2424 3112 2749 
14453 4436 8592 3390 
14454 4491 5926 5925 
14455 3326 8502 3324 
14456 4135 8673 4136 
14457 5073 8541 4154 
14458 3663 4647 3664 
14459 1310 3282 3272 
14460 2395 3187 2391 
14461 4877 6819 4833 
14462 5195 8480 1852 
14463 3993 5264 3991 
14464 4687 6135 4685 
14465 3959 5690 4386 
14466 8456 8836 3047 
14467 3511 4257 3512 
14468 2805 4255 3219 
14469 2107 2110 2109 
14470 4383 5701 3920 
14471 3655 8677 3656 
14472 2641 5189 5188 
14473 2554 8470 2552 
14474 1316 5150 5149 
14475 1446 8504 1444 
14476 4550 6078 4177 
14477 4669 5300 4267 
14478 3087 8490 2460 
14479 4803 8471 4745 
14480 3516 4492 4491 
14481 1877 8800 7596 
14482 3679 4267 3579 
14483 3555 5684 1135 
14484 1857 8533 5195 
14485 4143 8485 3457 
14486 3064 8533 1865 
14487 3233 3647 3278 
14488 3903 3905 3902 
14489 4293 4584 4291 
14490 5424 6219 4577 
14491 1442 1534 819 
14492 2420 8443 2417 
14493 5408 5409 3661 
14494 4508 6187 5632 
14495 1682 8456 3047 
14496 9205 9227 6922 
14497 3661 8682 3662 
14498 832 8659 831 
14499 4592 5893 4141 
14500 1063 8351 1060 
14501 3933 4508 4461 
14502 3821 4276 3819 
14503 3112 3516 3515 
14504 996 8448 1004 
14505 1719 2745 1721 
14506 3440 8606 4131 
14507 4255 5244 4256 
14508 3888 3933 3889 
14509 4413 6622 5993 
14510 4643 6544 6543 
14511 2156 8666 2155 
14512 5932 5933 4671 
14513 4586 6113 4446 
14514 8093 8554 2886 
14515 5237 8555 3714 
14516 5125 8476 3860 
14517 5670 6683 5669 
14518 878 1439 877 
14519 8388 8806 5341 
14520 4466 8575 4068 
14521 1279 8450 1287 
14522 5626 5646 4135 
14523 1529 5183 859 
14524 2971 3893 3892 
14525 4201 5661 5660 
14526 6929 8703 6926 
14527 3636 8419 3685 
14528 5100 8551 4720 
14529 4159 8507 4161 
14530 689 6344 463 
14531 8337 9063 7451 
14532 5224 6200 4510 
14533 1043 8506 1040 
14534 3570 3652 3571 
14535 3675 8502 4486 
14536 1938 2978 1939 
14537 1027 5385 3591 
14538 2430 5839 2428 
14539 2352 8803 8003 
14540 4253 5669 4252 
14541 744 745 743 
14542 4279 8462 5735 
14543 8386 8763 5039 
14544 3399 4205 3398 
14545 3086 5182 1141 
14546 6261 6263 5578 
14547 5945 6038 5946 
14548 5269 6781 5713 
14549 4642 5456 4063 
14550 5935 5936 4518 
14551 3624 4149 3626 
14552 1301 1386 1295 
14553 5041 6800 5042 
14554 746 755 745 
14555 3645 4195 3553 
14556 3282 4067 4052 
14557 5189 5269 5191 
14558 1277 3228 1275 
14559 4197 5194 4621 
14560 3901 3902 3900 
14561 994 3194 992 
14562 2551 8433 2547 
14563 5575 8595 4076 
14564 5972 5985 5974 
14565 1002 1353 997 
14566 5302 6607 5300 
14567 3234 3235 3133 
14568 3893 3895 3894 
14569 4454 6620 3410 
14570 2401 5838 2399 
14571 3324 8502 3675 
14572 1377 5184 1148 
14573 5724 5813 5722 
14574 4310 8500 2528 
14575 2153 8653 2154 
14576 4842 6760 4840 
14577 4317 4591 4319 
14578 5212 5218 5210 
14579 3210 3398 3209 
14580 2664 8556 2659 
14581 2344 8560 2348 
14582 3547 8528 3548 
14583 4233 4678 4264 
14584 2931 6528 5841 
14585 1285 1357 1282 
14586 3532 4458 3635 
14587 5582 8528 4109 
14588 1922 8710 1923 
14589 1955 1972 1957 
14590 2406 2762 2403 
14591 2424 2749 2422 
14592 2222 8403 2225 
14593 3958 3959 3235 
14594 2016 2019 2018 
14595 6551 6603 5983 
14596 5145 8560 3108 
14597 4207 5186 3394 
14598 3997 5294 3995 
14599 6604 6605 5673 
14600 1993 3146 2941 
14601 1582 3180 1591 
14602 2236 8464 2240 
14603 4062 4063 3910 
14604 6610 7358 5679 
14605 3435 8514 3593 
14606 4577 8419 3635 
14607 4062 8675 5430 
14608 1039 3120 1037 
14609 4205 5199 3398 
14610 615 6349 495 
14611 2042 8691 2043 
14612 5627 6151 6109 
14613 8718 8845 5856 
14614 4881 5751 4879 
14615 6137 6183 5633 
14616 2231 8353 2208 
14617 3359 8575 3360 
14618 8225 8465 1837 
14619 8327 8710 3145 
14620 5040 8686 4126 
14621 6930 8667 4843 
14622 1546 1575 1544 
14623 3233 3278 3232 
14624 5112 8669 5110 
14625 3452 3579 3451 
14626 1606 1671 1613 
14627 5208 5210 5207 
14628 2416 3129 2414 
14629 1033 5867 3125 
14630 4407 5185 3499 
14631 5825 9081 5026 
14632 1658 4331 1711 
14633 3126 3299 2979 
14634 2132 8727 2135 
14635 3369 8599 4047 
14636 831 8698 825 
14637 2054 2282 2067 
14638 3927 3930 3929 
14639 4703 6715 6667 
14640 4255 8621 5245 
14641 7814 9304 3865 
14642 7470 9065 7468 
14643 6121 6136 5226 
14644 5211 5212 5210 
14645 4950 5667 4952 
14646 2261 2263 1680 
14647 2760 8422 3225 
14648 5207 5209 5205 
14649 1444 8504 3097 
14650 945 8474 952 
14651 6256 6257 5409 
14652 4062 4642 4063 
14653 4486 8512 4485 
14654 2886 8554 2888 
14655 3098 8564 2450 
14656 2497 9205 6922 
14657 5206 5207 5205 
14658 4139 4592 4141 
14659 6506 6520 6508 
14660 3518 4062 3910 
14661 5179 8983 5181 
14662 4694 6656 6527 
14663 2523 8718 2517 
14664 3323 3597 3322 
14665 3392 3965 3963 
14666 1039 3121 3120 
14667 3407 3681 3680 
14668 1746 8516 1744 
14669 3300 3668 3299 
14670 2019 3923 2075 
14671 3628 5577 3655 
14672 4096 4550 4177 
14673 6502 6519 6504 
14674 7364 8852 2075 
14675 1342 3914 867 
14676 3687 4144 4041 
14677 6488 6489 5948 
14678 1016 1378 1011 
14679 1944 2982 1945 
14680 5976 6547 5978 
14681 6960 6961 5759 
14682 1679 1680 1586 
14683 2930 3234 3133 
14684 3925 3927 3926 
14685 3283 8487 2284 
14686 1033 3125 1031 
14687 4520 8778 5711 
14688 5102 8780 8408 
14689 3257 8592 3908 
14690 529 732 731 
14691 3353 8830 8422 
14692 6834 9252 3212 
14693 3825 3952 3823 
14694 2049 8600 2052 
14695 1679 2261 1680 
14696 1649 2291 1666 
14697 2678 3131 3130 
14698 4238 5673 4237 
14699 1027 3591 1025 
14700 1228 8481 1238 
14701 1999 5855 2977 
14702 817 1442 819 
14703 1851 8340 6010 
14704 2233 8550 2234 
14705 1944 5192 2982 
14706 1930 8358 1931 
14707 4128 5626 4135 
14708 3659 5408 3661 
14709 1439 5204 877 
14710 1008 3196 1005 
14711 4337 8550 2249 
14712 3131 3403 3132 
14713 4599 6400 4598 
14714 6510 6521 6512 
14715 2320 8588 2323 
14716 1951 3201 1953 
14717 8795 8917 3217 
14718 3556 3558 3124 
14719 4021 4537 4023 
14720 5128 8588 2318 
14721 1725 2754 1727 
14722 5172 5715 5170 
14723 4485 8512 5286 
14724 1335 5203 1158 
14725 6544 6591 6543 
14726 3516 8872 4493 
14727 2552 8470 2972 
14728 2259 3122 2042 
14729 9845 9848 7738 
14730 5887 8638 3883 
14731 3949 8775 3223 
14732 736 738 737 
14733 1989 8697 1990 
14734 2442 9113 9040 
14735 4201 5676 5661 
14736 1585 1679 1586 
14737 2578 8782 2576 
14738 733 734 732 
14739 2416 8443 3888 
14740 5821 8585 3585 
14741 5144 8644 5687 
14742 5286 8512 6602 
14743 5549 6731 5547 
14744 5261 6583 5263 
14745 5009 5668 5011 
14746 6482 6483 5229 
14747 4003 4682 4001 
14748 2117 2290 2119 
14749 3123 3124 3122 
14750 3103 8509 2544 
14751 2487 8811 2984 
14752 3965 4637 3963 
14753 1291 3197 1289 
14754 3923 3925 3924 
14755 3234 3958 3235 
14756 2026 2074 2028 
14757 3450 3451 3449 
14758 4864 6748 5291 
14759 1911 8739 1914 
14760 2297 8579 2743 
14761 5838 8840 8655 
14762 2957 8444 7672 
14763 4760 5163 4762 
14764 6043 6222 6044 
14765 5859 8554 8093 
14766 5246 8353 2231 
14767 1619 1641 1621 
14768 2282 2283 2067 
14769 5410 5411 5185 
14770 3205 3206 1977 
14771 1508 8529 1564 
14772 2113 3203 2115 
14773 6024 6806 6025 
14774 5914 9164 7003 
14775 6431 6567 5645 
14776 4296 8366 4295 
14777 2659 8556 2658 
14778 3614 8495 4560 
14779 2560 8511 2558 
14780 4277 8477 3583 
14781 4634 6488 5948 
14782 3148 3553 3552 
14783 1961 1973 1963 
14784 1542 3217 1540 
14785 4807 4810 4805 
14786 2383 8423 3879 
14787 5567 5743 5427 
14788 5187 5229 5186 
14789 5823 8987 8949 
14790 3121 3254 3242 
14791 4376 8376 4377 
14792 1585 1586 1575 
14793 3114 3322 3113 
14794 4574 8616 4082 
14795 5200 5645 5199 
14796 4422 6582 6026 
14797 2034 2073 2036 
14798 5958 8491 4387 
14799 5864 7669 4332 
14800 747 748 746 
14801 2291 2292 1666 
14802 4108 5612 5147 
14803 3146 3148 3147 
14804 4582 8636 5530 
14805 2092 8590 2095 
14806 4853 5221 4855 
14807 8341 8738 3473 
14808 4575 8507 4159 
14809 5980 6551 5983 
14810 3487 8477 4286 
14811 1978 8535 1981 
14812 1637 1642 1639 
14813 1938 3138 2978 
14814 5596 5740 5594 
14815 2291 8725 7971 
14816 5341 8806 6799 
14817 1082 8565 1080 
14818 5270 8583 4487 
14819 4859 4863 4861 
14820 3282 4052 3272 
14821 6247 6406 6135 
14822 3581 4308 4307 
14823 2202 8570 2204 
14824 4465 8541 6163 
14825 4377 8621 2806 
14826 1615 3198 1617 
14827 2653 8478 2649 
14828 5688 6020 5183 
14829 6898 9152 2290 
14830 6467 6633 6466 
14831 2022 3200 2024 
14832 3254 4036 3678 
14833 5967 5969 5968 
14834 3199 3396 3187 
14835 3581 4307 3580 
14836 6155 8499 4523 
14837 3238 3239 2292 
14838 4263 4422 3914 
14839 4980 8788 6759 
14840 2040 2259 2042 
14841 3555 6533 5684 
14842 2343 8560 2344 
14843 4656 6486 4637 
14844 1623 3204 1625 
14845 1629 1667 1631 
14846 2517 8718 2514 
14847 5540 6212 6198 
14848 2046 5840 2048 
14849 1852 8480 1847 
14850 2800 2802 2283 
14851 3397 4166 3396 
14852 1564 8529 4369 
14853 4168 5422 4166 
14854 5777 8444 3386 
14855 3570 4213 3652 
14856 5133 8526 2534 
14857 1967 1976 1970 
14858 4274 8494 4277 
14859 3209 3387 3208 
14860 1326 8508 1324 
14861 3538 8738 4171 
14862 5255 6478 5256 
14863 821 8505 818 
14864 2234 8550 8464 
14865 3387 4190 3643 
14866 4007 5319 4005 
14867 1124 8724 2923 
14868 1974 3205 1977 
14869 2492 8811 2489 
14870 4270 8772 2921 
14871 1551 8638 1583 
14872 8361 8912 6085 
14873 1080 8565 3051 
14874 4614 4649 4202 
14875 3207 3208 3206 
14876 4331 4332 1711 
14877 843 8659 832 
14878 2514 8718 8322 
14879 1741 8456 1684 
14880 2575 8618 2572 
14881 3084 6857 5849 
14882 1546 1585 1575 
14883 1510 8529 1508 
14884 5840 5909 2048 
14885 4331 5864 4332 
14886 3522 8542 3271 
14887 7539 8856 4886 
14888 8610 8905 3333 
14889 3942 4648 3932 
14890 5982 6539 5969 
14891 751 752 750 
14892 938 8486 940 
14893 2125 2748 2127 
14894 749 750 748 
14895 8639 8898 3168 
14896 3104 8496 3106 
14897 4421 8602 4115 
14898 1221 8489 1223 
14899 1752 8531 1750 
14900 753 754 752 
14901 5075 8544 6145 
14902 5558 5559 4809 
14903 5705 6689 5571 
14904 3018 8761 3016 
14905 6532 8482 4209 
14906 5433 8778 8429 
14907 5187 6482 5229 
14908 6685 8634 5237 
14909 5602 6682 5600 
14910 1877 3901 3900 
14911 3086 5346 5182 
14912 7264 9051 9022 
14913 8526 8828 2987 
14914 2558 8511 3072 
14915 5862 8762 8370 
14916 4347 8538 4185 
14917 1074 8605 3044 
14918 1934 8709 1935 
14919 5965 5967 5966 
14920 5410 6590 5411 
14921 8244 8688 3276 
14922 5166 5731 5165 
14923 3901 3903 3902 
14924 3146 3147 2941 
14925 3516 4491 3515 
14926 2110 2753 2111 
14927 2331 8796 7747 
14928 4458 5424 4577 
14929 4407 5410 5185 
14930 4207 5187 5186 
14931 2131 8727 2132 
14932 7613 9239 7612 
14933 734 736 735 
14934 743 8424 741 
14935 1927 8314 1930 
14936 3409 5872 2131 
14937 2030 3202 2032 
14938 3751 8530 3753 
14939 6188 6464 6113 
14940 2349 8803 2352 
14941 5838 8655 2399 
14942 3112 3515 2749 
14943 2146 8660 2149 
14944 2055 8553 2057 
14945 5202 8483 2746 
14946 4154 8541 4465 
14947 5848 8599 3368 
14948 6735 8494 4708 
14949 3056 8348 1067 
14950 1851 4383 3920 
14951 3148 3552 3147 
14952 1758 8524 1756 
14953 1633 3211 1635 
14954 2520 8837 2548 
14955 4122 8763 8386 
14956 1917 8737 1920 
14957 2291 3238 2292 
14958 5036 9008 7732 
14959 6177 8813 8686 
14960 6761 8642 5100 
14961 2067 8553 2055 
14962 3419 8578 3709 
14963 4248 8598 1320 
14964 2647 8586 2646 
14965 3965 4656 4637 
14966 3969 8534 3971 
14967 2121 3212 2123 
14968 2282 2800 2283 
14969 772 8513 1694 
14970 4672 6594 4674 
14971 3888 3889 3129 
14972 5197 6563 6562 
14973 4508 5632 4461 
14974 5606 6671 5604 
14975 2369 8423 2383 
14976 2296 8604 3470 
14977 3238 3499 3239 
14978 1529 5688 5183 
14979 2628 8349 2641 
14980 1377 6540 5184 
14981 5424 6221 6219 
14982 1737 2756 1906 
14983 2772 4443 4442 
14984 3933 4461 3889 
14985 5577 6261 5578 
14986 4331 8546 5897 
14987 1845 8581 1844 
14988 4766 4798 4768 
14989 2800 3394 2802 
14990 4592 6468 5893 
14991 4011 5332 4009 
14992 8326 8569 764 
14993 3411 8665 4399 
14994 3231 8539 3953 
14995 4625 5201 4211 
14996 4568 8720 4569 
14997 2557 8470 2554 
14998 2354 8880 2933 
14999 3624 8657 4149 
15000 4383 5922 5701 
15001 3332 8579 2297 
15002 818 8708 817 
15003 4629 5642 4633 
15004 1910 8739 1911 
15005 4550 6079 6078 
15006 4703 6716 6715 
15007 2138 8609 2141 
15008 1126 8724 1124 
15009 3877 8890 3124 
15010 4308 5702 4307 
15011 4109 8528 3547 
15012 2662 8586 8283 
15013 5688 6862 6020 
15014 2509 9098 8742 
15015 1731 2755 1733 
15016 5108 8558 5106 
15017 6135 8635 4685 
15018 5508 6653 5506 
15019 4015 5338 4013 
15020 7175 9182 3200 
15021 5408 6256 5409 
15022 5828 8809 8688 
15023 2150 8338 2153 
15024 1076 8605 1074 
15025 2154 8653 2157 
15026 5964 5965 2753 
15027 6683 6684 5669 
15028 7970 9043 7710 
15029 5151 8605 1079 
15030 2129 3409 2131 
15031 1916 8737 1917 
15032 5149 8615 1314 
15033 5187 8714 6535 
15034 3254 3678 3242 
15035 6311 6312 6310 
15036 2143 2804 2145 
15037 3121 3242 3120 
15038 6941 8457 5002 
15039 8404 8774 5098 
15040 3777 8873 7432 
15041 1250 8593 1248 
15042 2135 3142 2137 
15043 1068 8568 2983 
15044 3205 8794 8109 
15045 1778 8800 1776 
15046 3138 3140 3139 
15047 5385 6628 3591 
15048 3271 8542 3511 
15049 1070 8568 1068 
15050 8738 8876 4171 
15051 8510 8808 4309 
15052 4443 4448 4442 
15053 8983 9048 4338 
15054 3391 5176 1910 
15055 842 8563 1367 
15056 1990 8697 1993 
15057 4770 5289 4772 
15058 3473 8738 3538 
15059 1342 4263 3914 
15060 1764 8549 1762 
15061 8322 8718 5856 
15062 1865 8533 1857 
15063 1837 8465 1834 
15064 2019 2075 2020 
15065 2436 8517 3114 
15066 3140 3568 3141 
15067 5188 8898 8639 
15068 8478 8586 2647 
15069 4700 6659 4261 
15070 3152 8836 3876 
15071 1908 3391 1910 
15072 3272 8628 1308 
15073 5748 8729 6839 
15074 8308 8610 3303 
15075 1324 8508 8117 
15076 1093 8623 1091 
15077 4134 8825 5704 
15078 4237 4659 3938 
15079 4464 8830 4061 
15080 5867 5868 3125 
15081 3142 3912 2137 
15082 1859 8581 3881 
15083 3881 8604 1874 
15084 3232 8539 3231 
15085 2361 8620 2359 
15086 5200 6431 5645 
15087 4458 8790 5537 
15088 1086 8565 1082 
15089 2096 8572 2098 
15090 4539 8576 4541 
15091 3129 8663 2414 
15092 4205 5200 5199 
15093 3108 8560 2343 
15094 2796 8594 2798 
15095 3667 8520 3649 
15096 5212 5682 5218 
15097 3556 4204 3558 
15098 3887 8743 3885 
15099 3123 3556 3124 
15100 4108 8747 5613 
15101 5676 6470 5661 
15102 1677 8762 1708 
15103 2057 8552 2059 
15104 5512 5712 5510 
15105 4638 6728 4665 
15106 2446 8564 5850 
15107 4671 4672 3672 
15108 5161 8563 840 
15109 2641 8349 5190 
15110 8480 8581 1845 
15111 1039 8506 3121 
15112 6640 8276 5574 
15113 8273 8855 8313 
15114 3117 8850 4624 
15115 5735 8462 6966 
15116 4783 8643 4786 
15117 4797 5698 4782 
15118 1132 8532 1130 
15119 1439 5205 5204 
15120 5081 8574 6119 
15121 8545 8891 2930 
15122 3913 3938 3912 
15123 3207 3209 3208 
15124 967 8613 965 
15125 3291 8769 3564 
15126 2804 3093 2145 
15127 5776 8462 4279 
15128 2888 8554 3462 
15129 1652 8546 1654 
15130 4790 5871 4799 
15131 2259 3123 3122 
15132 1744 8516 8267 
15133 1335 6553 5203 
15134 2658 8556 5228 
15135 2245 8895 2308 
15136 4185 8538 5664 
15137 1920 3144 1922 
15138 1810 8340 1851 
15139 4317 8651 4591 
15140 1130 8532 2931 
15141 1756 8524 2971 
15142 846 8545 844 
15143 2817 8629 3417 
15144 3406 3672 3093 
15145 1822 8622 1820 
15146 3116 8627 1123 
15147 3205 3207 3206 
15148 4780 4797 4782 
15149 1914 3149 1916 
15150 2850 8806 8388 
15151 2716 8610 2717 
15152 3659 8677 5408 
15153 4161 8507 4530 
15154 5518 6636 5516 
15155 3225 8422 5847 
15156 3113 8625 2434 
15157 4774 5311 4776 
15158 3973 8612 4366 
15159 4047 8599 4506 
15160 8095 8839 4271 
15161 5155 8628 3272 
15162 3729 8540 4163 
15163 3514 8617 2954 
15164 2249 8550 2233 
15165 3138 3139 2978 
15166 6459 6560 5642 
15167 5839 8646 2428 
15168 4139 8673 4592 
15169 3568 3570 3141 
15170 8688 8809 3507 
15171 2576 8782 2678 
15172 4981 5892 4557 
15173 1248 8593 1272 
15174 3883 8638 1550 
15175 3593 8514 4397 
15176 8828 8879 5706 
15177 4021 8682 4537 
15178 4200 8594 5649 
15179 8655 8840 3199 
15180 3930 4629 3929 
15181 3140 3141 3139 
15182 5577 8765 6262 
15183 6144 8541 5073 
15184 1341 8571 836 
15185 6728 6729 4665 
15186 8472 8733 3187 
15187 5966 8756 2753 
15188 1453 8508 1326 
15189 1588 8762 1677 
15190 1931 8358 1934 
15191 1138 8561 1136 
15192 3149 5869 1916 
15193 965 8613 991 
15194 2737 8652 3361 
15195 2624 8639 2622 
15196 878 8321 1439 
15197 840 8563 842 
15198 3311 8789 2714 
15199 5192 5255 2982 
15200 6617 6618 5520 
15201 3582 8589 5525 
15202 1772 8601 1770 
15203 2218 8525 2221 
15204 3551 8826 5844 
15205 4072 8595 6046 
15206 5143 8606 3335 
15207 3654 8774 8404 
15208 5213 8922 7560 
15209 852 8567 850 
15210 3125 8664 1031 
15211 3927 3929 3926 
15212 5608 9072 9042 
15213 3979 8514 3435 
15214 8525 9138 7568 
15215 4252 4638 3651 
15216 1873 8516 1746 
15217 2680 8656 2368 
15218 1923 8710 1926 
15219 3602 8780 4111 
15220 5106 8558 5627 
15221 3710 8802 3712 
15222 3406 4671 3672 
15223 5154 8568 1073 
15224 844 8545 2930 
15225 3416 8557 3061 
15226 3709 8578 4704 
15227 5412 8763 4122 
15228 4379 8731 3451 
15229 5871 6668 4799 
15230 3060 8557 3230 
15231 2563 8511 2560 
15232 3409 6598 5872 
15233 3378 8589 3582 
15234 3120 8648 1037 
15235 3567 3651 3145 
15236 3925 3926 3924 
15237 824 8505 821 
15238 2366 8656 3467 
15239 1659 8619 1661 
15240 7710 9124 5031 
15241 7923 8684 1514 
15242 2743 8579 3576 
15243 5866 8913 8363 
15244 1079 8605 1076 
15245 8568 8859 2983 
15246 3690 8578 3419 
15247 5560 5736 5559 
15248 2804 3406 3093 
15249 3144 3145 1922 
15250 4487 8583 5592 
15251 4068 8575 3359 
15252 3879 8649 2681 
15253 2064 8603 2072 
15254 1073 8568 1070 
15255 1144 8587 1142 
15256 3467 8620 2364 
15257 1762 8549 3095 
15258 1151 8611 1149 
15259 3913 4237 3938 
15260 2717 8610 3333 
15261 2195 9027 2193 
15262 762 8569 3100 
15263 2979 8572 2096 
15264 3923 3924 2075 
15265 8269 8745 3256 
15266 8500 8837 2522 
15267 3327 9319 9314 
15268 1935 8709 1938 
15269 5851 8738 8341 
15270 4705 8366 4296 
15271 2686 8652 2685 
15272 3703 8519 3701 
15273 9033 9153 6192 
15274 1709 8789 8350 
15275 6928 9190 1833 
15276 2805 8621 4255 
15277 3142 3913 3912 
15278 3391 6466 5176 
15279 1485 8591 1452 
15280 3567 4252 3651 
15281 2061 8624 2064 
15282 5845 8456 1741 
15283 3065 8834 3884 
15284 5895 9297 6741 
15285 5042 8641 5044 
15286 5005 8797 5003 
15287 1806 8662 1804 
15288 1618 9054 1616 
15289 5666 8576 4539 
15290 836 8571 838 
15291 4078 8616 5576 
15292 3206 8535 1977 
15293 8811 8968 7995 
15294 5098 8774 5240 
15295 4059 8654 3673 
15296 1643 8885 1644 
15297 2402 8818 2849 
15298 1647 8725 1649 
15299 2273 8645 1547 
15300 3155 8593 1250 
15301 2683 8649 2686 
15302 4569 8720 4703 
15303 3061 8557 3060 
15304 2046 8691 5840 
15305 764 8569 762 
15306 1680 8523 1586 
15307 1711 8619 1659 
15308 3885 8867 3164 
15309 8605 8871 3044 
15310 2158 8632 2160 
15311 1097 8623 1093 
15312 3367 8607 3366 
15313 3144 3567 3145 
15314 1129 8724 1126 
15315 3311 8912 8789 
15316 6620 8665 3410 
15317 870 8630 868 
15318 3100 8596 759 
15319 1136 8561 3555 
15320 6420 8778 5433 
15321 4797 6673 5698 
15322 2731 8674 3354 
15323 4510 8706 4168 
15324 3391 8798 6467 
15325 2895 8784 8416 
15326 5296 8858 8380 
15327 8686 8813 5035 
15328 1844 8581 1859 
15329 1776 8800 1877 
15330 4156 8589 3378 
15331 7301 9143 7296 
15332 3801 8608 4113 
15333 838 8571 5161 
15334 5588 8589 4156 
15335 776 8711 8317 
15336 8370 8762 1588 
15337 850 8567 3084 
15338 3303 8610 2716 
15339 8234 8880 2354 
15340 3390 8592 3257 
15341 3149 5870 5869 
15342 2068 8829 7255 
15343 1874 8604 2296 
15344 2646 8586 2662 
15345 4397 8514 6014 
15346 1098 8853 8307 
15347 864 8637 862 
15348 2847 8827 1732 
15349 2580 8824 2578 
15350 4461 8717 4462 
15351 4530 8507 6196 
15352 3421 8597 3423 
15353 5841 8850 8724 
15354 5130 8542 3522 
15355 8505 8708 818 
15356 5178 8796 2329 
15357 8298 8972 6945 
15358 1755 8531 1752 
15359 3154 8613 967 
15360 3449 8731 4373 
15361 1761 8524 1758 
15362 3580 8632 2158 
15363 2714 8789 1709 
15364 2165 8671 2167 
15365 2489 8811 2487 
15366 3409 8793 6599 
15367 8821 8884 5103 
15368 1142 8587 3086 
15369 1091 8623 3415 
15370 882 8668 880 
15371 2348 8803 2349 
15372 4371 8679 3412 
15373 1155 8640 1153 
15374 2954 8617 3464 
15375 1994 8626 1996 
15376 2751 8926 3498 
15377 2329 8796 2328 
15378 5101 8534 3969 
15379 2318 8588 2320 
15380 8524 8893 2971 
15381 7861 8810 7692 
15382 4373 8731 5378 
15383 1135 8532 1132 
15384 1149 8611 1377 
15385 5845 8836 8456 
15386 3983 8683 3981 
15387 3753 8530 4993 
15388 1663 8658 1665 
15389 874 8661 872 
15390 3115 8571 1341 
15391 757 8596 760 
15392 2359 8620 5178 
15393 3971 8534 4897 
15394 2267 8674 2731 
15395 759 8596 757 
15396 8468 8663 3129 
15397 3576 8594 2796 
15398 1316 8598 5150 
15399 585 6311 6310 
15400 5147 8657 3620 
15401 2395 8655 3199 
15402 3953 8539 5818 
15403 5105 8538 4347 
15404 3151 8676 1681 
15405 1602 8676 1604 
15406 8799 8908 5233 
15407 6056 8812 7975 
15408 2207 8570 3909 
15409 8511 8897 3072 
15410 3886 8607 4561 
15411 8422 8830 5847 
15412 4944 8704 4946 
15413 1546 8687 1585 
15414 3366 8607 3886 
15415 4586 8635 6188 
15416 5928 8837 8500 
15417 2941 8919 8626 
15418 2987 8828 5706 
15419 5909 8600 2048 
15420 2095 8590 3126 
15421 4791 8631 4793 
15422 8226 8895 2245 
15423 5851 8876 8738 
15424 2204 8570 2207 
15425 5304 8470 2557 
15426 5986 9309 9280 
15427 2059 8552 2066 
15428 2941 8626 1994 
15429 1310 8615 3282 
15430 3908 8853 1451 
15431 849 8545 846 
15432 1654 8546 1658 
15433 8936 9036 1854 
15434 2685 8652 2737 
15435 4275 8597 3421 
15436 1767 8549 1764 
15437 3130 8618 2575 
15438 3461 8862 1527 
15439 3761 8672 3759 
15440 4353 8869 8533 
15441 2338 8820 8102 
15442 3016 8815 3013 
15443 8761 8815 3016 
15444 3236 8679 3416 
15445 8006 8715 4957 
15446 4799 8631 4791 
15447 3133 8659 843 
15448 1939 8670 1941 
15449 2430 8625 5863 
15450 5306 8558 5108 
15451 5990 9330 9308 
15452 3412 8679 3236 
15453 5839 8872 8646 
15454 2364 8620 2361 
15455 6112 8835 8495 
15456 4909 8819 4881 
15457 1681 8676 1602 
15458 3050 8846 2697 
15459 1596 8633 1697 
15460 3893 8893 8076 
15461 2065 9264 9208 
15462 868 8630 1342 
15463 8425 8834 3063 
15464 8220 8799 5119 
15465 4872 8689 4874 
15466 6044 8602 4421 
15467 3230 8557 6638 
15468 5763 8825 4134 
15469 4886 8856 4888 
15470 3015 8948 3011 
15471 1141 8561 1138 
15472 5174 8735 5172 
15473 6078 8651 4177 
15474 5035 8813 5671 
15475 8810 8994 7693 
15476 4897 8612 3973 
15477 3234 8891 3961 
15478 2424 8646 3112 
15479 8308 8905 8610 
15480 1514 8684 1516 
15481 3014 8832 3020 
15482 2066 8624 2061 
15483 1945 8702 1947 
15484 2098 8572 2101 
15485 5298 8858 5296 
15486 5824 8980 8883 
15487 5759 8772 4270 
15488 4849 8925 4850 
15489 6234 8636 4582 
15490 2681 8649 2683 
15491 2135 8727 3142 
15492 8807 8918 5235 
15493 5768 8540 3729 
15494 6800 8641 5042 
15495 6568 8952 5645 
15496 4541 8576 6031 
15497 2368 8656 2366 
15498 3912 8609 2137 
15499 744 8694 747 
15500 5578 8677 3655 
15501 4271 8839 4273 
15502 2798 8594 4200 
15503 5133 8828 8526 
15504 859 8567 852 
15505 2771 8962 3450 
15506 4163 8540 4580 
15507 5646 8673 4135 
15508 8645 8687 1547 
15509 1027 8664 5385 
15510 7065 9222 6513 
15511 8398 8674 2267 
15512 2761 8548 1518 
15513 3062 8805 3237 
15514 1902 8909 5857 
15515 3779 8873 3777 
15516 5409 8682 3661 
15517 1033 8648 5867 
15518 8350 8789 5858 
15519 3673 8654 4435 
15520 2335 8820 2338 
15521 1520 8695 1522 
15522 3219 8633 1597 
15523 777 8678 768 
15524 3932 8752 3930 
15525 1597 8633 1596 
15526 8589 8886 5525 
15527 5157 8511 2563 
15528 8380 8858 2814 
15529 3897 8690 3899 
15530 2328 8796 2331 
15531 2072 8603 2079 
15532 2157 8653 3581 
15533 8762 8926 1708 
15534 4957 8715 5534 
15535 5259 8622 1825 
15536 1148 8587 1144 
15537 8769 8826 5134 
15538 3417 8629 3703 
15539 1100 8853 1098 
15540 4366 8612 4962 
15541 3490 8705 3608 
15542 1993 8697 3146 
15543 8123 8817 5158 
15544 3712 8802 5236 
15545 6696 9282 8974 
15546 1713 8831 1715 
15547 5154 8859 8568 
15548 8230 8807 5122 
15549 5093 8728 5091 
15550 5241 9056 5258 
15551 2087 8730 2107 
15552 3093 8660 2145 
15553 1694 8711 774 
15554 1775 8601 1772 
15555 4939 8847 6686 
15556 8562 8916 3420 
15557 1914 8739 3149 
15558 2978 8670 1939 
15559 1538 8591 1485 
15560 2160 8632 2164 
15561 3944 9037 5268 
15562 1448 8692 738 
15563 2337 8820 2335 
15564 8433 8823 5146 
15565 2111 8756 2113 
15566 1825 8622 1822 
15567 3867 8694 742 
15568 5188 8639 2627 
15569 5698 8643 4782 
15570 3172 8645 2273 
15571 768 8678 770 
15572 817 8708 1442 
15573 5149 8863 8615 
15574 740 8692 3867 
15575 5151 8871 8605 
15576 4948 8740 4950 
15577 2391 8733 2388 
15578 4168 8706 5422 
15579 2583 8824 2580 
15580 6045 8654 4059 
15581 3179 8611 1151 
15582 1780 8844 1778 
15583 1661 8619 3186 
15584 6109 8538 5105 
15585 1486 8862 8547 
15586 4473 8721 4298 
15587 5029 8833 8497 
15588 8691 8890 5840 
15589 2441 8943 2440 
15590 2982 8702 1945 
15591 2746 8831 1713 
15592 8519 8802 3710 
15593 770 8678 8513 
15594 5665 8690 4184 
15595 3122 8691 2042 
15596 8570 8874 5895 
15597 7093 9229 2070 
15598 1452 8591 3918 
15599 5125 9049 7639 
15600 1855 9418 5741 
15601 3442 8747 3444 
15602 3892 8531 1755 
15603 4840 8736 4838 
15604 4797 8787 6674 
15605 4348 8931 8250 
15606 8646 8872 3112 
15607 8076 8821 4346 
15608 1953 8753 1955 
15609 4086 8741 4084 
15610 1820 8622 3159 
15611 8121 8814 8008 
15612 5162 8524 1761 
15613 9265 9291 3326 
15614 8495 8835 4560 
15615 2627 8639 2624 
15616 5003 8797 6930 
15617 8227 8976 5891 
15618 8416 8784 5030 
15619 5974 8750 5976 
15620 2522 8837 2520 
15621 5787 8608 3801 
15622 1920 8737 3144 
15623 2014 8749 2016 
15624 4184 8690 3897 
15625 6822 8797 5005 
15626 3850 9034 5017 
15627 774 8711 776 
15628 4879 8746 4877 
15629 2499 8848 2509 
15630 5937 8879 8828 
15631 5030 8784 6888 
15632 4119 8716 3597 
15633 3423 8597 3862 
15634 4247 8723 3670 
15635 2466 8870 8418 
15636 1996 8626 1999 
15637 5777 9023 7511 
15638 2057 8553 8552 
15639 6198 8558 5306 
15640 6740 8822 5859 
15641 742 8694 744 
15642 8976 9048 5891 
15643 8776 8952 4190 
15644 5857 8834 8425 
15645 9194 9215 6383 
15646 8789 8912 5858 
15647 1665 8658 1712 
15648 867 8637 864 
15649 3670 8723 3668 
15650 3184 8630 870 
15651 9243 9344 5247 
15652 5044 8641 6747 
15653 5219 9014 4355 
15654 3186 8658 1663 
15655 4629 8752 6459 
15656 8485 8838 3330 
15657 4778 8787 4780 
15658 2782 8696 2261 
15659 4113 8608 4564 
15660 4805 8757 4803 
15661 1153 8640 3179 
15662 3239 8699 3407 
15663 1158 8640 1155 
15664 2167 8671 2271 
15665 8547 8862 8211 
15666 1809 8662 1806 
15667 3890 8919 3147 
15668 5164 8549 1767 
15669 8869 8991 8957 
15670 738 8692 740 
15671 3145 8710 1922 
15672 5700 9707 8906 
15673 5588 8886 8589 
15674 2802 8701 3392 
15675 5547 8760 4842 
15676 2622 8639 3168 
15677 7309 8889 2822 
15678 6512 8766 6517 
15679 5975 9073 5973 
15680 8805 8868 3868 
15681 5841 8724 1129 
15682 8313 8855 2324 
15683 5831 8866 5118 
15684 4793 8631 4800 
15685 2261 8696 2263 
15686 4253 9068 5670 
15687 2324 8855 2322 
15688 8414 8843 5890 
15689 1829 8865 1855 
15690 4459 8723 6093 
15691 2972 8823 2551 
15692 877 8661 874 
15693 5226 8759 5224 
15694 880 8668 8321 
15695 5168 8881 8301 
15696 4633 8791 3929 
15697 872 8661 3184 
15698 3891 8678 777 
15699 1015 8668 882 
15700 3420 8916 4275 
15701 2578 8824 8782 
15702 2753 8756 2111 
15703 3959 8722 5690 
15704 6200 8706 4510 
15705 8615 8863 3282 
15706 1894 9168 9115 
15707 4345 8645 3172 
15708 8497 8833 4305 
15709 5849 8891 8545 
15710 3626 8765 3628 
15711 4756 8785 4760 
15712 8567 8939 3084 
15713 8509 8843 2540 
15714 1941 8670 1944 
15715 5684 8532 1135 
15716 4348 9018 8931 
15717 3958 8722 3959 
15718 2856 8864 2199 
15719 1649 8725 2291 
15720 5193 8683 3983 
15721 3926 8791 3928 
15722 8959 9047 1529 
15723 5978 8771 5980 
15724 5849 8545 849 
15725 3862 8705 3490 
15726 5844 8826 8769 
15727 8199 9129 7447 
15728 6836 8689 4872 
15729 1938 8709 3138 
15730 3598 8921 3322 
15731 4295 8672 3761 
15732 3122 8890 8691 
15733 1783 8844 1780 
15734 3597 8716 4517 
15735 6530 8704 4944 
15736 3451 8731 3449 
15737 7076 9016 3203 
15738 4946 8704 6529 
15739 3668 8723 4459 
15740 3981 8683 8064 
15741 2159 8861 8666 
15742 2440 8943 8461 
15743 2697 8846 2701 
15744 5872 8727 2131 
15745 7574 9160 9142 
15746 5837 8878 8048 
15747 2551 8823 8433 
15748 4662 8722 3958 
15749 5185 8699 3499 
15750 7919 9051 5487 
15751 5506 8849 5174 
15752 4195 8744 3553 
15753 7566 9163 7563 
15754 4958 8882 5744 
15755 8378 8877 962 
15756 4041 8773 4090 
15757 3930 8752 4629 
15758 2493 8997 2492 
15759 3910 8696 2782 
15760 3900 8601 1775 
15761 9842 9845 5425 
15762 3499 8699 3239 
15763 3920 8662 1809 
15764 5186 8701 3394 
15765 4703 8720 6716 
15766 6095 9066 6131 
15767 3461 8978 8862 
15768 5091 8728 5094 
15769 8817 8923 5159 
15770 6374 8728 5093 
15771 1947 8702 1969 
15772 962 8877 959 
15773 2020 8852 2022 
15774 6260 8896 8690 
15775 3759 8672 7751 
15776 7643 9093 8335 
15777 8139 8790 3530 
15778 4874 8689 5755 
15779 5937 8828 5133 
15780 3394 8701 2802 
15781 8986 9031 3566 
15782 5632 8717 4461 
15783 5889 8932 7402 
15784 8490 8875 2456 
15785 5182 8561 1141 
15786 1516 8684 2761 
15787 2388 8733 2704 
15788 5183 8567 859 
15789 3444 8747 4108 
15790 3530 8790 3532 
15791 4305 8833 5803 
15792 5862 8926 8762 
15793 7638 8906 6016 
15794 736 8777 1448 
15795 8043 8947 3139 
15796 4023 8781 4128 
15797 1658 8546 4331 
15798 3884 8842 4110 
15799 4131 8747 3442 
15800 5176 8739 1910 
15801 4211 8732 3568 
15802 1715 8831 3183 
15803 2830 9151 7047 
15804 9015 9085 7624 
15805 3063 8834 3065 
15806 3553 8744 3552 
15807 1712 8658 5202 
15808 5199 8952 8776 
15809 746 8734 755 
15810 3174 8770 4345 
15811 2978 8947 8670 
15812 4084 8741 4574 
15813 2225 8892 2229 
15814 3187 8733 2391 
15815 4359 9057 8331 
15816 3176 8770 3174 
15817 5184 8587 1148 
15818 7479 8954 7667 
15819 8521 8770 3176 
15820 5170 8881 5168 
15821 3552 8744 4197 
15822 5856 8845 6670 
15823 2232 8874 2200 
15824 5649 8841 6441 
15825 3244 8777 734 
15826 7300 9096 2635 
15827 5162 8893 8524 
15828 6529 8740 4948 
15829 2064 8624 8603 
15830 4298 8721 4705 
15831 8548 8695 1520 
15832 3919 8937 3242 
15833 1522 8695 1878 
15834 5157 8897 8511 
15835 4560 8835 6254 
15836 3680 8783 4643 
15837 2253 9563 7393 
15838 9207 9254 3110 
15839 2110 8730 5964 
15840 3608 8705 4480 
15841 5215 8922 5213 
15842 3407 8699 3681 
15843 5869 8737 1916 
15844 4061 8830 3353 
15845 2075 8852 2020 
15846 3098 8867 8564 
15847 4422 8768 6582 
15848 5504 8838 8485 
15849 2200 8874 2202 
15850 4036 8764 3678 
15851 3059 8977 3062 
15852 3330 8838 8356 
15853 5534 8715 6809 
15854 3914 8637 867 
15855 4197 8744 5194 
15856 3392 8701 3965 
15857 4263 8768 4422 
15858 3171 8730 2087 
15859 748 8734 746 
15860 1527 8862 1486 
15861 9211 9258 5940 
15862 3570 8732 4213 
15863 8475 8871 5151 
15864 2107 8730 2110 
15865 3387 8776 4190 
15866 6961 8772 5759 
15867 8363 8913 1245 
15868 5165 8721 4473 
15869 4950 8740 5667 
15870 2127 8793 2129 
15871 4430 9111 7154 
15872 5985 8750 5974 
15873 1778 8844 8800 
15874 4881 8819 5751 
15875 1970 8794 1974 
15876 5224 8759 6200 
15877 3240 9000 2292 
15878 4413 8764 6622 
15879 3685 8851 3687 
15880 3047 8836 3152 
15881 1999 8626 5855 
15882 5203 8640 1158 
15883 1245 8913 1242 
15884 5834 9966 9940 
15885 3551 8860 8826 
15886 3209 8776 3387 
15887 9225 9248 6734 
15888 3678 8764 4413 
15889 5204 8661 877 
15890 4951 9094 4949 
15891 4149 8765 3626 
15892 8995 9058 3465 
15893 3568 8732 3570 
15894 7265 8883 7733 
15895 4648 8752 3932 
15896 5121 8843 8509 
15897 7995 8968 6866 
15898 2422 8854 2420 
15899 5172 8735 5715 
15900 5248 9089 5249 
15901 5976 8750 6547 
15902 6136 8759 5226 
15903 1675 8900 1893 
15904 5835 8902 5142 
15905 7247 9148 2393 
15906 3628 8765 5577 
15907 1955 8753 1972 
15908 1944 8670 5192 
15909 5852 8876 5851 
15910 5641 8792 4199 
15911 8626 8919 5855 
15912 2322 8855 2357 
15913 2113 8756 3203 
15914 2933 8880 2980 
15915 4643 8783 6544 
15916 1748 8924 1873 
15917 5686 8768 4263 
15918 6521 8766 6512 
15919 4838 8736 6817 
15920 734 8777 736 
15921 3645 8792 4195 
15922 4273 8839 5041 
15923 4414 9035 3919 
15924 5223 9085 5225 
15925 4199 8792 3645 
15926 4144 8773 4041 
15927 9014 9018 8257 
15928 5199 8776 3398 
15929 8564 8867 5850 
15930 4877 8746 6819 
15931 3532 8790 4458 
15932 2202 8874 8570 
15933 6760 8736 4840 
15934 6547 8771 5978 
15935 2016 8749 2019 
15936 3681 8783 3680 
15937 959 8877 955 
15938 3201 8753 1953 
15939 8435 8870 2466 
15940 9532 9545 7396 
15941 8319 8860 3551 
15942 1544 8795 1542 
15943 7059 8914 7060 
15944 1906 8798 1908 
15945 3398 8776 3209 
15946 3567 8973 4253 
15947 4043 8896 5527 
15948 2540 8843 8414 
15949 4128 8781 5626 
15950 8533 8869 5195 
15951 5751 8746 4879 
15952 5980 8771 6551 
15953 1666 8965 1650 
15954 2101 8980 2102 
15955 7435 9200 7438 
15956 5808 9040 8530 
15957 4537 8781 4023 
15958 3199 8840 3397 
15959 1644 8885 1647 
15960 2787 8907 1622 
15961 8542 8887 4258 
15962 5865 8859 5154 
15963 6159 8960 8838 
15964 2019 8749 3923 
15965 6747 8901 5046 
15966 8289 8877 8378 
15967 4888 8856 6644 
15968 9038 9089 8087 
15969 3269 8734 748 
15970 5048 8901 5746 
15971 5218 8801 5210 
15972 4842 8760 6760 
15973 5207 8801 5209 
15974 3005 9022 3043 
15975 2749 8854 2422 
15976 7668 8982 819 
15977 2052 8804 2054 
15978 3687 8851 4144 
15979 8674 8911 5901 
15980 6731 8760 5547 
15981 4810 8757 4805 
15982 6698 9544 1854 
15983 8869 8957 5195 
15984 799 8903 3185 
15985 1575 8795 1544 
15986 4171 8876 6050 
15987 2293 8910 3437 
15988 5201 8732 4211 
15989 5046 8901 5048 
15990 1451 8853 1100 
15991 5156 8916 8562 
15992 8001 9071 4352 
15993 8310 8875 8490 
15994 7628 9011 3333 
15995 4995 8972 8298 
15996 3913 8967 4238 
15997 2456 8875 8447 
15998 4638 8786 6728 
15999 3279 8888 8539 
16000 7814 9314 9304 
16001 3094 9056 8943 
16002 3010 9022 3007 
16003 1768 8956 1876 
16004 4803 8757 8471 
16005 4780 8787 4797 
16006 2420 8854 8443 
16007 2054 8804 2282 
16008 5669 8786 4252 
16009 5894 8910 8633 
16010 2308 8895 2981 
16011 9063 9115 7451 
16012 8419 8851 3685 
16013 4252 8786 4638 
16014 8418 8870 7957 
16015 2022 8852 3200 
16016 1974 8794 3205 
16017 8902 9092 6033 
16018 1976 8794 1970 
16019 1827 8930 8865 
16020 3929 8791 3926 
16021 1542 8795 3217 
16022 4238 9067 6604 
16023 4430 8873 3779 
16024 6246 8886 5588 
16025 582 9166 7786 
16026 5968 8857 5966 
16027 2983 8859 3057 
16028 2748 8793 2127 
16029 4343 9025 8911 
16030 4357 9095 8043 
16031 4809 8899 4807 
16032 8965 9000 5897 
16033 860 8959 1529 
16034 2548 9419 8028 
16035 2923 8850 3117 
16036 4760 8785 5163 
16037 5126 8920 5824 
16038 5857 8909 8842 
16039 8600 8804 2052 
16040 9037 9076 5228 
16041 7448 9107 3043 
16042 4759 8929 4758 
16043 6653 8849 5506 
16044 2129 8793 3409 
16045 5210 8801 5207 
16046 8638 8900 1583 
16047 6064 8858 5298 
16048 1986 8994 1989 
16049 6684 8786 5669 
16050 5706 8879 6754 
16051 6220 8851 8419 
16052 5898 8924 8531 
16053 3044 8871 5814 
16054 7500 9503 2609 
16055 6065 9019 6064 
16056 7574 9142 4302 
16057 5778 9023 5777 
16058 8443 8854 5896 
16059 5910 8936 8662 
16060 805 8903 799 
16061 3164 8867 3098 
16062 2756 8798 1906 
16063 8690 8896 3899 
16064 8842 8909 5232 
16065 3094 8943 2444 
16066 8531 8924 1750 
16067 7614 9099 9039 
16068 5858 8912 8361 
16069 5891 9048 8202 
16070 9184 9202 7551 
16071 3282 8863 4067 
16072 5183 8939 8567 
16073 1908 8798 3391 
16074 1802 8936 1854 
16075 3072 8897 6977 
16076 3899 8896 4043 
16077 5852 8935 8876 
16078 6263 8941 5578 
16079 5130 8887 8542 
16080 1083 8927 1435 
16081 5838 9015 7624 
16082 5321 9139 5274 
16083 2348 8951 8803 
16084 1242 8913 1237 
16085 7289 9399 2281 
16086 5427 8915 4909 
16087 6905 9811 6702 
16088 7155 9233 1928 
16089 8644 9070 6884 
16090 3183 8933 1717 
16091 3112 8872 3516 
16092 1647 8885 8725 
16093 2112 9135 2109 
16094 5525 8886 6367 
16095 2085 8955 2082 
16096 2398 8934 2409 
16097 8273 8995 8855 
16098 5818 8888 8431 
16099 6157 9017 8299 
16100 4807 8899 4810 
16101 5521 8887 5130 
16102 4548 9186 7156 
16103 1719 8933 2745 
16104 2769 8942 3233 
16105 5174 8849 8735 
16106 7588 9197 7587 
16107 5559 8899 4809 
16108 1106 9840 6769 
16109 4343 8911 8484 
16110 8670 8947 5192 
16111 2566 8992 8258 
16112 8447 8875 5222 
16113 5743 8915 5427 
16114 7388 9369 7387 
16115 5186 8966 8701 
16116 8382 9038 8087 
16117 8539 8888 5818 
16118 1750 8924 1748 
16119 2814 8940 2812 
16120 7700 9006 2981 
16121 8305 8909 1902 
16122 5904 8942 8696 
16123 8633 8910 1697 
16124 2571 8992 2568 
16125 8876 8935 6050 
16126 8604 8991 5254 
16127 7671 9075 4322 
16128 3113 8921 8625 
16129 8283 9004 5906 
16130 5715 8881 5170 
16131 8233 8956 8601 
16132 8403 8892 2225 
16133 7450 9168 7449 
16134 6526 9721 5637 
16135 1583 8900 1675 
16136 1697 8910 2293 
16137 7614 9039 3168 
16138 5233 9082 5234 
16139 6741 9297 6958 
16140 8515 8992 2571 
16141 3215 8995 3465 
16142 4314 8963 7991 
16143 2084 8955 3171 
16144 8701 8966 3965 
16145 6169 8923 8440 
16146 5555 9006 6965 
16147 1717 8933 1719 
16148 8484 8911 8398 
16149 5191 8898 5188 
16150 5866 9021 8913 
16151 8945 8984 5109 
16152 3921 8961 3813 
16153 2971 8893 3893 
16154 8348 8988 1063 
16155 2492 8997 8968 
16156 8749 8970 5916 
16157 3124 8890 3122 
16158 7140 8897 5157 
16159 8383 8931 5135 
16160 4853 8925 5221 
16161 2930 8891 3234 
16162 3811 8961 8221 
16163 5887 8900 8638 
16164 1804 8936 1802 
16165 8662 8936 1804 
16166 5943 9275 9234 
16167 5239 9083 3275 
16168 1652 8965 8546 
16169 8113 8945 5107 
16170 4850 8925 4853 
16171 819 8982 811 
16172 1989 8994 8810 
16173 4322 8949 3575 
16174 5905 8959 8637 
16175 2762 9162 7504 
16176 5910 9036 8936 
16177 8601 8956 1770 
16178 8398 8911 8674 
16179 2143 8928 2804 
16180 8625 8921 5863 
16181 8911 9025 5901 
16182 8862 8978 8211 
16183 2271 8962 2771 
16184 5252 9144 5938 
16185 5262 9290 9253 
16186 2281 8958 2029 
16187 5135 8931 8451 
16188 8978 9024 8074 
16189 5549 8950 6731 
16190 6098 8905 8308 
16191 4909 8915 8819 
16192 8454 8908 2705 
16193 3120 8937 8648 
16194 5740 8950 5594 
16195 5136 8993 6822 
16196 4740 8998 4726 
16197 3217 8979 1540 
16198 3182 8970 2012 
16199 3337 9046 2724 
16200 9043 9124 7710 
16201 3305 9033 3311 
16202 1708 8926 2751 
16203 8609 8928 2141 
16204 4728 8998 5250 
16205 1722 9156 1720 
16206 5805 8993 5138 
16207 8250 8931 8383 
16208 8696 8942 2263 
16209 8476 8963 4314 
16210 3011 8948 3010 
16211 3333 9011 2719 
16212 8673 8938 4592 
16213 5235 9088 5238 
16214 3408 9126 9077 
16215 8637 8959 862 
16216 2082 8955 2084 
16217 2390 9246 6906 
16218 4943 8964 6675 
16219 5854 8935 5852 
16220 3311 9033 8411 
16221 2141 8928 2143 
16222 9186 9233 7156 
16223 8677 8941 5408 
16224 4401 9049 5125 
16225 5594 8950 5549 
16226 3084 8939 6857 
16227 1234 9021 1531 
16228 3985 9005 5193 
16229 2801 8969 2118 
16230 8357 8908 8454 
16231 8546 8965 5897 
16232 2444 8943 2441 
16233 5243 9005 3987 
16234 789 9007 1492 
16235 5679 8922 5215 
16236 1839 9237 5259 
16237 3185 9007 794 
16238 5267 9133 7133 
16239 8487 8918 2708 
16240 8648 8937 5867 
16241 8951 9075 7671 
16242 1770 8956 1768 
16243 8931 9018 8451 
16244 9004 9076 5906 
16245 5925 9052 3515 
16246 7424 8904 8726 
16247 884 9012 1015 
16248 3813 8961 3811 
16249 8883 8980 2101 
16250 7738 9848 5428 
16251 7188 9417 9366 
16252 2723 9046 4338 
16253 8010 9062 2639 
16254 3147 8919 2941 
16255 8480 8957 8581 
16256 2617 8974 2843 
16257 8926 8986 3498 
16258 8211 8978 8075 
16259 3322 8921 3113 
16260 5886 9339 9311 
16261 8992 9106 8258 
16262 5865 8977 8859 
16263 5646 8938 8673 
16264 3158 9012 886 
16265 862 8959 860 
16266 8859 8977 3057 
16267 8257 9018 4348 
16268 2263 8942 2769 
16269 5220 9018 9014 
16270 5242 9109 5239 
16271 5847 8944 5848 
16272 9273 9356 5830 
16273 1650 8965 1652 
16274 5052 9020 5070 
16275 5163 8996 4762 
16276 5746 9020 5050 
16277 5578 8941 8677 
16278 8535 8985 1981 
16279 4464 8944 8830 
16280 3464 9038 2951 
16281 5167 9178 5169 
16282 5846 8946 5845 
16283 9185 9220 8231 
16284 951 9050 1532 
16285 8352 8918 8487 
16286 5190 9255 9143 
16287 5290 9264 7259 
16288 8440 8923 3358 
16289 2705 8908 8799 
16290 2639 9062 2636 
16291 8949 8987 4026 
16292 9226 9269 5949 
16293 2012 8970 2014 
16294 5623 8894 8574 
16295 1538 8979 8591 
16296 8737 8973 3144 
16297 8356 8960 3542 
16298 8727 8967 3142 
16299 5272 9161 5271 
16300 8855 8995 2357 
16301 4973 8990 6712 
16302 5438 8972 4995 
16303 2762 9015 2403 
16304 6020 8939 5183 
16305 2401 9015 5838 
16306 2014 8970 8749 
16307 8838 8960 8356 
16308 2948 9038 8382 
16309 4592 8938 6468 
16310 3242 8937 3120 
16311 2618 9039 2645 
16312 3406 9079 5932 
16313 5803 9098 5804 
16314 2823 8989 7092 
16315 5911 8928 8609 
16316 5229 8966 5186 
16317 2981 9006 8503 
16318 5408 8941 6256 
16319 2117 9016 2290 
16320 1540 8979 1538 
16321 8739 8975 3149 
16322 5234 9110 6140 
16323 5560 9026 5736 
16324 8344 9072 6395 
16325 2484 9225 7739 
16326 2708 8918 8807 
16327 5239 9109 9083 
16328 8836 8946 3876 
16329 8310 9028 8875 
16330 3203 9016 2115 
16331 2091 9063 8337 
16332 8581 8957 3881 
16333 8830 8944 5847 
16334 3168 9039 2620 
16335 4975 9448 8990 
16336 4210 9256 5656 
16337 8914 9463 4480 
16338 5939 9300 6835 
16339 3537 9160 5019 
16340 3043 9107 3004 
16341 5869 8973 8737 
16342 811 8982 805 
16343 9082 9110 5234 
16344 6064 9019 8940 
16345 1896 9063 2091 
16346 8478 9004 8586 
16347 8763 8953 6150 
16348 8943 9056 8461 
16349 8957 8991 3881 
16350 4337 9048 8976 
16351 8574 8894 6119 
16352 8726 8904 6024 
16353 6024 8904 6806 
16354 1784 9092 1783 
16355 5950 9568 9557 
16356 2470 9080 8435 
16357 5277 9282 6696 
16358 3139 8947 2978 
16359 5826 8999 5231 
16360 5906 9076 8192 
16361 5872 8967 8727 
16362 3936 9154 3934 
16363 5860 8986 5862 
16364 5028 9305 9218 
16365 3255 9003 1728 
16366 5508 9013 6653 
16367 5176 8975 8739 
16368 5645 8952 5199 
16369 8875 9028 5222 
16370 2749 9052 8854 
16371 8660 9008 2149 
16372 3301 9064 3642 
16373 5905 9047 8959 
16374 805 8982 8903 
16375 2568 8992 2566 
16376 2497 8997 2493 
16377 5712 9013 5510 
16378 8908 9082 5233 
16379 5845 8946 8836 
16380 8560 8951 2348 
16381 2745 9044 1721 
16382 7236 9223 2845 
16383 5195 8957 8480 
16384 7431 8988 8348 
16385 5125 8963 8476 
16386 3358 8923 8817 
16387 1356 9238 7036 
16388 9088 9120 5238 
16389 8928 9079 2804 
16390 4762 8996 4764 
16391 5138 8993 5136 
16392 4359 9090 9057 
16393 4726 8998 4728 
16394 8202 8983 5179 
16395 8742 9098 5803 
16396 3057 8977 3059 
16397 8671 8962 2271 
16398 1985 8994 1986 
16399 3987 9005 3985 
16400 4431 9111 4430 
16401 8253 9024 8479 
16402 8918 9088 5235 
16403 1612 9198 1605 
16404 3965 8966 4656 
16405 2357 8995 3215 
16406 5238 9120 6175 
16407 5220 9042 3588 
16408 2474 9157 7992 
16409 8273 9058 8995 
16410 5145 8951 8560 
16411 2766 9102 3337 
16412 2102 8980 2279 
16413 8253 9132 9024 
16414 1981 8985 8259 
16415 7460 9009 7458 
16416 8287 9133 9108 
16417 1432 9108 3169 
16418 2405 9370 7333 
16419 5567 9055 5743 
16420 5816 9100 8839 
16421 3142 8967 3913 
16422 8423 9184 7551 
16423 4337 8976 8550 
16424 5254 9185 8231 
16425 4999 9211 9145 
16426 8550 8976 8464 
16427 8287 9108 8374 
16428 4302 9142 4303 
16429 1063 8988 8351 
16430 1934 9032 8709 
16431 5412 8953 8763 
16432 8530 9040 4993 
16433 5222 9028 8397 
16434 6441 9141 6443 
16435 4766 9059 4798 
16436 3144 8973 3567 
16437 5979 9189 5977 
16438 886 9012 884 
16439 3149 8975 5870 
16440 8374 9108 1421 
16441 8115 9140 4564 
16442 8940 9019 3502 
16443 2175 9581 6691 
16444 7134 9010 2824 
16445 7631 8985 8535 
16446 5717 9149 5716 
16447 8872 8981 4493 
16448 1725 9074 2754 
16449 4575 8971 8507 
16450 8913 9021 1237 
16451 8843 9057 5890 
16452 7549 9202 5279 
16453 7612 9239 9140 
16454 5862 8986 8926 
16455 794 9007 789 
16456 8108 9146 1059 
16457 2630 9096 8349 
16458 3447 9341 9332 
16459 4869 9296 9285 
16460 3182 9129 8970 
16461 7023 9045 1338 
16462 5140 9091 5805 
16463 8994 9250 7693 
16464 5596 9078 5740 
16465 8586 9004 8283 
16466 8289 9050 8877 
16467 2719 9011 2780 
16468 8877 9050 955 
16469 2635 9096 2632 
16470 621 10238 6369 
16471 3881 8991 8604 
16472 9071 9179 4352 
16473 5510 9013 5508 
16474 5121 9057 8843 
16475 2478 9213 7455 
16476 6781 9371 9216 
16477 2115 9016 2117 
16478 1894 9115 1890 
16479 5145 9075 8951 
16480 3933 9112 4508 
16481 5802 9169 5796 
16482 5050 9020 5052 
16483 2292 9000 1666 
16484 3638 9125 3191 
16485 2251 9027 2195 
16486 5280 9203 8014 
16487 6157 9141 9017 
16488 5305 9407 5307 
16489 6857 9002 5849 
16490 2475 9157 2474 
16491 8435 9080 7428 
16492 824 9081 8505 
16493 8491 9061 6867 
16494 2667 9029 7541 
16495 5863 8981 5839 
16496 8613 9053 5128 
16497 8357 9082 8908 
16498 3007 9022 3005 
16499 3919 9035 8937 
16500 4707 9030 5700 
16501 2403 9015 2401 
16502 8854 9052 5896 
16503 4355 9014 8257 
16504 2185 9221 2183 
16505 4350 9004 8478 
16506 3329 9216 3302 
16507 1492 9114 783 
16508 1237 9021 1234 
16509 3877 9001 8890 
16510 4564 9140 4565 
16511 9272 9327 6907 
16512 5010 9217 5008 
16513 7643 9145 9093 
16514 8464 8976 8227 
16515 5266 9201 5265 
16516 8503 9006 5555 
16517 1059 9146 1056 
16518 3462 9137 2890 
16519 7480 9041 7481 
16520 781 9114 3891 
16521 5892 9325 8004 
16522 5562 9026 5560 
16523 2893 9137 3690 
16524 5860 9031 8986 
16525 7753 9201 9177 
16526 5070 9122 5054 
16527 5276 9224 5774 
16528 5017 9034 7700 
16529 5056 9122 5278 
16530 9112 9171 4508 
16531 2149 9008 8338 
16532 3989 9116 5243 
16533 8284 9236 9175 
16534 4350 9076 9004 
16535 5897 9077 5864 
16536 8507 8971 6196 
16537 8352 9088 8918 
16538 9158 9228 5257 
16539 1783 9092 8902 
16540 7463 9199 1055 
16541 7199 9023 5778 
16542 9388 9410 7332 
16543 8924 9093 1873 
16544 7753 9177 3169 
16545 5264 9116 3991 
16546 6705 9564 2657 
16547 4690 9128 4223 
16548 6689 9104 5571 
16549 2227 9138 2214 
16550 5911 9079 8928 
16551 5219 9042 9014 
16552 8852 9118 3200 
16553 2221 9134 8403 
16554 2620 9039 2618 
16555 5250 9130 4730 
16556 4469 9142 6938 
16557 4344 9025 4343 
16558 7204 9219 7209 
16559 7732 9008 8660 
16560 8891 9002 3961 
16561 1347 9159 8203 
16562 4732 9130 5277 
16563 7100 9326 6514 
16564 5840 9001 5909 
16565 4505 9465 9458 
16566 8451 9018 5220 
16567 9024 9132 8074 
16568 854 9159 1347 
16569 2216 9138 8525 
16570 2834 9054 1618 
16571 5861 9031 5860 
16572 1718 9242 1716 
16573 7468 9065 7469 
16574 5487 9051 7264 
16575 1721 9044 1723 
16576 5178 9087 8796 
16577 8479 9024 3461 
16578 3542 9033 3305 
16579 8937 9035 5867 
16580 5221 9121 4855 
16581 2951 9038 2948 
16582 9215 9232 6383 
16583 2724 9046 2723 
16584 5444 9049 4401 
16585 4848 9359 7582 
16586 8192 9037 3944 
16587 8515 9106 8992 
16588 6682 9127 5600 
16589 5839 8981 8872 
16590 4358 9028 8310 
16591 5849 9002 8891 
16592 8967 9067 4238 
16593 8305 9083 8909 
16594 8272 9058 8273 
16595 955 9050 951 
16596 8804 9071 8001 
16597 8331 9057 5121 
16598 4659 9136 3938 
16599 7105 9331 2837 
16600 8600 9071 8804 
16601 5569 9055 5567 
16602 5937 9480 8013 
16603 4299 9243 5251 
16604 7010 9105 7009 
16605 3461 9024 8978 
16606 1490 9177 1510 
16607 6711 9036 5910 
16608 4993 9040 5753 
16609 1529 9047 5688 
16610 8709 9032 7489 
16611 8358 9032 1934 
16612 4338 9048 4337 
16613 8839 9100 5041 
16614 6931 9066 6095 
16615 4764 9059 4766 
16616 8403 9134 7570 
16617 5512 9131 5712 
16618 7613 9316 9239 
16619 3169 9177 1470 
16620 3186 9060 8658 
16621 9037 9117 5268 
16622 1892 9063 1896 
16623 8909 9083 5232 
16624 3321 9245 3384 
16625 5867 9035 5868 
16626 4227 9155 4680 
16627 9115 9168 7451 
16628 7615 9327 7334 
16629 7240 9289 2394 
16630 8579 9017 3576 
16631 2500 9188 3134 
16632 9642 9664 8488 
16633 8577 9060 3186 
16634 7546 9313 7545 
16635 2506 9188 2502 
16636 2780 9064 3301 
16637 2636 9062 2635 
16638 5316 9417 6948 
16639 9153 9230 6192 
16640 3640 9170 3316 
16641 6026 9047 5905 
16642 4549 9186 4548 
16643 8973 9068 4253 
16644 8996 9059 4764 
16645 5973 9073 7076 
16646 9011 9064 2780 
16647 3576 9017 8841 
16648 8890 9001 5840 
16649 9245 9390 5827 
16650 8556 9117 5228 
16651 4859 9150 4863 
16652 4976 9481 4975 
16653 8645 9043 8687 
16654 6382 9232 6385 
16655 2290 9152 2119 
16656 2479 9213 2478 
16657 8505 9081 5825 
16658 8299 9017 8579 
16659 7757 9273 3037 
16660 3465 9058 8389 
16661 8658 9060 5202 
16662 2406 9162 2762 
16663 6672 9069 5562 
16664 2495 9205 2497 
16665 3515 9052 2749 
16666 2121 9152 3212 
16667 8549 9084 3095 
16668 3182 9208 7581 
16669 3134 9205 2498 
16670 8353 9183 2210 
16671 7467 9585 1861 
16672 8661 9070 3184 
16673 3184 9070 8644 
16674 2212 9183 2227 
16675 5925 9112 9052 
16676 2754 9165 1727 
16677 3154 9053 8613 
16678 5872 9067 8967 
16679 9056 9086 5258 
16680 1723 9074 1725 
16681 1055 9199 1052 
16682 5958 9061 8491 
16683 5598 9078 5596 
16684 944 9207 3110 
16685 3815 9176 3921 
16686 2589 9293 2591 
16687 8338 9158 2153 
16688 831 9175 8698 
16689 5260 9228 5037 
16690 9050 9164 1532 
16691 2371 9184 8423 
16692 3548 9220 3066 
16693 2390 9184 2373 
16694 3588 9072 8344 
16695 7364 9118 8852 
16696 8796 9087 7747 
16697 1894 9249 7305 
16698 3739 9269 7962 
16699 7624 9085 5223 
16700 8970 9129 5916 
16701 4345 9043 8645 
16702 8617 9123 3464 
16703 7747 9087 7714 
16704 1590 9287 1581 
16705 8087 9089 5248 
16706 8461 9056 5241 
16707 9132 9144 8073 
16708 5823 9075 5145 
16709 8672 9173 7286 
16710 1833 9190 1830 
16711 8522 9167 5099 
16712 4608 9258 4495 
16713 8241 9080 2470 
16714 5228 9076 4350 
16715 5562 9069 9026 
16716 6598 9067 5872 
16717 5898 9093 8924 
16718 8381 9207 1532 
16719 5869 9068 8973 
16720 3381 9263 7701 
16721 5204 9070 8661 
16722 5870 9068 5869 
16723 7999 9254 5915 
16724 6840 9167 8522 
16725 9014 9042 5220 
16726 1532 9207 948 
16727 5278 9196 5058 
16728 5060 9196 5299 
16729 1826 9209 1839 
16730 9047 9103 5688 
16731 6636 9174 5516 
16732 2026 9182 2074 
16733 9044 9074 1723 
16734 9096 9255 8349 
16735 8327 9347 9274 
16736 5953 9586 9574 
16737 3200 9182 2024 
16738 5428 9852 5429 
16739 4949 9094 5730 
16740 3381 9215 3091 
16741 5890 9090 5888 
16742 8698 9081 824 
16743 3240 9077 9000 
16744 4276 9195 3819 
16745 5813 9191 5722 
16746 4148 9082 8357 
16747 8335 9093 5898 
16748 5117 9360 9346 
16749 3275 9083 8305 
16750 9119 9256 4210 
16751 5716 9091 5140 
16752 9042 9072 3588 
16753 3467 9097 8620 
16754 3095 9084 8884 
16755 5850 9086 3094 
16756 5984 9288 5981 
16757 5028 9218 8294 
16758 9000 9077 5897 
16759 2632 9096 2630 
16760 1731 9187 2755 
16761 5023 9154 9106 
16762 8687 9043 7970 
16763 4525 9088 8352 
16764 2804 9079 3406 
16765 4345 9124 9043 
16766 6763 9099 7614 
16767 6026 9103 9047 
16768 5909 9071 8600 
16769 4798 9193 4768 
16770 4295 9173 8672 
16771 4770 9193 5289 
16772 2065 9208 2008 
16773 3993 9204 5264 
16774 9106 9154 5931 
16775 5209 9212 5205 
16776 5294 9204 3995 
16777 8074 9132 8073 
16778 4148 9110 9082 
16779 9083 9109 5232 
16780 3189 9102 2766 
16781 8947 9095 5192 
16782 8743 9086 5850 
16783 3542 9153 9033 
16784 5892 9186 4557 
16785 8267 9211 5940 
16786 8043 9095 8947 
16787 1930 9192 8358 
16788 2010 9208 3182 
16789 8274 9147 8272 
16790 5863 9101 8981 
16791 3674 9298 4060 
16792 1864 9092 1784 
16793 5672 9241 4626 
16794 7039 9358 7040 
16795 5571 9104 5569 
16796 5232 9109 4612 
16797 5266 9269 9226 
16798 5190 9231 5189 
16799 5117 9346 7632 
16800 5804 9098 6807 
16801 4525 9120 9088 
16802 6674 9556 9415 
16803 7173 9118 7364 
16804 9089 9123 5249 
16805 3004 9107 3314 
16806 3115 9335 6964 
16807 4508 9171 6187 
16808 5884 9291 5883 
16809 3922 9144 9132 
16810 1421 9108 1432 
16811 9852 9854 5429 
16812 9101 9235 5934 
16813 1892 9115 9063 
16814 9208 9264 7581 
16815 5569 9104 9055 
16816 9057 9090 5890 
16817 7657 9281 4580 
16818 9017 9141 8841 
16819 5602 9214 6682 
16820 6671 9214 5604 
16821 5947 9179 9001 
16822 5268 9240 8219 
16823 8653 9158 5257 
16824 5164 9084 8549 
16825 3991 9116 3989 
16826 5192 9095 5255 
16827 9352 9373 5930 
16828 9040 9113 5753 
16829 3865 9305 8265 
16830 4999 9258 9211 
16831 1890 9115 1892 
16832 6161 9153 8960 
16833 7554 9337 9336 
16834 9283 9357 8303 
16835 783 9114 781 
16836 5896 9112 3933 
16837 8620 9097 5178 
16838 5041 9100 6800 
16839 5054 9122 5056 
16840 8698 9175 5942 
16841 8258 9106 5931 
16842 5616 9110 4148 
16843 5916 9129 8199 
16844 7298 9255 7300 
16845 5912 9228 9158 
16846 5912 9158 8338 
16847 6578 9278 6577 
16848 5303 9286 8233 
16849 1888 9249 1894 
16850 9070 9212 6884 
16851 6161 9230 9153 
16852 5688 9103 6862 
16853 2375 9246 2390 
16854 2258 9359 7158 
16855 6781 9251 5713 
16856 9079 9136 5932 
16857 9175 9236 5942 
16858 8345 9117 8556 
16859 5943 9234 8521 
16860 3034 9265 3326 
16861 4548 9111 4431 
16862 3191 9125 3189 
16863 5023 9106 8515 
16864 5530 9266 4181 
16865 5630 9120 4525 
16866 8284 9175 8659 
16867 4855 9121 4857 
16868 5228 9117 9037 
16869 4223 9128 4225 
16870 4680 9244 4229 
16871 5178 9097 9087 
16872 5753 9113 7406 
16873 5600 9127 5598 
16874 9052 9112 5896 
16875 4730 9130 4732 
16876 5198 9321 5196 
16877 9309 9383 4157 
16878 3092 9263 3381 
16879 4975 9481 9448 
16880 8384 9265 3024 
16881 6979 9349 3590 
16882 2912 9135 2112 
16883 5939 9351 9300 
16884 9250 9333 7693 
16885 5598 9127 9078 
16886 8381 9254 9207 
16887 3189 9125 9102 
16888 7501 9529 9512 
16889 5514 9131 5512 
16890 1604 9535 9499 
16891 4580 9281 4581 
16892 4976 9492 9481 
16893 5109 9391 5305 
16894 5814 9119 8868 
16895 8118 9334 5033 
16896 7133 9133 8287 
16897 2393 9148 7471 
16898 5864 9126 7669 
16899 5033 9261 8656 
16900 3598 9101 8921 
16901 2280 9279 1884 
16902 7033 9151 2830 
16903 8073 9144 5252 
16904 8353 9374 9183 
16905 5064 9260 5310 
16906 5299 9260 5062 
16907 5274 9139 6742 
16908 5925 9171 9112 
16909 8358 9192 5806 
16910 9351 9400 7270 
16911 3922 9132 8253 
16912 2214 9138 2216 
16913 7296 9143 7298 
16914 8871 9119 5814 
16915 2125 9252 2748 
16916 2890 9137 2893 
16917 5161 9277 7121 
16918 3212 9252 2123 
16919 6792 9265 8384 
16920 9848 9852 5428 
16921 4382 9324 3325 
16922 2405 9272 2379 
16923 4864 9259 6748 
16924 8743 9247 9086 
16925 9058 9147 8389 
16926 7210 9318 7213 
16927 3938 9136 5911 
16928 3598 9235 9101 
16929 4863 9259 4861 
16930 7143 9395 6515 
16931 6743 9284 5710 
16932 3494 9341 2936 
16933 9124 9234 5031 
16934 4713 9306 5830 
16935 4507 9301 6137 
16936 7003 9164 8289 
16937 9077 9126 5864 
16938 5321 9408 9139 
16939 3327 9324 9319 
16940 566 10051 520 
16941 8475 9119 8871 
16942 5724 9267 5813 
16943 9086 9247 5258 
16944 4233 9271 4678 
16945 7554 9336 5929 
16946 8770 9124 4345 
16947 3467 9261 9097 
16948 8921 9101 5863 
16949 9415 9429 6674 
16950 4303 9142 4469 
16951 4100 9295 3258 
16952 5518 9257 6636 
16953 6618 9257 5520 
16954 8272 9147 9058 
16955 8529 9226 5949 
16956 3316 9170 3922 
16957 3287 9156 1722 
16958 521 10051 690 
16959 9240 9268 8219 
16960 4362 9284 5827 
16961 8525 9134 2221 
16962 3934 9154 5023 
16963 1056 9146 1055 
16964 2843 9282 7191 
16965 9144 9170 5938 
16966 8289 9164 9050 
16967 3821 9276 4276 
16968 7568 9163 7566 
16969 9713 9726 4131 
16970 3464 9123 9089 
16971 3952 9276 3823 
16972 8219 9268 5611 
16973 5019 9160 7574 
16974 5909 9179 9071 
16975 5720 9149 5717 
16976 6792 9291 9265 
16977 9218 9305 7456 
16978 5271 9161 6775 
16979 2755 9270 1733 
16980 7829 9166 582 
16981 1360 9409 7128 
16982 4225 9155 4227 
16983 4565 9140 4568 
16984 9117 9240 5268 
16985 5871 9504 6668 
16986 2065 9361 7258 
16987 5282 9319 5929 
16988 9234 9275 5031 
16989 4107 9320 3334 
16990 9224 9237 1839 
16991 2119 9152 2121 
16992 4857 9150 4859 
16993 5287 9337 5285 
16994 3094 9086 9056 
16995 5796 9169 6523 
16996 7451 9168 7450 
16997 1926 9274 8314 
16998 9128 9155 4225 
16999 2478 9157 2475 
17000 1367 9159 854 
17001 3997 9294 5294 
17002 8389 9147 5918 
17003 1873 9145 8516 
17004 9121 9150 4857 
17005 2074 9292 2028 
17006 3045 9338 1904 
17007 2079 9322 2080 
17008 8468 9210 8663 
17009 9093 9145 1873 
17010 6125 9360 5117 
17011 1668 9338 1669 
17012 1727 9165 1729 
17013 2410 9162 2406 
17014 2030 9292 3202 
17015 1805 9376 1807 
17016 7301 9231 9143 
17017 2153 9158 8653 
17018 6008 9491 5989 
17019 3589 9336 3590 
17020 8527 9283 8303 
17021 5169 9178 6054 
17022 1737 9302 2756 
17023 5911 9136 9079 
17024 5204 9212 9070 
17025 5929 9336 4380 
17026 4384 9345 5962 
17027 5272 9379 9161 
17028 5289 9299 4772 
17029 4353 9220 9185 
17030 6706 9529 7502 
17031 9480 9517 8013 
17032 4774 9299 5311 
17033 5921 9332 5997 
17034 9436 9446 1453 
17035 8314 9274 5961 
17036 3817 9176 3815 
17037 5934 9235 5935 
17038 1985 9250 8994 
17039 7322 9605 2666 
17040 8468 9362 9210 
17041 5099 9167 5752 
17042 5516 9174 5514 
17043 9061 9422 7722 
17044 5068 9353 5069 
17045 8816 9322 2079 
17046 7587 9197 7069 
17047 5514 9174 9131 
17048 1470 9177 1490 
17049 5310 9328 5066 
17050 8841 9141 6441 
17051 6697 9611 1793 
17052 3936 9172 9154 
17053 1388 9335 3115 
17054 8118 9364 9334 
17055 8366 9173 4295 
17056 2024 9182 2026 
17057 8659 9175 831 
17058 5926 9171 5925 
17059 9179 9312 4352 
17060 7300 9255 9096 
17061 9097 9261 7715 
17062 2210 9183 2212 
17063 8345 9240 9117 
17064 9394 9715 5402 
17065 4283 9356 5247 
17066 5931 9172 5899 
17067 7438 9200 7439 
17068 4682 9329 4001 
17069 5303 9391 9286 
17070 9469 9482 7866 
17071 8566 9351 7270 
17072 4501 9310 7140 
17073 5977 9189 6898 
17074 6972 9377 5304 
17075 3475 9364 8118 
17076 2373 9184 2371 
17077 3590 9349 3357 
17078 4981 9325 5892 
17079 5429 9854 5822 
17080 1830 9190 1828 
17081 2502 9188 2500 
17082 4727 9396 4725 
17083 8571 9277 5161 
17084 8960 9153 3542 
17085 2752 9198 1612 
17086 8285 9342 6447 
17087 1729 9187 1731 
17088 5526 9589 9565 
17089 5058 9196 5060 
17090 6004 9508 9452 
17091 5720 9191 9149 
17092 5722 9191 5720 
17093 4768 9193 4770 
17094 3586 9371 7301 
17095 7551 9202 7549 
17096 8991 9185 5254 
17097 9330 9413 4389 
17098 3819 9195 3817 
17099 7331 9410 6006 
17100 5322 9459 5321 
17101 6748 9340 5291 
17102 5265 9201 7753 
17103 4196 9363 3644 
17104 9404 9416 6970 
17105 6801 9203 5280 
17106 1420 9352 1412 
17107 9746 9748 5532 
17108 4557 9186 4549 
17109 9165 9187 1729 
17110 8332 9372 7244 
17111 2005 9404 6970 
17112 8327 9274 8710 
17113 8979 9300 8591 
17114 5258 9247 8059 
17115 8869 9185 8991 
17116 7221 9477 9470 
17117 8314 9192 1930 
17118 1052 9199 1051 
17119 3817 9195 9176 
17120 6730 9367 4665 
17121 6752 9380 6489 
17122 8475 9256 9119 
17123 7564 9374 7562 
17124 9143 9231 5190 
17125 5359 9353 6652 
17126 9203 9344 8014 
17127 8397 9194 6932 
17128 4694 9350 6656 
17129 3995 9204 3993 
17130 788 9369 786 
17131 7494 9456 5312 
17132 6513 9222 7175 
17133 4678 9350 4264 
17134 2498 9205 2495 
17135 8436 9344 2506 
17136 2006 9361 2065 
17137 2410 9210 9162 
17138 5308 9385 5957 
17139 3302 9216 3586 
17140 2070 9229 7012 
17141 1828 9209 1826 
17142 2845 9223 7248 
17143 948 9207 944 
17144 2008 9208 2010 
17145 9028 9194 8397 
17146 7206 9219 7204 
17147 5008 9217 5729 
17148 8946 9309 4157 
17149 6922 9227 6920 
17150 9172 9206 5899 
17151 1117 9453 7111 
17152 5899 9206 7140 
17153 3091 9215 4358 
17154 9377 9447 8751 
17155 9247 9266 8059 
17156 2742 9221 2185 
17157 7739 9225 5272 
17158 1816 9366 1843 
17159 5947 9312 9179 
17160 1510 9226 8529 
17161 2482 9213 2479 
17162 9274 9347 5961 
17163 9190 9209 1828 
17164 3159 9366 1818 
17165 3475 9385 9364 
17166 5604 9214 5602 
17167 7222 9461 2313 
17168 5988 9624 9619 
17169 5774 9224 6927 
17170 3066 9220 4353 
17171 2381 9370 2405 
17172 3154 9650 7487 
17173 5259 9303 8622 
17174 8294 9218 2482 
17175 9145 9211 8516 
17176 5266 9226 9201 
17177 8663 9210 2410 
17178 5205 9212 5204 
17179 8516 9211 8267 
17180 4358 9215 9194 
17181 4353 9185 8869 
17182 9140 9239 4568 
17183 5317 9416 5323 
17184 5989 9446 8431 
17185 6793 9523 5342 
17186 5037 9228 5912 
17187 2482 9218 9213 
17188 2484 9248 9225 
17189 5388 9765 9709 
17190 7048 9238 1356 
17191 8721 9381 7170 
17192 6014 9521 7682 
17193 5742 9405 9060 
17194 4628 9382 5672 
17195 6383 9232 6382 
17196 2034 9375 2073 
17197 5276 9237 9224 
17198 7250 9800 5013 
17199 7562 9390 3950 
17200 2519 9393 2523 
17201 6192 9230 6191 
17202 7156 9233 7155 
17203 9001 9179 5909 
17204 5986 9383 9309 
17205 9385 9401 5957 
17206 5942 9236 5941 
17207 3202 9375 2032 
17208 1971 9415 1968 
17209 4358 9194 9028 
17210 5955 9333 9250 
17211 2738 9401 2687 
17212 3979 9540 7683 
17213 6253 9411 5615 
17214 9304 9305 3865 
17215 6707 9617 2593 
17216 9439 9533 2259 
17217 2839 9442 7230 
17218 9374 9390 7562 
17219 4747 9435 3697 
17220 5311 9378 4776 
17221 8107 9474 5322 
17222 2786 9242 1718 
17223 6810 9497 828 
17224 6652 9389 5695 
17225 2704 9388 2386 
17226 810 9402 802 
17227 8014 9243 4299 
17228 8193 9402 810 
17229 5189 9231 5269 
17230 5322 9474 9459 
17231 3825 9386 3952 
17232 4778 9378 8787 
17233 3950 9245 3321 
17234 3922 9170 9144 
17235 4626 9241 4625 
17236 4517 9235 3598 
17237 7328 9425 4390 
17238 6835 9300 8979 
17239 9031 9330 4389 
17240 4229 9244 4231 
17241 6810 9507 9497 
17242 3960 9236 8284 
17243 2377 9246 2375 
17244 5033 9334 9261 
17245 9243 9356 5251 
17246 2977 9404 2000 
17247 3360 9412 2738 
17248 1886 9249 1888 
17249 1420 9451 7542 
17250 2701 9240 8345 
17251 5165 9381 8721 
17252 5948 9312 5947 
17253 5260 9253 9228 
17254 4003 9397 4682 
17255 5319 9397 4005 
17256 9236 9262 5941 
17257 6123 9362 6122 
17258 9183 9374 7564 
17259 4568 9239 8720 
17260 7140 9310 8897 
17261 5713 9251 6762 
17262 8259 9250 1985 
17263 2002 9404 2005 
17264 3690 9379 8578 
17265 2738 9412 9401 
17266 6008 9505 9491 
17267 5304 9377 8470 
17268 4495 9258 4999 
17269 5329 9440 7423 
17270 3960 9262 9236 
17271 5257 9253 4308 
17272 9210 9362 6123 
17273 2123 9252 2125 
17274 5991 9420 5314 
17275 5997 9348 5998 
17276 5944 9275 5943 
17277 1562 9473 1548 
17278 9391 9407 5305 
17279 8770 9234 9124 
17280 2701 9268 9240 
17281 9431 9537 8340 
17282 6749 9419 5928 
17283 8956 9286 1876 
17284 8521 9234 8770 
17285 5990 9413 9330 
17286 3887 9266 9247 
17287 5559 9399 8899 
17288 5062 9260 5064 
17289 7999 9357 9283 
17290 5520 9257 5518 
17291 5955 9250 8259 
17292 5922 9482 9469 
17293 8274 9285 9147 
17294 5530 9301 9266 
17295 4861 9259 4864 
17296 2918 9444 2920 
17297 7962 9269 5266 
17298 3887 9247 8743 
17299 5251 9273 7757 
17300 5915 9254 8381 
17301 4386 9262 3960 
17302 7581 9264 5290 
17303 7999 9283 9254 
17304 3136 9263 3092 
17305 5954 9333 5955 
17306 5328 9256 8475 
17307 9462 9472 5951 
17308 9154 9172 5931 
17309 3024 9265 3034 
17310 4390 9425 4066 
17311 8349 9255 5190 
17312 7866 9449 3974 
17313 4499 10356 7829 
17314 5726 9267 5724 
17315 4231 9271 4233 
17316 2377 9272 9246 
17317 6853 9285 8274 
17318 5941 9262 8376 
17319 2379 9272 2377 
17320 3360 9422 9412 
17321 9244 9271 4231 
17322 2198 9421 2232 
17323 1733 9270 1735 
17324 5954 9345 9333 
17325 4608 9280 9258 
17326 5948 9343 9312 
17327 5031 9275 3945 
17328 1886 9279 9249 
17329 8802 9418 5236 
17330 2394 9289 7237 
17331 4181 9266 3887 
17332 8656 9261 3467 
17333 1884 9279 1886 
17334 1043 9762 6623 
17335 8874 9297 5895 
17336 3823 9276 3821 
17337 5321 9459 9408 
17338 2819 9287 1590 
17339 797 9426 2313 
17340 2748 9368 8793 
17341 5940 9280 5846 
17342 2591 9293 7589 
17343 5981 9288 6834 
17344 9362 9384 6122 
17345 6813 9515 3227 
17346 5944 9317 9275 
17347 6708 9631 9623 
17348 5949 9308 5861 
17349 5710 9284 4362 
17350 9552 9560 7678 
17351 1337 9436 1453 
17352 2073 9424 2036 
17353 3110 9283 8527 
17354 4581 9281 5124 
17355 8899 9399 7289 
17356 5883 9291 6792 
17357 8710 9274 1926 
17358 1876 9286 8984 
17359 5884 9311 9291 
17360 6122 9384 6124 
17361 6489 9343 5948 
17362 9147 9285 5918 
17363 2242 9432 2194 
17364 1843 9431 1814 
17365 6487 9441 4637 
17366 9253 9290 4308 
17367 3115 9277 8571 
17368 1812 9431 8340 
17369 8846 9268 2701 
17370 2028 9292 2030 
17371 6813 9523 9515 
17372 3999 9294 3997 
17373 3963 9441 3964 
17374 3136 9295 9263 
17375 6776 9298 3674 
17376 5741 9418 8802 
17377 5343 9477 7219 
17378 8914 9527 9463 
17379 7545 9313 7437 
17380 7301 9371 9231 
17381 5918 9296 5917 
17382 2645 9437 2616 
17383 3258 9295 3136 
17384 4308 9290 5702 
17385 4201 9433 5676 
17386 1349 9476 7291 
17387 5946 9317 5944 
17388 4213 9433 3652 
17389 4007 9434 5319 
17390 7456 9304 5908 
17391 5332 9434 4009 
17392 5927 9443 6749 
17393 4772 9299 4774 
17394 8265 9305 5028 
17395 9268 9346 5611 
17396 5127 9430 8632 
17397 8059 9301 4507 
17398 9060 9405 5202 
17399 5702 9438 4307 
17400 1735 9302 1737 
17401 2972 9377 8751 
17402 3891 9408 8678 
17403 6005 9452 6376 
17404 8837 9419 2548 
17405 3739 9308 9269 
17406 2506 9344 9203 
17407 9241 9323 4625 
17408 6670 9306 4713 
17409 1106 9450 1103 
17410 9500 9514 3874 
17411 9270 9302 1735 
17412 5726 9307 9267 
17413 2232 9297 8874 
17414 9280 9309 5846 
17415 1489 9490 7598 
17416 9201 9226 1510 
17417 2040 9439 2259 
17418 9275 9317 3945 
17419 6724 9307 5726 
17420 4330 9455 5999 
17421 4352 9312 4208 
17422 5201 9403 8732 
17423 9467 9505 6008 
17424 5247 9356 9243 
17425 5908 9314 5284 
17426 7211 9318 7210 
17427 9239 9316 8720 
17428 2612 9445 2655 
17429 9304 9314 5908 
17430 8591 9300 3918 
17431 8622 9303 3159 
17432 6907 9327 7615 
17433 6779 9836 6472 
17434 9296 9315 5917 
17435 1113 9471 1114 
17436 1102 9450 2986 
17437 7618 9502 7398 
17438 5917 9315 5919 
17439 5984 9368 9288 
17440 6618 9637 7096 
17441 3326 9311 8502 
17442 3627 9469 3625 
17443 5284 9319 5282 
17444 5196 9321 5728 
17445 6514 9326 7066 
17446 1418 9451 1420 
17447 4836 9320 4107 
17448 3945 9317 8675 
17449 4505 9458 4504 
17450 590 10173 10104 
17451 3325 9324 3327 
17452 7270 9400 1370 
17453 9314 9319 5284 
17454 6710 9648 2671 
17455 9161 9379 3690 
17456 5337 9472 5335 
17457 9357 9387 3111 
17458 2837 9331 7094 
17459 5939 9400 9351 
17460 8233 9286 8956 
17461 6972 9447 9377 
17462 3999 9329 9294 
17463 9231 9371 5269 
17464 5066 9328 5068 
17465 7693 9333 4385 
17466 4001 9329 3999 
17467 6489 9380 9343 
17468 5961 9347 5960 
17469 4251 9467 6015 
17470 9315 9332 5919 
17471 2080 9322 2085 
17472 8897 9310 6977 
17473 4625 9323 5201 
17474 9333 9345 4385 
17475 6687 9325 4981 
17476 7715 9334 7713 
17477 5919 9332 5921 
17478 4480 9463 4481 
17479 8537 9489 9428 
17480 5946 9355 9317 
17481 8720 9316 6716 
17482 5846 9309 8946 
17483 1489 9462 1466 
17484 7179 9518 6612 
17485 9261 9334 7715 
17486 9286 9391 8984 
17487 9345 9363 5962 
17488 6579 9355 5946 
17489 1403 9335 1388 
17490 2313 9461 803 
17491 5285 9337 7554 
17492 5198 9607 9321 
17493 4380 9336 3589 
17494 9308 9330 5861 
17495 8303 9357 3111 
17496 2192 9468 2242 
17497 9312 9343 4208 
17498 2936 9341 3447 
17499 1904 9338 1668 
17500 1047 9767 6625 
17501 9228 9253 5257 
17502 9347 9367 5960 
17503 9346 9360 5611 
17504 6447 9342 6449 
17505 2863 9509 6971 
17506 5291 9340 6738 
17507 813 9470 828 
17508 9285 9296 5918 
17509 4018 9577 7704 
17510 9400 9420 1370 
17511 8502 9339 4486 
17512 4208 9343 8714 
17513 9311 9339 8502 
17514 8107 9500 9474 
17515 5338 9466 4013 
17516 4011 9466 5332 
17517 5247 9344 8436 
17518 3494 9348 9341 
17519 9300 9351 3918 
17520 1987 9494 7838 
17521 4385 9345 4384 
17522 8733 9423 2704 
17523 835 9488 1387 
17524 9488 9546 6751 
17525 9334 9364 7713 
17526 9317 9355 8675 
17527 5888 9480 5937 
17528 6007 9489 4198 
17529 4786 9484 4787 
17530 9139 9408 3891 
17531 4264 9350 4694 
17532 1403 9352 9335 
17533 5324 9387 9357 
17534 5069 9353 5359 
17535 3357 9349 4100 
17536 4598 9479 4249 
17537 6010 9537 9449 
17538 3918 9351 8566 
17539 6010 9482 4383 
17540 7198 9518 7197 
17541 6449 9354 6676 
17542 1412 9352 1403 
17543 7722 9501 5334 
17544 5324 9357 7999 
17545 7582 9359 2258 
17546 3878 9862 7200 
17547 2655 9486 2610 
17548 4639 9347 8327 
17549 2188 9483 2191 
17550 5861 9330 9031 
17551 4639 9367 9347 
17552 9342 9354 6449 
17553 5830 9356 4283 
17554 9266 9301 8059 
17555 3171 9448 8730 
17556 5611 9360 5610 
17557 5334 9511 5583 
17558 5922 9487 5701 
17559 9511 9513 5583 
17560 3644 9363 5954 
17561 7713 9364 5843 
17562 1487 9490 1489 
17563 7038 9358 7039 
17564 2005 9361 2006 
17565 9254 9283 3110 
17566 9740 9783 5993 
17567 5418 9833 9790 
17568 1818 9366 1816 
17569 7244 9372 7245 
17570 7303 9525 829 
17571 4790 9484 5871 
17572 7632 9346 8846 
17573 7456 9305 9304 
17574 5967 9492 5982 
17575 5930 9373 5293 
17576 5340 9507 5339 
17577 1807 9376 7547 
17578 4619 9496 4620 
17579 8329 9365 5755 
17580 786 9369 791 
17581 2243 9493 2184 
17582 4166 9464 4167 
17583 8675 9355 5430 
17584 2384 9370 2381 
17585 8317 9500 3874 
17586 5755 9365 6621 
17587 9258 9280 5940 
17588 9288 9368 2748 
17589 8990 9448 3171 
17590 4462 9362 8468 
17591 2032 9375 2034 
17592 9343 9380 8714 
17593 4665 9367 4639 
17594 8537 9428 5855 
17595 828 9497 826 
17596 5269 9371 6781 
17597 5309 9387 5324 
17598 8793 9368 6599 
17599 855 9497 3227 
17600 5696 9550 6665 
17601 5987 9383 5986 
17602 9378 9556 8787 
17603 1604 9499 1560 
17604 8470 9377 2972 
17605 8846 9346 9268 
17606 9364 9385 5843 
17607 7139 9538 7138 
17608 8117 9505 4250 
17609 4776 9378 4778 
17610 4462 9384 9362 
17611 6730 9382 9367 
17612 5397 9706 9703 
17613 7177 9536 7178 
17614 5246 9374 8353 
17615 8578 9379 6734 
17616 6562 9647 5198 
17617 5991 9436 9420 
17618 9458 9465 5999 
17619 9411 9413 8198 
17620 2609 9503 2606 
17621 5361 9538 7198 
17622 5960 9382 4628 
17623 5246 9390 9374 
17624 8012 9517 5952 
17625 9269 9308 5949 
17626 4015 9498 5338 
17627 6659 9498 4261 
17628 5843 9385 5308 
17629 4955 9576 4904 
17630 5731 9381 5165 
17631 1878 9506 1524 
17632 5987 9398 9383 
17633 6546 9398 5987 
17634 7592 9392 2706 
17635 4157 9383 5587 
17636 9749 9776 3681 
17637 2384 9388 9370 
17638 9341 9348 5997 
17639 6550 9536 5382 
17640 2062 9556 7106 
17641 5229 9457 8966 
17642 4241 9386 3825 
17643 2386 9388 2384 
17644 8714 9380 6535 
17645 5695 9389 6647 
17646 6515 9395 7101 
17647 9291 9311 3326 
17648 4725 9396 4738 
17649 5333 9414 5309 
17650 6815 9588 1375 
17651 6088 9394 6153 
17652 3111 9387 8486 
17653 2548 9393 2519 
17654 8717 9384 4462 
17655 7395 9545 7394 
17656 1563 9510 1672 
17657 4402 9480 9090 
17658 5333 9427 9414 
17659 5827 9390 5246 
17660 7148 9551 7149 
17661 7178 9551 5387 
17662 9383 9398 5587 
17663 9452 9508 4167 
17664 3475 9401 9385 
17665 1354 9515 1375 
17666 1116 9519 1115 
17667 5320 9400 5939 
17668 3227 9515 1340 
17669 4005 9397 4003 
17670 9501 9511 5334 
17671 6948 9417 7188 
17672 5198 9647 9607 
17673 2602 9512 2657 
17674 8198 9413 5990 
17675 5991 9446 9436 
17676 7120 9558 7119 
17677 7041 9409 1360 
17678 5587 9398 6245 
17679 2687 9401 3475 
17680 4390 9413 9411 
17681 5364 9558 7139 
17682 802 9402 1530 
17683 9753 9764 2920 
17684 9428 9489 5323 
17685 5736 9399 5559 
17686 2000 9404 2002 
17687 7332 9410 7331 
17688 2182 9520 2243 
17689 5855 9428 2977 
17690 3905 9407 5303 
17691 9369 9426 791 
17692 6750 9495 6751 
17693 5309 9414 9387 
17694 6771 9639 1691 
17695 5320 9420 9400 
17696 5202 9405 8483 
17697 7149 9566 5389 
17698 9587 9636 8430 
17699 9401 9412 5957 
17700 7146 9566 7147 
17701 8732 9403 4213 
17702 9648 9727 8866 
17703 1672 9526 1580 
17704 6816 9600 9596 
17705 1582 9526 3180 
17706 6516 9548 6518 
17707 3123 9533 3557 
17708 1001 9528 890 
17709 888 9528 3158 
17710 6751 9539 6012 
17711 1968 9415 2062 
17712 2253 9532 2178 
17713 8472 9423 8733 
17714 6970 9416 5317 
17715 6225 9996 6226 
17716 8984 9391 5109 
17717 5615 9411 8198 
17718 8678 9408 8513 
17719 5957 9412 5958 
17720 7388 9426 9369 
17721 9387 9414 8486 
17722 3433 9540 3979 
17723 9410 9423 6006 
17724 4389 9413 4390 
17725 9639 9646 1691 
17726 4700 9530 6659 
17727 9414 9427 946 
17728 7147 9583 5391 
17729 8486 9414 946 
17730 4398 9478 6008 
17731 5426 10062 5566 
17732 5236 9418 5733 
17733 8224 9427 5333 
17734 7466 9568 5351 
17735 7075 9580 7074 
17736 2279 9700 9591 
17737 5370 9580 7120 
17738 5360 9562 5358 
17739 5314 9420 5320 
17740 8514 9521 6014 
17741 7607 9692 5737 
17742 6060 9824 9798 
17743 6516 9579 9548 
17744 892 9541 1001 
17745 809 9546 815 
17746 9412 9422 5958 
17747 2196 9421 2198 
17748 5994 9447 6972 
17749 7088 9615 7087 
17750 3167 9541 894 
17751 7145 9533 9439 
17752 8812 9519 1119 
17753 9422 9501 7722 
17754 4018 9552 3429 
17755 9416 9428 5323 
17756 5954 9363 9345 
17757 1854 9544 1800 
17758 4142 9554 5502 
17759 7165 9583 7166 
17760 5362 9594 7135 
17761 5994 9455 9447 
17762 1606 9547 1671 
17763 1971 9429 9415 
17764 7676 9560 7680 
17765 2036 9424 2038 
17766 3180 9547 1591 
17767 9633 9640 5790 
17768 5357 9573 7182 
17769 791 9426 797 
17770 4066 9425 4186 
17771 6934 9600 8044 
17772 5928 9419 8837 
17773 6736 9537 9431 
17774 5331 9590 9531 
17775 946 9427 8474 
17776 9494 9504 5871 
17777 973 9555 1000 
17778 8028 9435 4747 
17779 1814 9431 1812 
17780 8598 9542 5150 
17781 9499 9535 5959 
17782 4321 9735 9732 
17783 3170 9555 975 
17784 5303 9407 9391 
17785 1796 9557 1861 
17786 3789 9576 6848 
17787 6785 9936 9827 
17788 2196 9432 9421 
17789 2194 9432 2196 
17790 953 9559 898 
17791 896 9559 3167 
17792 927 9570 929 
17793 5995 9454 8224 
17794 8632 9430 2164 
17795 1370 9436 1337 
17796 2176 9563 2253 
17797 8116 9865 1449 
17798 4009 9434 4007 
17799 5995 9460 9454 
17800 9516 10090 591 
17801 2616 9437 2614 
17802 3652 9433 4201 
17803 6593 9751 5681 
17804 7323 9586 5355 
17805 2657 9564 2600 
17806 5375 9599 7075 
17807 7046 9599 7045 
17808 4679 9463 6650 
17809 7444 9597 7445 
17810 5989 9491 9446 
17811 1010 9567 979 
17812 9455 9458 5999 
17813 977 9567 3170 
17814 9424 9439 2038 
17815 7166 9597 5396 
17816 4399 9478 4398 
17817 4307 9438 5127 
17818 5900 9440 5329 
17819 4814 9537 6736 
17820 4675 9575 5038 
17821 6634 9792 4667 
17822 6006 9508 6004 
17823 2038 9439 2040 
17824 9444 9753 2920 
17825 1671 9569 1613 
17826 5958 9422 9061 
17827 1615 9569 3198 
17828 4882 9598 5426 
17829 4496 9609 7260 
17830 9514 9524 8295 
17831 3874 9514 8295 
17832 9408 9459 8513 
17833 900 9572 953 
17834 6002 9651 8208 
17835 3165 9572 902 
17836 2596 9574 2666 
17837 5365 9610 7126 
17838 7129 9442 2839 
17839 6172 9465 4505 
17840 6180 9582 4603 
17841 2704 9423 9410 
17842 5996 9460 5995 
17843 7605 9444 2918 
17844 8224 9454 9427 
17845 3428 9577 4018 
17846 9437 9445 2614 
17847 4605 9582 6075 
17848 4637 9441 3963 
17849 3437 9626 6789 
17850 9367 9382 5960 
17851 2614 9445 2612 
17852 6754 9443 5927 
17853 2172 9581 2175 
17854 9463 9527 6650 
17855 6001 9655 7239 
17856 3676 9602 5652 
17857 3229 9785 6632 
17858 1861 9585 1794 
17859 4801 9609 5442 
17860 8472 9508 9423 
17861 6065 9736 6874 
17862 6935 9627 1447 
17863 9427 9454 8474 
17864 1375 9588 1374 
17865 5379 9620 7046 
17866 981 9584 1010 
17867 3193 9584 983 
17868 8431 9446 5991 
17869 5422 9464 4166 
17870 3974 9449 4814 
17871 1103 9450 1102 
17872 9447 9455 5024 
17873 6788 9485 6438 
17874 3591 9765 9697 
17875 4239 9724 6780 
17876 7106 9556 9378 
17877 5998 9475 5996 
17878 2279 9591 2104 
17879 9716 9720 4687 
17880 7111 9453 7112 
17881 7445 9615 7443 
17882 5526 9565 4404 
17883 942 9592 906 
17884 1428 9451 1418 
17885 6500 9595 6502 
17886 904 9592 3165 
17887 1416 9596 1447 
17888 5024 9455 4330 
17889 5312 9456 5923 
17890 6004 9452 6005 
17891 1619 9593 1641 
17892 3198 9593 1617 
17893 8474 9454 3054 
17894 8751 9447 5024 
17895 8031 9603 5345 
17896 7020 9620 7019 
17897 9454 9460 3054 
17898 8730 9448 5964 
17899 5371 9622 7107 
17900 7866 9482 9449 
17901 5128 9613 8588 
17902 5996 9475 9460 
17903 4504 9458 5994 
17904 3550 9522 4402 
17905 9423 9508 6006 
17906 4130 9590 9522 
17907 1428 9462 9451 
17908 1331 9601 987 
17909 985 9601 3193 
17910 2666 9605 2594 
17911 7553 9642 1468 
17912 803 9461 807 
17913 1466 9462 1428 
17914 8513 9459 1694 
17915 1455 9667 9621 
17916 3360 9501 9422 
17917 908 9606 942 
17918 3161 9606 910 
17919 3233 9616 3647 
17920 9420 9436 1370 
17921 3054 9460 8448 
17922 4481 9463 4679 
17923 9448 9481 5964 
17924 9565 9589 5502 
17925 8295 9524 1533 
17926 8966 9457 4656 
17927 6632 9786 3229 
17928 7269 9656 7021 
17929 9452 9464 6376 
17930 4013 9466 4011 
17931 1548 9473 8779 
17932 5999 9465 6000 
17933 2191 9468 2192 
17934 6517 9579 6516 
17935 7974 9624 5367 
17936 4650 9666 6782 
17937 6007 9496 9489 
17938 4250 9467 4251 
17939 3625 9469 7866 
17940 1793 9611 1790 
17941 1114 9471 1117 
17942 9533 9548 3557 
17943 9449 9482 6010 
17944 3664 9614 4218 
17945 9459 9474 1694 
17946 5992 9631 7619 
17947 1641 9612 1621 
17948 7987 9621 7986 
17949 1623 9612 3204 
17950 9461 9470 807 
17951 5377 9644 7098 
17952 5951 9472 5337 
17953 9524 9539 1533 
17954 807 9470 813 
17955 5378 9663 8394 
17956 7345 9749 5411 
17957 2593 9617 2590 
17958 1786 9619 1864 
17959 7231 9476 1349 
17960 989 9618 1331 
17961 4167 9464 9452 
17962 3194 9618 992 
17963 8138 10473 6372 
17964 7219 9477 7221 
17965 1694 9474 8711 
17966 4130 9522 3550 
17967 9460 9475 8448 
17968 5373 9635 7983 
17969 2977 9428 9416 
17970 6619 9637 6617 
17971 8107 9514 9500 
17972 8448 9475 1014 
17973 4249 9479 4248 
17974 2586 9623 2671 
17975 7086 9652 7084 
17976 9467 9478 6015 
17977 1344 9938 6579 
17978 3878 9628 1215 
17979 1211 9628 1209 
17980 2186 9483 2188 
17981 6751 9546 9539 
17982 747 9630 749 
17983 5964 9481 5965 
17984 1447 9627 1430 
17985 2756 9607 8798 
17986 4908 9640 4907 
17987 9430 9809 2164 
17988 2610 9486 2609 
17989 6770 9815 6767 
17990 4787 9484 4790 
17991 4383 9482 5922 
17992 6002 9639 5347 
17993 5701 9487 6711 
17994 4379 9677 8393 
17995 5349 9639 6771 
17996 5380 9660 7089 
17997 1014 9587 8430 
17998 815 9488 835 
17999 6001 9633 4256 
18000 9677 9685 8393 
18001 6398 10155 76 
18002 1500 9490 1487 
18003 3204 9629 1625 
18004 5288 9652 7281 
18005 1468 9642 1469 
18006 1353 9634 997 
18007 994 9634 3194 
18008 9481 9492 5965 
18009 2186 9493 9483 
18010 7838 9494 7840 
18011 2184 9493 2186 
18012 7268 9656 7267 
18013 1453 9491 8508 
18014 9603 9649 5392 
18015 912 9638 3161 
18016 4198 9489 8537 
18017 5965 9492 5967 
18018 1482 9642 8488 
18019 751 9646 753 
18020 5323 9496 4619 
18021 937 9645 916 
18022 1629 9641 1667 
18023 9488 9495 1387 
18024 3267 9688 7077 
18025 9090 9480 5888 
18026 6893 9719 5499 
18027 4699 9651 6002 
18028 2671 9648 2584 
18029 1500 9499 9490 
18030 6917 9678 6009 
18031 969 9650 3154 
18032 9608 9661 1397 
18033 1000 9650 971 
18034 826 9497 855 
18035 3748 9666 4650 
18036 4261 9498 4015 
18037 7044 9682 7043 
18038 279 9659 278 
18039 1560 9499 1500 
18040 2606 9503 2604 
18041 7347 9776 7345 
18042 9531 9590 5620 
18043 3595 9662 7920 
18044 8575 9501 3360 
18045 6718 9502 7618 
18046 5390 9682 7268 
18047 4667 9795 6634 
18048 5593 10164 5595 
18049 9474 9500 8711 
18050 1002 9653 1353 
18051 1987 9504 9494 
18052 3196 9653 1005 
18053 5904 9616 8942 
18054 5244 9655 6001 
18055 1423 9661 1455 
18056 1524 9506 1549 
18057 6572 9534 6589 
18058 8711 9500 8317 
18059 5339 9507 6810 
18060 9491 9505 8508 
18061 988 9683 1359 
18062 2836 9683 986 
18063 8508 9505 8117 
18064 649 10290 6254 
18065 9670 9729 4140 
18066 8910 9626 3437 
18067 918 9657 937 
18068 5297 9680 6531 
18069 6597 9699 7005 
18070 5959 9535 5325 
18071 7292 9509 2863 
18072 9446 9491 1453 
18073 5683 9680 5295 
18074 6008 9478 9467 
18075 9535 9553 5325 
18076 6751 9495 9488 
18077 6040 9670 4141 
18078 5381 9686 7382 
18079 1449 9877 8116 
18080 7553 9664 9642 
18081 4167 9508 8472 
18082 1549 9510 1563 
18083 9522 9590 5952 
18084 9506 9510 1549 
18085 1693 9668 922 
18086 9503 9512 2604 
18087 4466 9513 9511 
18088 1667 9665 1631 
18089 1633 9665 3211 
18090 6013 9514 8107 
18091 6049 9950 7724 
18092 5301 9677 4267 
18093 4466 9511 8575 
18094 8575 9511 9501 
18095 3579 9677 4379 
18096 6575 9713 5648 
18097 6013 9524 9514 
18098 2604 9512 2602 
18099 4237 9671 4659 
18100 9321 9607 2756 
18101 7989 9667 8030 
18102 5994 9458 9455 
18103 1378 9673 1011 
18104 1008 9673 3196 
18105 6009 9678 4408 
18106 9479 9542 4248 
18107 8013 9517 8012 
18108 8731 9663 5378 
18109 6139 9513 4466 
18110 1340 9515 1354 
18111 7197 9518 7179 
18112 9457 9571 4656 
18113 5395 9699 7044 
18114 6804 9687 6025 
18115 6638 9797 5415 
18116 3493 9561 9554 
18117 1493 9690 1512 
18118 9517 9522 5952 
18119 5301 9696 7600 
18120 1119 9519 1116 
18121 2180 9520 2182 
18122 9625 9690 1472 
18123 7983 9694 7984 
18124 2583 9648 8866 
18125 5342 9523 6813 
18126 7856 9525 7303 
18127 8441 9689 926 
18128 924 9689 1693 
18129 6485 9571 9457 
18130 2920 9764 7856 
18131 3979 9521 8514 
18132 6814 9636 9587 
18133 7502 9529 7501 
18134 6011 9524 6013 
18135 5952 9590 5331 
18136 7410 9870 7408 
18137 1580 9526 1582 
18138 7389 9549 7388 
18139 1016 9691 1378 
18140 2468 9803 6637 
18141 8392 9685 7601 
18142 5300 9696 5301 
18143 5642 9695 6491 
18144 1637 9693 1642 
18145 3211 9693 1635 
18146 890 9528 888 
18147 2180 9532 9520 
18148 1512 9698 1511 
18149 1021 9697 1020 
18150 5325 9553 7827 
18151 2178 9532 2180 
18152 9870 9873 7408 
18153 9553 9561 7827 
18154 800 9708 4824 
18155 5689 9530 4700 
18156 6011 9539 9524 
18157 1657 9702 1900 
18158 1391 9708 795 
18159 5331 9531 6067 
18160 1053 9704 1054 
18161 5382 9536 7177 
18162 5397 9703 5372 
18163 7138 9538 5361 
18164 6327 10286 6328 
18165 7487 9550 6648 
18166 6960 9740 3738 
18167 4269 9709 4268 
18168 1379 9608 1397 
18169 8580 9535 1604 
18170 8580 9553 9535 
18171 2259 9533 3123 
18172 3591 9697 1025 
18173 9384 9516 6124 
18174 9554 9561 6017 
18175 9525 9543 829 
18176 3431 9540 3433 
18177 6021 9674 6022 
18178 3736 9714 7407 
18179 7059 9527 8914 
18180 6012 9539 6011 
18181 7408 9873 4054 
18182 6030 9711 5126 
18183 8340 9537 6010 
18184 6727 9781 6726 
18185 7827 9561 3493 
18186 1380 9608 1379 
18187 894 9541 892 
18188 6648 9550 5696 
18189 1893 9707 1883 
18190 7396 9545 7395 
18191 5924 9738 5384 
18192 8263 9715 6088 
18193 5648 9713 5143 
18194 7162 9759 7160 
18195 4248 9542 8598 
18196 1800 9544 1798 
18197 1591 9547 1606 
18198 1533 9546 809 
18199 3431 9552 9540 
18200 6518 9548 7145 
18201 4686 9716 4687 
18202 6814 9587 5998 
18203 6848 9576 4955 
18204 4404 9565 6017 
18205 6023 9672 6021 
18206 5387 9551 7148 
18207 8906 9707 1893 
18208 6027 9806 8094 
18209 9873 9874 4054 
18210 1642 9710 1639 
18211 7973 9701 5887 
18212 4054 9874 3789 
18213 3429 9552 3431 
18214 8754 9744 1972 
18215 5256 9705 8702 
18216 8606 9713 4131 
18217 9426 9549 2313 
18218 9548 9579 3557 
18219 6018 9561 9553 
18220 9672 9674 6021 
18221 1864 9632 9092 
18222 7119 9558 5364 
18223 9489 9496 5323 
18224 9544 9557 1798 
18225 6018 9553 8580 
18226 3493 9554 4142 
18227 975 9555 973 
18228 1798 9557 1796 
18229 898 9559 896 
18230 4677 9723 6048 
18231 6025 9687 9669 
18232 6870 9733 6871 
18233 7678 9560 7676 
18234 6038 9988 9900 
18235 5887 9701 8900 
18236 6665 9562 5360 
18237 6017 9561 6018 
18238 7724 9961 6049 
18239 6025 9669 6023 
18240 6617 9637 6618 
18241 1455 9625 1454 
18242 1454 9625 1472 
18243 8787 9556 6674 
18244 5868 9722 3125 
18245 8150 10412 10221 
18246 5389 9566 7146 
18247 2175 9563 2176 
18248 2600 9564 2598 
18249 1380 9649 9603 
18250 5127 9751 9430 
18251 4402 9522 9517 
18252 3557 9579 6894 
18253 9554 9565 5502 
18254 7376 9885 1240 
18255 8664 9722 5385 
18256 5351 9568 5950 
18257 979 9567 977 
18258 1613 9569 1615 
18259 9785 9814 6632 
18260 8158 9570 927 
18261 3866 9843 9813 
18262 6756 9658 5302 
18263 9591 9700 5956 
18264 8717 9516 9384 
18265 6758 9658 6756 
18266 4656 9571 6486 
18267 9564 9574 2598 
18268 4420 9731 6042 
18269 902 9572 900 
18270 6664 9573 5357 
18271 5391 9583 7165 
18272 2598 9574 2596 
18273 4674 9575 4675 
18274 5502 9589 6243 
18275 9669 9672 6023 
18276 8031 9661 9608 
18277 7145 9548 9533 
18278 4321 9732 4320 
18279 7074 9580 5370 
18280 3437 9577 3428 
18281 2170 9581 2172 
18282 4603 9582 4605 
18283 6710 9727 9648 
18284 6594 9578 4674 
18285 5363 9734 7656 
18286 4674 9578 9575 
18287 8747 9726 5613 
18288 6575 9726 9713 
18289 6250 10069 10051 
18290 10011 10134 6342 
18291 5355 9586 5953 
18292 983 9584 981 
18293 6032 9684 4418 
18294 1794 9585 1793 
18295 7015 9742 4846 
18296 6043 9735 6225 
18297 1374 9588 1392 
18298 5765 9636 6814 
18299 2170 9591 9581 
18300 8885 9717 7972 
18301 7388 9549 9426 
18302 6368 9589 5526 
18303 2104 9591 2170 
18304 5620 9590 4130 
18305 7183 9594 5362 
18306 9539 9546 1533 
18307 5765 9643 9636 
18308 906 9592 904 
18309 1617 9593 1619 
18310 7795 9604 7797 
18311 5396 9597 7444 
18312 9700 9711 5376 
18313 7443 9615 7088 
18314 1236 9745 1300 
18315 2818 9745 1233 
18316 9588 9596 1392 
18317 5394 9643 5765 
18318 6071 9887 9879 
18319 1392 9596 1416 
18320 9030 9743 9738 
18321 8376 9725 6606 
18322 6502 9595 6519 
18323 4280 9747 4635 
18324 5386 9743 4707 
18325 1969 9739 1949 
18326 7113 9598 4882 
18327 5956 9700 5376 
18328 1951 9739 3201 
18329 5392 9649 5394 
18330 2164 9741 2162 
18331 2165 9741 8671 
18332 7260 9609 4801 
18333 7045 9599 5375 
18334 4590 9746 5532 
18335 8044 9600 6816 
18336 7987 9690 9625 
18337 5498 9602 3676 
18338 5345 9603 5392 
18339 987 9601 985 
18340 5998 9587 9475 
18341 5394 9649 9643 
18342 1972 9744 1957 
18343 2594 9605 2593 
18344 910 9606 908 
18345 5411 9749 5185 
18346 7136 9610 5365 
18347 6286 10338 7104 
18348 8798 9607 6467 
18349 8031 9608 9603 
18350 7454 9759 3827 
18351 1790 9611 1788 
18352 1621 9612 1623 
18353 6857 9754 5315 
18354 5536 10154 6399 
18355 9430 9751 6593 
18356 4647 9614 3664 
18357 7189 9758 2899 
18358 2772 9752 4443 
18359 9035 9737 5868 
18360 7019 9620 5379 
18361 9709 9765 6628 
18362 8734 9752 755 
18363 8942 9616 3233 
18364 9611 9619 1788 
18365 8699 9749 3681 
18366 9053 9613 5128 
18367 2590 9617 2588 
18368 9661 9667 1455 
18369 1788 9619 1786 
18370 9475 9587 1014 
18371 7160 9759 4820 
18372 992 9618 989 
18373 6032 9729 9670 
18374 4900 9758 4898 
18375 9803 9824 6637 
18376 9717 9810 7972 
18377 6028 9679 6804 
18378 9607 9647 6467 
18379 9703 9706 1900 
18380 7127 9622 5371 
18381 9617 9623 2588 
18382 7986 9621 7989 
18383 6603 9757 5983 
18384 2588 9623 2586 
18385 5367 9624 5988 
18386 7987 9625 9621 
18387 6030 9716 9711 
18388 9092 9632 6033 
18389 5829 9768 7968 
18390 6771 9681 6028 
18391 6028 9681 9679 
18392 4666 10126 7764 
18393 6061 9887 6071 
18394 8069 9761 5354 
18395 1430 9627 1468 
18396 4418 9684 4419 
18397 5894 9633 9626 
18398 3642 10174 7881 
18399 7974 9632 9624 
18400 7619 9631 6708 
18401 1625 9629 1627 
18402 1215 9628 1211 
18403 6873 9779 6899 
18404 9690 9694 1512 
18405 8939 9754 6857 
18406 9679 9687 6804 
18407 6029 9635 5373 
18408 5894 9626 8910 
18409 4687 9720 6247 
18410 4256 9633 5894 
18411 997 9634 994 
18412 5386 9748 9746 
18413 8694 9630 747 
18414 5498 9998 9997 
18415 914 9638 912 
18416 8430 9636 3243 
18417 9662 9675 5353 
18418 9827 9936 2866 
18419 9636 9643 3243 
18420 5347 9639 5349 
18421 3827 9766 7415 
18422 9629 9641 1627 
18423 5790 9640 4908 
18424 9262 9725 8376 
18425 7108 9644 5377 
18426 6029 9702 9698 
18427 1627 9641 1629 
18428 7813 9784 7812 
18429 9103 9770 4266 
18430 1044 9762 1043 
18431 1469 9642 1482 
18432 914 9645 9638 
18433 3243 9643 8407 
18434 9702 9703 1900 
18435 1691 9646 751 
18436 916 9645 914 
18437 8109 9769 5369 
18438 5499 9998 5498 
18439 5399 9706 5397 
18440 6017 9565 9554 
18441 6869 9773 6860 
18442 9771 9853 1304 
18443 6467 9647 6633 
18444 5402 9712 5399 
18445 5420 9771 5155 
18446 5402 9715 9712 
18447 2584 9648 2583 
18448 9697 9765 7280 
18449 7084 9652 5288 
18450 1048 9767 1047 
18451 5399 9712 9706 
18452 9643 9649 8407 
18453 971 9650 969 
18454 5403 9664 7553 
18455 8407 9649 1380 
18456 5378 9651 4699 
18457 1005 9653 1002 
18458 5403 9675 9664 
18459 7965 9774 5366 
18460 6009 9675 9662 
18461 9632 9729 6033 
18462 7267 9656 7269 
18463 8137 9963 4596 
18464 8768 9780 5758 
18465 8628 9771 1304 
18466 6609 9655 5244 
18467 5353 9675 5403 
18468 6549 9654 8700 
18469 4192 9777 4632 
18470 3782 9802 6699 
18471 920 9657 918 
18472 7099 9660 5380 
18473 9603 9608 1380 
18474 654 9659 279 
18475 5302 9658 6607 
18476 6030 9720 9716 
18477 6884 9775 6882 
18478 7464 9772 9199 
18479 1397 9661 1423 
18480 7920 9662 5353 
18481 8694 9681 9630 
18482 6279 9869 6280 
18483 4140 9729 7974 
18484 7974 9729 9632 
18485 6882 9775 6883 
18486 6626 9782 7741 
18487 5969 9778 5970 
18488 1235 9830 7000 
18489 1976 9769 8794 
18490 920 9668 9657 
18491 9630 9681 6771 
18492 2280 9738 9279 
18493 4623 9666 3748 
18494 8030 9667 8031 
18495 4379 9663 8731 
18496 1631 9665 1633 
18497 9635 9698 1512 
18498 922 9668 920 
18499 8488 9664 4415 
18500 9664 9675 4415 
18501 9624 9632 1864 
18502 8777 9669 1448 
18503 6035 9727 6710 
18504 6844 9792 6634 
18505 9732 9735 6042 
18506 6026 9770 9103 
18507 6251 9674 3244 
18508 4141 9670 4140 
18509 7043 9682 5390 
18510 1011 9673 1008 
18511 7345 9776 9749 
18512 5673 9671 4237 
18513 3244 9672 8777 
18514 9669 9687 1448 
18515 9030 9738 2280 
18516 3244 9674 9672 
18517 4415 9675 6009 
18518 5686 9780 8768 
18519 6035 9731 9727 
18520 9679 9681 3867 
18521 6605 9676 5673 
18522 6071 9879 9864 
18523 5673 9676 9671 
18524 4267 9677 3579 
18525 5295 9680 5297 
18526 986 9683 988 
18527 4408 9678 5699 
18528 8173 10153 10032 
18529 3754 9785 3222 
18530 8692 9679 3867 
18531 8777 9672 9669 
18532 3082 9785 3229 
18533 7090 9686 5381 
18534 3867 9681 8694 
18535 8393 9685 8392 
18536 6040 9684 9670 
18537 1448 9687 8692 
18538 7077 9688 5413 
18539 9621 9625 1455 
18540 8692 9687 9679 
18541 7822 9790 8424 
18542 9731 9732 6042 
18543 1240 9894 7376 
18544 926 9689 924 
18545 5631 9750 5400 
18546 9290 9753 5702 
18547 5407 9786 6632 
18548 6537 10166 587 
18549 1472 9690 1493 
18550 4651 9692 7607 
18551 4667 9789 4423 
18552 6058 9792 6059 
18553 1020 9691 1016 
18554 6531 9889 6062 
18555 4246 9788 4205 
18556 1635 9693 1637 
18557 7984 9694 7987 
18558 6415 9805 5727 
18559 6560 9695 5642 
18560 9889 9890 6062 
18561 8920 9711 9700 
18562 6607 9696 5300 
18563 684 9962 6397 
18564 8640 9787 3179 
18565 7005 9699 5395 
18566 9688 9718 5413 
18567 6062 9890 6063 
18568 1025 9697 1021 
18569 1511 9698 1576 
18570 4954 9794 5009 
18571 9888 9988 5945 
18572 9698 9702 1576 
18573 1576 9702 1657 
18574 9890 9891 6063 
18575 5498 9997 9602 
18576 8900 9701 1893 
18577 8920 9700 2279 
18578 3677 9795 4667 
18579 5372 9703 6029 
18580 5209 9775 9212 
18581 7280 9765 5388 
18582 8089 9704 1053 
18583 5702 9753 9444 
18584 6063 9891 6065 
18585 1900 9706 8300 
18586 4635 9802 3784 
18587 6118 9796 8544 
18588 3781 9802 3782 
18589 795 9708 800 
18590 1883 9707 2280 
18591 8702 9705 1969 
18592 5388 9709 4269 
18593 9706 9712 8300 
18594 8300 9712 3262 
18595 1639 9710 1643 
18596 9712 9715 3262 
18597 5013 9800 5197 
18598 7407 9714 7409 
18599 8194 9803 2464 
18600 6060 9798 8679 
18601 5143 9713 8606 
18602 3262 9715 8263 
18603 8557 9797 6638 
18604 6725 9805 6727 
18605 6101 10257 7104 
18606 9710 9717 1643 
18607 2465 9803 2468 
18608 9670 9684 6032 
18609 5376 9716 4686 
18610 5126 9711 8920 
18611 7687 9896 3052 
18612 9718 9733 5414 
18613 5413 9718 5414 
18614 1643 9717 8885 
18615 3052 9899 7687 
18616 8922 9807 2260 
18617 5662 9719 6893 
18618 1386 9804 1295 
18619 1291 9804 3197 
18620 6031 9720 6030 
18621 5131 9806 6027 
18622 8146 10377 10188 
18623 3125 9722 8664 
18624 5679 9807 8922 
18625 5400 9750 5402 
18626 5414 9733 6870 
18627 6630 9723 4677 
18628 5644 9724 4239 
18629 6643 9846 5870 
18630 6051 9810 6052 
18631 8031 9667 9661 
18632 6578 9868 9278 
18633 9723 9737 6048 
18634 4386 9730 9725 
18635 6033 9729 6032 
18636 6051 9812 9810 
18637 4131 9726 8747 
18638 5690 9730 4386 
18639 9727 9731 5118 
18640 9368 9755 6599 
18641 8866 9727 5118 
18642 5118 9731 4420 
18643 6029 9698 9635 
18644 6613 9902 1330 
18645 8057 9813 6066 
18646 7656 9812 6051 
18647 5903 9814 7464 
18648 6111 10334 5524 
18649 4320 9732 6035 
18650 6052 9810 9717 
18651 5662 10003 10000 
18652 1330 9904 6613 
18653 1285 9816 1357 
18654 3197 9816 1289 
18655 4386 9725 9262 
18656 4425 9817 4407 
18657 6048 9783 6960 
18658 7556 9734 5363 
18659 5386 9746 9743 
18660 10045 10406 730 
18661 4906 10003 5662 
18662 5402 9750 9394 
18663 6042 9735 6043 
18664 6874 9736 6875 
18665 4414 9737 9035 
18666 5868 9737 9723 
18667 7987 9694 9690 
18668 1087 9832 6739 
18669 6417 9822 5723 
18670 5725 9822 6415 
18671 5663 9979 6655 
18672 1300 9818 7556 
18673 9711 9716 5376 
18674 7413 9850 6471 
18675 9903 9905 6875 
18676 1949 9739 1951 
18677 3738 9740 3046 
18678 957 9911 9907 
18679 2162 9741 2165 
18680 9740 9742 3046 
18681 3046 9742 7015 
18682 6240 9930 6242 
18683 8413 9915 9911 
18684 9798 9824 5416 
18685 6345 10285 6346 
18686 8413 9911 957 
18687 6029 9703 9702 
18688 7556 9818 9817 
18689 1233 9745 1236 
18690 5984 9757 9755 
18691 7347 9801 9776 
18692 3268 9915 8413 
18693 1957 9744 1959 
18694 5384 9746 4590 
18695 9279 9738 5924 
18696 3268 9916 9915 
18697 3267 9887 9688 
18698 7900 9796 560 
18699 6458 9747 4280 
18700 8438 10412 718 
18701 4707 9743 9030 
18702 6785 9827 1390 
18703 8432 9918 9916 
18704 8432 9916 3268 
18705 1390 9827 903 
18706 905 9827 2866 
18707 9777 9932 4632 
18708 1357 9825 1282 
18709 6036 9753 9290 
18710 1277 9825 3228 
18711 6036 9764 9753 
18712 6075 9748 5386 
18713 5829 9939 9768 
18714 5185 9749 8699 
18715 1333 9918 8432 
18716 9171 9819 6187 
18717 8420 9925 9919 
18718 1333 9919 9918 
18719 8101 10337 4526 
18720 755 9752 2772 
18721 8379 9931 9926 
18722 5721 9831 6417 
18723 6418 9831 5719 
18724 8420 9919 1333 
18725 586 9994 6341 
18726 2526 9836 6779 
18727 9737 9783 6048 
18728 3069 9925 8420 
18729 1183 9830 1235 
18730 3166 9830 1185 
18731 8296 9823 4588 
18732 8734 9906 9752 
18733 1089 9832 1087 
18734 1384 10050 10008 
18735 8069 9931 9761 
18736 8441 9889 9689 
18737 6766 9837 5650 
18738 7965 9946 9774 
18739 6020 9756 9754 
18740 6020 9754 8939 
18741 6862 9756 6020 
18742 6106 10081 10079 
18743 5983 9757 5984 
18744 2929 9837 3736 
18745 2706 9836 2526 
18746 5650 9837 2928 
18747 4898 9758 7189 
18748 4820 9759 7454 
18749 8379 9926 3069 
18750 1273 9839 1334 
18751 3228 9839 1275 
18752 4414 9783 9737 
18753 6601 9974 3647 
18754 1408 9931 8379 
18755 5984 9755 9368 
18756 6035 9732 9731 
18757 6871 9906 6869 
18758 6629 9923 1406 
18759 402 10100 691 
18760 7761 10262 4666 
18761 618 10100 5 
18762 6544 9760 6591 
18763 1107 9840 1106 
18764 8296 9826 9823 
18765 4513 10081 6106 
18766 7228 9847 7227 
18767 3069 9926 9925 
18768 8342 10437 8182 
18769 9438 9751 5127 
18770 5718 9847 6418 
18771 5354 9761 6070 
18772 4049 9843 3509 
18773 8278 9851 1574 
18774 8067 10268 6152 
18775 1406 9927 6629 
18776 5613 9913 6134 
18777 1199 9844 1197 
18778 1464 10058 10012 
18779 3736 9815 9714 
18780 8812 9870 9519 
18781 8307 9841 7062 
18782 8853 9841 8307 
18783 9933 9937 6070 
18784 2722 9826 8296 
18785 1047 9762 1044 
18786 7375 9885 7376 
18787 8262 9763 1111 
18788 7415 9766 7418 
18789 6037 9764 6036 
18790 6726 9781 5423 
18791 6237 10286 6236 
18792 1301 9853 1386 
18793 6628 9765 3591 
18794 4974 9855 4976 
18795 1205 9856 1203 
18796 6413 9853 9771 
18797 7968 9768 7969 
18798 5435 9865 8116 
18799 1051 9767 1048 
18800 3866 9857 8650 
18801 7776 9860 48 
18802 6582 9770 6026 
18803 1268 9858 3195 
18804 1334 9858 1270 
18805 5662 10000 9719 
18806 2722 9833 9826 
18807 8794 9769 8109 
18808 5870 9846 9068 
18809 1051 9772 9767 
18810 5155 9771 8628 
18811 1556 10066 10015 
18812 4241 9850 7413 
18813 6860 9773 6861 
18814 47 9860 633 
18815 6211 9863 5242 
18816 5445 9861 7228 
18817 7225 9861 7224 
18818 9941 9942 7969 
18819 5369 9932 8104 
18820 5366 9774 8216 
18821 1449 9862 1219 
18822 1217 9862 3878 
18823 9199 9772 1051 
18824 7522 9820 7521 
18825 6899 9779 5374 
18826 7659 9867 7661 
18827 5374 9777 4192 
18828 3681 9776 8783 
18829 6539 9778 5969 
18830 4976 9855 9406 
18831 9948 9951 8216 
18832 6894 9808 6877 
18833 6877 9808 6879 
18834 8424 9833 2722 
18835 9212 9775 6884 
18836 5113 10112 8130 
18837 6881 9780 5686 
18838 9519 9870 7410 
18839 5599 9878 5601 
18840 2924 9879 7663 
18841 7690 9880 7689 
18842 1592 10068 10021 
18843 5374 9779 9777 
18844 1222 9877 1449 
18845 1264 9876 1294 
18846 3195 9876 1266 
18847 9935 10013 3155 
18848 7200 9865 7199 
18849 6107 9884 4427 
18850 8186 9882 664 
18851 4428 9884 4546 
18852 9688 9887 6061 
18853 1240 9881 1230 
18854 9734 9817 4425 
18855 7741 9782 3754 
18856 6544 9801 9760 
18857 5218 9883 8801 
18858 5448 9886 7225 
18859 9109 9863 4612 
18860 7235 9886 7234 
18861 5993 9783 4414 
18862 6517 9808 9579 
18863 7812 9784 7811 
18864 6887 9834 1791 
18865 3222 9785 3082 
18866 6059 9792 6844 
18867 9736 9903 6875 
18868 9929 9964 6053 
18869 9743 9746 5384 
18870 6172 9829 9465 
18871 7063 9835 6522 
18872 7556 9817 9734 
18873 3561 9835 7063 
18874 617 10143 6389 
18875 5405 9786 5407 
18876 4259 9888 5945 
18877 5439 9888 4257 
18878 4416 9949 6663 
18879 9689 9889 6531 
18880 5405 9789 9786 
18881 4423 9789 5405 
18882 5203 9787 8640 
18883 4205 9788 5200 
18884 5417 9790 7822 
18885 5203 9791 9787 
18886 9920 9934 6861 
18887 8801 9866 5209 
18888 6553 9791 5203 
18889 7956 9901 5660 
18890 9788 9793 5200 
18891 3696 9893 8213 
18892 4031 9893 3698 
18893 9776 9801 8783 
18894 1260 9892 3181 
18895 1294 9892 1262 
18896 5200 9793 6431 
18897 8025 10054 10053 
18898 3052 9894 1280 
18899 1239 9894 1240 
18900 5727 9805 6725 
18901 9943 9967 6057 
18902 5451 9898 7235 
18903 7376 9896 7372 
18904 6620 9980 5638 
18905 7356 9898 7355 
18906 5009 9794 5668 
18907 5417 9799 9790 
18908 8114 9897 220 
18909 7948 10095 540 
18910 219 9897 605 
18911 7371 9896 7687 
18912 7687 9902 7686 
18913 1288 9899 3052 
18914 1330 9899 1299 
18915 6638 9795 3677 
18916 814 9900 1437 
18917 5447 9902 6613 
18918 6047 9885 5421 
18919 8544 9796 6145 
18920 939 9903 1450 
18921 760 9944 9934 
18922 3067 9904 1351 
18923 3045 9955 8205 
18924 1329 9904 1330 
18925 957 9905 949 
18926 8021 10061 10060 
18927 3416 9797 8557 
18928 6875 9907 6832 
18929 594 9910 252 
18930 251 9910 7787 
18931 3416 9798 9797 
18932 6613 9908 5443 
18933 6066 9799 5417 
18934 5493 9958 5446 
18935 8679 9798 3416 
18936 1344 9914 856 
18937 5197 9800 6563 
18938 1256 9909 1284 
18939 3181 9909 1258 
18940 7464 9814 9782 
18941 3784 9802 3781 
18942 8783 9801 6544 
18943 9752 9906 6871 
18944 7535 9924 7538 
18945 5599 10011 9878 
18946 5416 9824 8194 
18947 6189 10260 6314 
18948 7351 9921 7356 
18949 7354 9921 7352 
18950 6660 9809 6593 
18951 2464 9803 2465 
18952 7755 9923 6629 
18953 1295 9804 1291 
18954 9441 9820 7522 
18955 750 9920 3269 
18956 9406 9855 6784 
18957 1405 9927 1406 
18958 5675 9806 5131 
18959 6887 9883 9834 
18960 7358 9807 5679 
18961 9958 9965 5446 
18962 5537 9928 5424 
18963 1477 9929 1463 
18964 4722 9957 6695 
18965 9761 9931 1408 
18966 6880 9872 1339 
18967 5027 9930 6240 
18968 5446 9965 7515 
18969 4552 9930 8256 
18970 8104 9932 9777 
18971 9768 9939 1474 
18972 10079 10080 6106 
18973 1407 9933 1408 
18974 7341 9834 5682 
18975 1252 9935 3155 
18976 760 9934 754 
18977 1284 9935 1254 
18978 1474 9937 1457 
18979 1791 9834 7341 
18980 6070 9939 5436 
18981 5430 9938 6049 
18982 5834 9940 8745 
18983 1473 9941 1474 
18984 6593 9809 9430 
18985 6662 9809 6660 
18986 9774 9946 1578 
18987 9965 9969 7515 
18988 5783 9944 5493 
18989 3460 9943 3270 
18990 1578 9942 1513 
18991 6210 10076 8143 
18992 8159 10466 10275 
18993 7969 9946 7966 
18994 7724 9950 1355 
18995 1343 9950 1344 
18996 3520 9949 4416 
18997 8396 9945 5412 
18998 4193 9811 6905 
18999 1577 9948 1578 
19000 9761 9933 6070 
19001 7417 9811 4193 
19002 10070 10071 8237 
19003 5633 9947 4121 
19004 4119 9947 8716 
19005 7972 9810 4426 
19006 9763 9840 1111 
19007 6128 10171 10166 
19008 2728 9951 1901 
19009 6323 10177 10151 
19010 9940 9966 5833 
19011 8216 9953 8215 
19012 9810 9812 4426 
19013 7515 9969 5452 
19014 4723 9957 4722 
19015 6694 9954 1225 
19016 3534 9955 3285 
19017 2733 9955 3045 
19018 4426 9812 4425 
19019 1225 9954 1189 
19020 1187 9954 3166 
19021 6072 9813 8057 
19022 8205 9960 6116 
19023 6487 9821 9820 
19024 6632 9814 5903 
19025 6248 10237 729 
19026 1289 9816 1285 
19027 6049 9961 4642 
19028 4407 9817 5410 
19029 6680 9990 6202 
19030 4553 9963 6268 
19031 4596 9963 4182 
19032 9817 9818 5410 
19033 5434 9967 5833 
19034 9768 9941 7969 
19035 5410 9818 6590 
19036 9969 9973 5452 
19037 6655 9979 2903 
19038 9579 9808 6894 
19039 6222 10096 6223 
19040 6487 9820 9441 
19041 4145 9970 5657 
19042 5926 9819 9171 
19043 5723 9822 5725 
19044 6635 9821 6487 
19045 6166 9823 6165 
19046 6579 9938 9355 
19047 7697 9971 2215 
19048 6695 9957 6693 
19049 9774 9948 8216 
19050 2213 9971 2244 
19051 9799 9843 4049 
19052 3875 9978 9973 
19053 9025 9970 5901 
19054 6957 9859 6429 
19055 6995 10372 689 
19056 6176 9972 5616 
19057 6666 9952 5449 
19058 3875 9973 8326 
19059 3647 9974 3278 
19060 3280 9974 4454 
19061 4738 10010 6694 
19062 6637 9824 6060 
19063 1450 9903 9736 
19064 657 9976 80 
19065 79 9976 7950 
19066 9773 9920 6861 
19067 6138 10411 10009 
19068 9823 9826 6165 
19069 6019 9975 4602 
19070 6072 9864 9857 
19071 5489 9977 6601 
19072 1282 9825 1277 
19073 9110 9972 6140 
19074 8139 10339 7848 
19075 5638 9980 6943 
19076 2903 9979 7261 
19077 4984 9982 7729 
19078 6165 9826 8060 
19079 5209 9866 9775 
19080 9944 9958 5493 
19081 903 9827 905 
19082 6886 9883 6887 
19083 6071 9864 6072 
19084 569 10011 6342 
19085 6234 10255 8636 
19086 9782 9814 3754 
19087 9826 9833 8060 
19088 7830 10297 6082 
19089 9813 9857 3866 
19090 1185 9830 1183 
19091 5719 9831 5721 
19092 8091 9868 5641 
19093 3415 9832 1089 
19094 7795 10142 4419 
19095 6103 9986 4753 
19096 4055 9986 4150 
19097 5664 9984 6258 
19098 1227 9985 3127 
19099 1531 9985 1232 
19100 8060 9833 5418 
19101 8292 9978 3875 
19102 9338 9952 6666 
19103 6367 10395 542 
19104 10127 10422 6296 
19105 6214 9917 5485 
19106 6109 9984 8538 
19107 6890 9835 3561 
19108 5521 9983 8887 
19109 7690 9988 9888 
19110 680 10388 10213 
19111 9714 9815 6770 
19112 8896 9922 5527 
19113 7816 10042 6079 
19114 5497 9987 6480 
19115 730 10406 10294 
19116 9465 9829 6000 
19117 5441 9956 8254 
19118 2928 9837 2929 
19119 461 9838 462 
19120 5441 9959 9956 
19121 8292 9981 9978 
19122 5453 9959 5441 
19123 3269 9920 9773 
19124 1275 9839 1273 
19125 5641 9868 8792 
19126 1408 9933 9761 
19127 8092 9871 8089 
19128 8792 9868 6578 
19129 5659 9901 7956 
19130 6206 10401 8135 
19131 1574 9981 8292 
19132 1111 9840 1107 
19133 3908 9842 9841 
19134 9392 9836 2706 
19135 3908 9841 8853 
19136 8592 9842 3908 
19137 9846 9849 5670 
19138 1474 9941 9768 
19139 3637 10380 8129 
19140 3509 9843 3866 
19141 9068 9846 5670 
19142 8592 9845 9842 
19143 8135 10401 6169 
19144 1220 9844 1199 
19145 4436 9845 8592 
19146 7227 9847 5718 
19147 4436 9848 9845 
19148 8520 9848 4436 
19149 1578 9948 9774 
19150 5670 9849 6683 
19151 4584 10131 7801 
19152 7956 9850 4241 
19153 6460 10180 675 
19154 6227 10116 6148 
19155 7661 9851 8278 
19156 8520 9852 9848 
19157 4655 9852 8520 
19158 3405 9992 4116 
19159 4114 9992 3403 
19160 4655 9854 9852 
19161 1304 9853 1301 
19162 3878 9859 9628 
19163 6658 9989 4399 
19164 5677 9854 4655 
19165 4977 9855 4974 
19166 5671 9995 4512 
19167 1692 9856 1205 
19168 587 10113 6537 
19169 8650 9857 7474 
19170 1270 9858 1268 
19171 6066 9843 9799 
19172 6261 10102 6263 
19173 6414 10099 592 
19174 665 10160 6249 
19175 9857 9864 7474 
19176 6575 9913 9726 
19177 5150 9997 5149 
19178 48 9860 47 
19179 6344 10143 617 
19180 7224 9861 5445 
19181 7806 10249 7805 
19182 1219 9862 1217 
19183 5242 9863 9109 
19184 9775 9866 6883 
19185 7474 9864 2924 
19186 7199 9865 5435 
19187 6879 9872 6880 
19188 238 9999 237 
19189 6883 9866 6886 
19190 2967 9867 7659 
19191 8089 9871 9704 
19192 6056 9873 9870 
19193 4808 10001 5557 
19194 6056 9870 8812 
19195 6572 9871 9534 
19196 6055 9873 6056 
19197 4067 10000 4052 
19198 6055 9874 9873 
19199 6405 9968 6896 
19200 264 10002 263 
19201 2967 9880 9867 
19202 439 9875 440 
19203 6490 9874 6055 
19204 1266 9876 1264 
19205 9628 9859 6957 
19206 7663 9879 7653 
19207 5601 9878 6205 
19208 1224 9877 1222 
19209 1224 9881 9877 
19210 7689 9880 2967 
19211 7921 10004 328 
19212 6189 10180 5651 
19213 664 9882 8190 
19214 327 10004 659 
19215 1230 9881 1224 
19216 592 10450 6406 
19217 5421 9885 7375 
19218 9879 9887 7653 
19219 6260 9922 8896 
19220 7949 10435 6132 
19221 4427 9884 4428 
19222 9602 9997 5150 
19223 4591 10005 4319 
19224 7234 9886 5448 
19225 7813 10041 9784 
19226 4399 9989 9478 
19227 7653 9887 3267 
19228 8065 10007 533 
19229 6072 9857 9813 
19230 4257 9888 4259 
19231 3880 9889 8441 
19232 3880 9890 9889 
19233 8364 9890 3880 
19234 5494 10008 6959 
19235 8364 9891 9890 
19236 532 10052 6602 
19237 1450 9891 8364 
19238 1262 9892 1260 
19239 3698 9893 3696 
19240 9878 10011 569 
19241 1280 9894 1239 
19242 497 9895 498 
19243 587 10166 499 
19244 7372 9896 7371 
19245 686 10171 10123 
19246 220 9897 219 
19247 1437 9988 7690 
19248 9704 9871 6572 
19249 7355 9898 5451 
19250 6362 10367 7097 
19251 8020 10012 8023 
19252 6796 9901 5659 
19253 1299 9899 1288 
19254 7354 10013 9935 
19255 6046 10119 6045 
19256 9719 10000 4067 
19257 827 9900 814 
19258 7686 9902 5447 
19259 557 10250 7844 
19260 6395 10319 6394 
19261 941 9903 939 
19262 5422 10144 7767 
19263 5646 10335 8938 
19264 6090 10107 8189 
19265 941 9905 9903 
19266 1351 9904 1329 
19267 10146 10351 5461 
19268 949 9905 941 
19269 827 9914 9900 
19270 3269 9906 8734 
19271 6832 9907 6830 
19272 5443 9908 5444 
19273 9907 9911 6830 
19274 9735 9996 6225 
19275 501 10171 686 
19276 1258 9909 1256 
19277 9912 9923 7756 
19278 252 9910 251 
19279 8176 10083 9995 
19280 8814 10014 8008 
19281 5444 9912 7756 
19282 6830 9911 6828 
19283 5535 10015 8017 
19284 8254 9956 2728 
19285 9911 9915 6828 
19286 3127 10016 8536 
19287 6828 9915 6826 
19288 856 9914 827 
19289 9915 9916 6826 
19290 6409 10047 7 
19291 9726 9913 5613 
19292 5488 10017 6039 
19293 6377 10129 556 
19294 6826 9916 6825 
19295 9908 9912 5444 
19296 8068 10460 6152 
19297 9916 9918 6825 
19298 710 10460 8068 
19299 6847 10064 6077 
19300 8185 9917 663 
19301 6825 9918 7771 
19302 9918 9919 7771 
19303 7771 9919 5437 
19304 9934 9944 6861 
19305 7538 9924 581 
19306 4245 10020 4244 
19307 5500 10021 7996 
19308 9919 9925 5437 
19309 7352 9921 7351 
19310 752 9920 750 
19311 7842 9922 637 
19312 7756 9923 7755 
19313 9926 9931 8070 
19314 5437 9925 5438 
19315 5438 9926 8070 
19316 1426 9927 1405 
19317 6341 10034 687 
19318 6392 10149 580 
19319 1426 9929 9927 
19320 8894 10427 7862 
19321 5424 9928 6221 
19322 9925 9926 5438 
19323 752 9934 9920 
19324 1463 9929 1426 
19325 6146 10289 10200 
19326 8256 9930 5027 
19327 9851 9983 5521 
19328 8070 9931 8069 
19329 6117 10024 6199 
19330 4632 9932 6526 
19331 7339 9936 7340 
19332 1424 9933 1407 
19333 7931 10027 651 
19334 1254 9935 1252 
19335 7936 10027 7933 
19336 754 9934 752 
19337 1424 9937 9933 
19338 2866 9936 7339 
19339 7623 9964 1477 
19340 1457 9937 1424 
19341 5503 10029 6162 
19342 6243 10029 5501 
19343 5436 9939 5829 
19344 6896 9968 9616 
19345 8745 9940 3460 
19346 6339 10244 9962 
19347 7623 9966 9964 
19348 5833 9966 7623 
19349 1495 9941 1473 
19350 8183 10031 8184 
19351 1495 9942 9941 
19352 3270 9943 3342 
19353 1513 9942 1495 
19354 9355 9938 5430 
19355 6861 9944 5783 
19356 9943 9949 3342 
19357 7966 9946 7965 
19358 4112 10035 4521 
19359 4121 9947 4119 
19360 1674 9948 1577 
19361 3342 9949 3520 
19362 5412 9945 8953 
19363 1674 9951 9948 
19364 1355 9950 1343 
19365 6208 10273 10089 
19366 1901 9951 1674 
19367 274 10036 653 
19368 3045 9952 9338 
19369 5833 9967 9940 
19370 6369 10436 621 
19371 8215 9953 6073 
19372 719 10037 112 
19373 111 10037 623 
19374 1189 9954 1187 
19375 7353 10013 7354 
19376 9784 10041 5576 
19377 3285 9955 2733 
19378 4738 9957 4723 
19379 9956 9959 6073 
19380 6073 9959 4573 
19381 6116 9960 6117 
19382 8596 9958 760 
19383 7858 10041 642 
19384 703 10042 151 
19385 150 10042 7816 
19386 5544 9962 5543 
19387 4642 9961 5456 
19388 4101 10043 4247 
19389 8596 9965 9958 
19390 4182 9963 4553 
19391 6091 10018 6092 
19392 627 10392 7767 
19393 304 10045 303 
19394 401 10046 400 
19395 6053 9964 5431 
19396 9964 9966 5431 
19397 7661 9983 9851 
19398 8636 10049 5530 
19399 5431 9966 5834 
19400 3100 9965 8596 
19401 6057 9967 5434 
19402 7846 10332 7848 
19403 6074 10349 7934 
19404 3100 9969 9965 
19405 7617 10023 4956 
19406 7 10047 6 
19407 760 9958 9944 
19408 8040 10052 27 
19409 26 10052 532 
19410 9616 9968 3647 
19411 8569 9969 3100 
19412 1384 10053 1383 
19413 5901 9970 4145 
19414 1404 10054 1425 
19415 6269 10145 6271 
19416 694 10361 6709 
19417 7617 10026 10023 
19418 428 10191 6333 
19419 685 10191 427 
19420 4578 10057 4162 
19421 5704 10056 5581 
19422 7908 10006 7907 
19423 2215 9971 2213 
19424 9301 10049 6137 
19425 2244 10026 7617 
19426 8569 9973 9969 
19427 9973 9978 5452 
19428 695 10414 6228 
19429 6142 10471 10138 
19430 6161 10055 9230 
19431 3278 9974 3280 
19432 8326 9973 8569 
19433 647 10229 6420 
19434 5616 9972 9110 
19435 1475 10061 1496 
19436 1464 10060 1462 
19437 4602 9975 5455 
19438 9396 10010 4738 
19439 80 9976 79 
19440 4516 10063 4514 
19441 4114 10168 9992 
19442 5490 9977 5489 
19443 5452 9978 5450 
19444 10064 10429 6077 
19445 1556 10068 1555 
19446 5566 10069 5568 
19447 8235 10439 8174 
19448 5490 9980 9977 
19449 549 10244 6339 
19450 9978 9981 5450 
19451 7261 9979 4906 
19452 707 10055 8066 
19453 611 10371 8813 
19454 666 10139 6566 
19455 6323 10151 530 
19456 1670 10070 1905 
19457 8452 10298 7940 
19458 6943 9980 5490 
19459 6238 10097 6239 
19460 1592 10071 1593 
19461 6257 10072 5409 
19462 611 10074 391 
19463 6267 10075 4832 
19464 8682 10072 4537 
19465 4831 10075 4834 
19466 5450 9981 5521 
19467 8182 10437 8183 
19468 8369 10076 3654 
19469 5540 10077 6212 
19470 8774 10076 6210 
19471 7950 10219 544 
19472 7729 9982 6462 
19473 2735 10079 8246 
19474 7070 10085 3613 
19475 597 10082 7758 
19476 8887 9983 5440 
19477 8538 9984 5664 
19478 1232 9985 1227 
19479 4753 9986 4055 
19480 649 10084 128 
19481 127 10084 7928 
19482 643 10086 34 
19483 10001 10065 5557 
19484 5522 9987 5497 
19485 4566 10087 4563 
19486 8151 10396 5854 
19487 8151 10088 314 
19488 585 10230 6311 
19489 313 10088 609 
19490 695 10089 398 
19491 5945 9988 6038 
19492 686 10065 6307 
19493 6302 10085 6306 
19494 4499 10091 4500 
19495 7528 10235 703 
19496 8396 10158 9945 
19497 4503 10091 6082 
19498 6324 10067 678 
19499 610 10236 6419 
19500 6126 10094 6990 
19501 191 10093 711 
19502 9989 9991 6015 
19503 6133 10095 6132 
19504 7907 10006 7910 
19505 156 10096 704 
19506 6437 10133 6435 
19507 6616 10154 5536 
19508 575 10059 7832 
19509 207 10097 698 
19510 5876 10098 5878 
19511 6537 10113 6640 
19512 6128 10166 6537 
19513 5565 9990 6680 
19514 6015 9991 4599 
19515 5522 10019 10016 
19516 351 10099 701 
19517 592 10099 352 
19518 9478 9989 6015 
19519 7749 10019 5522 
19520 6156 10101 6157 
19521 243 10102 242 
19522 4538 10103 5666 
19523 3403 9992 3405 
19524 9991 9993 4599 
19525 7749 10022 10019 
19526 6264 10476 574 
19527 9141 10101 6443 
19528 4599 9993 6400 
19529 6167 10104 5546 
19530 2728 9956 9953 
19531 10134 10164 682 
19532 5553 10113 6174 
19533 5523 10022 7749 
19534 4512 9995 4513 
19535 6173 10105 5586 
19536 8385 10105 6372 
19537 6074 10106 5542 
19538 10156 10336 624 
19539 6358 10403 10057 
19540 5523 10025 10022 
19541 8189 10107 100 
19542 99 10107 622 
19543 576 10108 65 
19544 5580 10110 4773 
19545 7734 10025 5523 
19546 5541 10452 7793 
19547 6067 10109 4519 
19548 3935 10111 4117 
19549 5111 10112 5113 
19550 3637 10112 8417 
19551 7734 10028 10025 
19552 5149 9997 8863 
19553 3534 10024 9960 
19554 5528 10028 7734 
19555 131 10116 130 
19556 9997 9998 8863 
19557 8136 10093 8137 
19558 9940 9967 3460 
19559 10046 10237 8187 
19560 4111 10118 8449 
19561 9120 10115 6175 
19562 6179 10118 8780 
19563 5528 10030 10028 
19564 8863 9998 4067 
19565 5545 10030 5528 
19566 7887 10119 555 
19567 639 9999 238 
19568 5545 10033 10030 
19569 10 10357 6270 
19570 8452 10121 3497 
19571 3496 10121 4344 
19572 7526 10122 246 
19573 5579 10177 6998 
19574 9953 9956 6073 
19575 245 10122 631 
19576 7104 10338 4566 
19577 7793 10452 3905 
19578 6143 10252 7871 
19579 4052 10000 5419 
19580 9987 10016 3127 
19581 467 10245 589 
19582 7130 10001 4808 
19583 8056 10033 5545 
19584 5533 10078 7391 
19585 5595 10134 5597 
19586 573 10002 264 
19587 9659 10137 278 
19588 10000 10003 5419 
19589 7429 10123 5573 
19590 4321 9996 9735 
19591 5505 10124 5507 
19592 535 10398 6401 
19593 5557 10065 7429 
19594 648 10390 8062 
19595 5419 10003 5663 
19596 5592 10125 6186 
19597 702 10279 6406 
19598 8055 10038 8056 
19599 4589 10126 4666 
19600 4547 10127 4555 
19601 8056 10038 10033 
19602 562 10220 7853 
19603 37 10129 36 
19604 379 10130 662 
19605 8100 10130 380 
19606 4321 10005 9996 
19607 328 10004 327 
19608 8055 10040 10038 
19609 10075 10362 4834 
19610 6080 10031 5454 
19611 4444 10131 4293 
19612 6435 10133 5608 
19613 5627 10132 6151 
19614 5531 10040 8055 
19615 6198 10132 8558 
19616 4319 10005 4321 
19617 5704 10320 10056 
19618 5531 10044 10040 
19619 194 10135 613 
19620 720 10135 195 
19621 10072 10359 4537 
19622 4784 10136 4781 
19623 4779 10136 4794 
19624 7877 10378 7876 
19625 8944 10006 5848 
19626 9072 10133 6395 
19627 277 10137 542 
19628 5554 10044 5531 
19629 6368 10137 9659 
19630 533 10007 8101 
19631 6142 10138 7635 
19632 6304 10138 6305 
19633 5554 10048 10044 
19634 10063 10348 4514 
19635 5556 10048 5554 
19636 6389 10143 7229 
19637 6268 10340 613 
19638 300 10139 666 
19639 730 10139 301 
19640 6217 10140 4600 
19641 4579 10140 4578 
19642 6456 10009 6457 
19643 6464 10242 356 
19644 8025 10008 5494 
19645 6039 10141 8277 
19646 5477 10141 8279 
19647 5556 10050 10048 
19648 7766 10144 7765 
19649 578 10307 10198 
19650 8024 10058 8025 
19651 6959 10050 5556 
19652 9999 10240 237 
19653 5484 10145 6269 
19654 5485 10145 5472 
19655 5458 10146 5461 
19656 6393 10146 5457 
19657 594 10223 6468 
19658 6067 10322 7929 
19659 42 10148 41 
19660 6092 10018 7353 
19661 580 10149 317 
19662 316 10149 714 
19663 6255 10369 286 
19664 8018 10066 8021 
19665 7523 10152 7524 
19666 4435 10150 3383 
19667 5597 10011 5599 
19668 8021 10012 8020 
19669 539 10281 6451 
19670 5632 10090 8717 
19671 8236 10080 8237 
19672 7118 10010 9396 
19673 4573 10153 4572 
19674 6234 10431 10255 
19675 6255 10327 6190 
19676 6181 10154 5519 
19677 9945 10158 604 
19678 638 10183 6573 
19679 76 10155 75 
19680 4956 10023 6091 
19681 8023 10058 8024 
19682 3155 10013 8814 
19683 721 10156 310 
19684 309 10156 624 
19685 6213 10158 5589 
19686 109 10160 108 
19687 8166 10436 8320 
19688 184 10469 6421 
19689 8008 10014 4245 
19690 5926 10256 7774 
19691 9992 10168 7780 
19692 7996 10015 5535 
19693 10237 10414 8187 
19694 8536 10016 8304 
19695 6127 10163 5116 
19696 3642 10162 3328 
19697 8141 10098 715 
19698 7537 10114 7536 
19699 6270 10017 5488 
19700 8706 10144 5422 
19701 5167 10167 9178 
19702 6245 10036 6246 
19703 10016 10019 8304 
19704 244 10165 243 
19705 9178 10167 6356 
19706 7887 10446 8654 
19707 652 10125 8035 
19708 4488 10167 4489 
19709 6453 10224 539 
19710 8017 10066 8018 
19711 8304 10019 3128 
19712 6224 10168 8602 
19713 5623 10427 8894 
19714 3349 10169 3526 
19715 4244 10020 5529 
19716 8237 10021 5500 
19717 7002 10182 10151 
19718 6182 10331 7537 
19719 709 10170 23 
19720 10019 10022 3128 
19721 9860 10208 633 
19722 3128 10022 8489 
19723 10008 10053 1384 
19724 6276 10284 671 
19725 6291 10347 6293 
19726 6311 10064 6312 
19727 10022 10025 8489 
19728 10023 10026 5529 
19729 10004 10292 659 
19730 7801 10131 7800 
19731 8489 10025 1229 
19732 10249 10420 7805 
19733 6372 10473 6178 
19734 6186 10472 6156 
19735 7630 10174 7629 
19736 5529 10026 6019 
19737 10025 10028 1229 
19738 4595 10176 3640 
19739 7933 10027 7931 
19740 5522 10016 9987 
19741 8971 10157 7902 
19742 4446 10175 4444 
19743 1229 10028 8481 
19744 5631 10189 9750 
19745 5501 10029 5503 
19746 9064 10174 3642 
19747 6681 10192 6147 
19748 5692 10179 8293 
19749 10028 10030 8481 
19750 9166 10181 7786 
19751 10012 10060 1464 
19752 7785 10181 7783 
19753 8481 10030 3068 
19754 4534 10181 9166 
19755 8161 10341 723 
19756 233 10183 638 
19757 8184 10031 696 
19758 9170 10176 5938 
19759 5113 10184 5114 
19760 10030 10033 3068 
19761 6106 10080 8236 
19762 7770 10185 58 
19763 57 10185 700 
19764 6406 10450 702 
19765 6423 10201 6422 
19766 36 10186 35 
19767 3068 10033 8450 
19768 5609 10187 6112 
19769 4562 10035 4112 
19770 6307 10065 10001 
19771 10062 10069 5566 
19772 9990 10253 6336 
19773 8143 10282 6210 
19774 6169 10307 8135 
19775 9750 10189 8169 
19776 10033 10038 8450 
19777 275 10036 274 
19778 112 10037 111 
19779 10015 10068 1556 
19780 5524 10188 8316 
19781 722 10189 8160 
19782 6194 10245 6203 
19783 8450 10038 1298 
19784 8499 10039 4069 
19785 10038 10040 1298 
19786 10138 10471 6305 
19787 10021 10071 1592 
19788 642 10041 7813 
19789 1298 10040 8434 
19790 151 10042 150 
19791 4419 10142 3907 
19792 5094 10193 5089 
19793 5087 10193 5623 
19794 645 10195 338 
19795 337 10195 7899 
19796 4103 10043 4101 
19797 8180 10312 5635 
19798 5453 10032 9959 
19799 580 10454 6390 
19800 10040 10044 8434 
19801 540 10199 7898 
19802 10002 10328 263 
19803 6379 10129 6377 
19804 6311 10429 10064 
19805 8434 10044 3292 
19806 8188 10045 304 
19807 400 10046 8187 
19808 5625 10197 6217 
19809 188 10198 187 
19810 9230 10196 6191 
19811 4749 10200 4812 
19812 6146 10200 4873 
19813 10044 10048 3292 
19814 4555 10202 4556 
19815 5653 10078 5533 
19816 6138 10205 6979 
19817 3292 10048 8410 
19818 4486 10201 8512 
19819 88 10203 87 
19820 10048 10050 8410 
19821 6422 10201 9339 
19822 5530 10049 9301 
19823 6420 10469 647 
19824 8851 10204 4144 
19825 8410 10050 1384 
19826 520 10051 521 
19827 5591 10215 6615 
19828 27 10052 26 
19829 6289 10206 6364 
19830 1383 10053 1404 
19831 5936 10208 9860 
19832 1425 10054 1464 
19833 725 10207 8164 
19834 10067 10177 678 
19835 10197 10448 6321 
19836 7915 10159 5621 
19837 6160 10055 6161 
19838 6118 10190 9796 
19839 6342 10134 682 
19840 8167 10351 10146 
19841 5581 10056 6194 
19842 4162 10057 4496 
19843 4150 10064 6847 
19844 723 10209 8170 
19845 271 10210 557 
19846 10096 10300 6223 
19847 5621 10159 5620 
19848 229 10212 228 
19849 8717 10090 9516 
19850 6226 10384 704 
19851 356 10455 6464 
19852 6183 10194 5633 
19853 4769 10215 5591 
19854 1462 10060 1475 
19855 1496 10061 1556 
19856 3370 10216 3372 
19857 6148 10217 6149 
19858 690 10062 6343 
19859 5583 10219 6069 
19860 6069 10063 4516 
19861 6190 10221 6084 
19862 7844 10222 7843 
19863 6468 10223 5893 
19864 6241 10400 698 
19865 655 10226 86 
19866 7768 10379 5666 
19867 613 10227 193 
19868 5711 10229 6218 
19869 6420 10229 8778 
19870 6134 10240 9999 
19871 1555 10068 1592 
19872 5568 10069 6250 
19873 9425 10308 7947 
19874 1905 10070 2735 
19875 9960 10024 6117 
19876 614 10232 8153 
19877 6046 10296 10119 
19878 1593 10071 1670 
19879 5409 10072 8682 
19880 4091 10233 4094 
19881 7867 10234 562 
19882 205 10073 204 
19883 391 10074 390 
19884 9748 10059 5532 
19885 8163 10236 610 
19886 4832 10075 4831 
19887 6564 10092 667 
19888 6266 10376 639 
19889 5541 10077 5540 
19890 9959 10032 4573 
19891 3654 10076 8774 
19892 7876 10378 7879 
19893 198 10238 621 
19894 7902 10157 7903 
19895 551 10078 6276 
19896 9796 10190 560 
19897 265 10239 573 
19898 236 10240 558 
19899 6224 10447 7778 
19900 8246 10079 5550 
19901 10079 10081 5550 
19902 5491 10397 6460 
19903 356 10242 355 
19904 5550 10081 5551 
19905 141 10246 640 
19906 7784 10247 7782 
19907 7779 10247 7780 
19908 6546 10402 653 
19909 6140 10438 6173 
19910 7758 10082 7762 
19911 5507 10124 10034 
19912 9995 10083 4513 
19913 8616 10248 5576 
19914 9025 10410 9970 
19915 4087 10249 4086 
19916 4607 10250 4609 
19917 6147 10448 10197 
19918 10219 10389 544 
19919 6332 10362 10075 
19920 128 10084 127 
19921 8025 10053 10008 
19922 4527 10252 6143 
19923 3372 10252 3549 
19924 3320 10150 7895 
19925 10056 10320 6366 
19926 9922 10222 5527 
19927 6419 10466 610 
19928 6153 10254 6087 
19929 8160 10316 614 
19930 644 10255 40 
19931 6403 10274 535 
19932 4812 10260 7252 
19933 6303 10085 6302 
19934 9893 10349 8213 
19935 4491 10256 5926 
19936 7525 10359 10072 
19937 4585 10260 6189 
19938 34 10086 33 
19939 8319 10258 8860 
19940 542 10261 276 
19941 4666 10262 4151 
19942 7952 10348 10063 
19943 7353 10018 10014 
19944 7942 10410 4344 
19945 4563 10087 4562 
19946 6258 10239 6259 
19947 8741 10391 7810 
19948 6679 10311 5619 
19949 6068 10292 10004 
19950 531 10268 8067 
19951 314 10088 313 
19952 281 10267 8033 
19953 534 10267 282 
19954 4032 10266 4031 
19955 398 10089 397 
19956 6105 10266 4450 
19957 591 10090 7516 
19958 4788 10269 4785 
19959 89 10271 88 
19960 389 10272 716 
19961 718 10443 6545 
19962 4500 10091 4503 
19963 9829 10220 6000 
19964 396 10273 619 
19965 535 10274 83 
19966 82 10274 7951 
19967 6289 10458 10206 
19968 6197 10275 6115 
19969 8541 10276 6163 
19970 110 10277 109 
19971 6990 10094 6089 
19972 192 10093 191 
19973 658 10278 320 
19974 8021 10060 10012 
19975 6856 10095 6133 
19976 6349 10361 694 
19977 6091 10023 10020 
19978 6375 10108 6374 
19979 63 10280 627 
19980 32 10281 539 
19981 8142 10282 8143 
19982 6406 10279 6135 
19983 386 10283 385 
19984 8635 10279 6188 
19985 5576 10248 9784 
19986 6282 10407 549 
19987 527 10197 6321 
19988 7528 10416 10235 
19989 10151 10182 530 
19990 10014 10018 4245 
19991 709 10324 6423 
19992 157 10096 156 
19993 385 10287 384 
19994 8182 10336 8342 
19995 683 10225 6338 
19996 6254 10290 6097 
19997 6099 10290 6227 
19998 5491 10295 4472 
19999 297 10291 620 
20000 7857 10296 7858 
20001 9728 10269 4788 
20002 682 10164 6326 
20003 7831 10297 7830 
20004 7940 10298 7938 
20005 626 10299 209 
20006 6152 10268 5582 
20007 601 10300 158 
20008 6369 10238 6216 
20009 208 10097 207 
20010 3613 10302 7491 
20011 6130 10301 6094 
20012 10114 10233 4090 
20013 8025 10058 10054 
20014 5878 10098 6235 
20015 6322 10117 6388 
20016 228 10303 227 
20017 8177 10428 8228 
20018 8154 10304 8152 
20019 6151 10328 10002 
20020 8131 10380 4175 
20021 6444 10128 6402 
20022 665 10306 107 
20023 106 10306 729 
20024 721 10383 6437 
20025 4559 10320 7716 
20026 7996 10068 10015 
20027 352 10099 351 
20028 5 10100 402 
20029 4186 10298 8452 
20030 6082 10297 6172 
20031 230 10309 541 
20032 10020 10023 5529 
20033 242 10102 574 
20034 7890 10310 7888 
20035 6157 10101 9141 
20036 6093 10103 4538 
20037 7328 10308 9425 
20038 5548 10173 5593 
20039 8935 10241 6050 
20040 10149 10241 714 
20041 5635 10312 5634 
20042 6640 10113 5553 
20043 5094 10366 10193 
20044 7842 10222 9922 
20045 4158 10314 4575 
20046 8021 10066 10061 
20047 10097 10299 6239 
20048 7796 10315 7798 
20049 10059 10126 5532 
20050 5546 10104 5548 
20051 8723 10318 6093 
20052 8237 10071 10021 
20053 8062 10390 10163 
20054 5586 10105 8385 
20055 5542 10106 6421 
20056 532 10324 25 
20057 24 10324 709 
20058 235 10326 234 
20059 262 10328 630 
20060 287 10327 286 
20061 261 10329 260 
20062 21 10330 603 
20063 100 10107 99 
20064 4550 10331 6182 
20065 4094 10331 4096 
20066 640 10246 9928 
20067 607 10334 8162 
20068 7935 10349 9893 
20069 8237 10080 10070 
20070 6041 10315 9604 
20071 9604 10315 7797 
20072 8139 10332 8790 
20073 4524 10337 5630 
20074 65 10108 64 
20075 4519 10109 6105 
20076 8576 10218 6031 
20077 4773 10110 4771 
20078 4117 10111 4534 
20079 8417 10112 5111 
20080 9970 10410 7944 
20081 4452 10348 4583 
20082 9235 10333 5935 
20083 6436 10336 10156 
20084 7536 10114 7532 
20085 3 10352 401 
20086 105 10352 3 
20087 4 10353 302 
20088 303 10353 4 
20089 1 10354 203 
20090 6 10354 1 
20091 43 10355 42 
20092 7772 10474 7773 
20093 5307 10452 5541 
20094 574 10476 241 
20095 625 10357 11 
20096 4534 10356 4497 
20097 6121 10358 6136 
20098 4878 10362 5552 
20099 239 10363 639 
20100 7835 10366 7834 
20101 10093 10227 8137 
20102 185 10469 184 
20103 9166 10356 4534 
20104 6162 10470 6158 
20105 4463 10364 4464 
20106 5180 10467 4526 
20107 4494 10368 4607 
20108 4542 10370 6180 
20109 10166 10171 500 
20110 5619 10311 9869 
20111 183 10375 538 
20112 641 10462 7870 
20113 5630 10115 9120 
20114 6286 10257 565 
20115 545 10116 131 
20116 357 10455 356 
20117 318 10454 580 
20118 6150 10457 6154 
20119 6163 10155 6398 
20120 4175 10380 3519 
20121 154 10384 593 
20122 704 10384 155 
20123 353 10450 592 
20124 702 10450 354 
20125 609 10383 312 
20126 311 10383 721 
20127 10201 10325 8512 
20128 10266 10468 4031 
20129 7004 10397 5491 
20130 10200 10289 6316 
20131 10006 10231 7910 
20132 5584 10411 6138 
20133 290 10443 718 
20134 143 10393 142 
20135 187 10394 186 
20136 7810 10391 7807 
20137 84 10398 535 
20138 3543 10442 3935 
20139 8780 10118 4111 
20140 7862 10427 636 
20141 5159 10401 6206 
20142 653 10402 273 
20143 38 10431 556 
20144 5603 10425 5605 
20145 698 10400 206 
20146 8320 10436 8122 
20147 8168 10426 8169 
20148 637 10419 267 
20149 5034 10437 8342 
20150 6398 10389 6139 
20151 30 10413 29 
20152 8886 10395 6367 
20153 663 10418 200 
20154 5936 10421 4518 
20155 5575 10434 8595 
20156 4584 10420 4291 
20157 7793 10214 7791 
20158 8651 10416 4591 
20159 4513 10083 10081 
20160 6169 10401 8923 
20161 6476 10120 6475 
20162 9962 10244 5543 
20163 6368 10317 9589 
20164 7895 10150 7892 
20165 555 10119 7859 
20166 9659 10317 6368 
20167 3905 10452 9407 
20168 3497 10121 3496 
20169 3907 10142 3906 
20170 10034 10124 687 
20171 246 10122 245 
20172 10059 10259 7832 
20173 8584 10386 8037 
20174 6298 10202 6297 
20175 31 10224 30 
20176 7851 10169 4164 
20177 9819 10474 7772 
20178 2 10360 104 
20179 204 10360 2 
20180 7784 10442 10247 
20181 5573 10123 6128 
20182 6184 10124 5505 
20183 7903 10157 7904 
20184 6249 10160 6476 
20185 6080 10243 10031 
20186 6464 10344 6113 
20187 8583 10125 5592 
20188 10212 10472 6186 
20189 5532 10126 4589 
20190 8174 10439 626 
20191 690 10069 10062 
20192 10204 10387 4144 
20193 4546 10127 4547 
20194 556 10129 37 
20195 621 10436 8166 
20196 6152 10460 8067 
20197 380 10130 379 
20198 6421 10469 6420 
20199 5632 10270 10090 
20200 4293 10131 4584 
20201 6996 10424 563 
20202 8558 10132 5627 
20203 554 10147 6325 
20204 8944 10231 10006 
20205 718 10412 8150 
20206 5608 10133 9072 
20207 5565 10253 9990 
20208 6337 10263 673 
20209 7925 10187 5622 
20210 195 10135 194 
20211 10130 10301 662 
20212 7002 10151 5579 
20213 537 10187 7925 
20214 4781 10136 4779 
20215 549 10407 10244 
20216 8144 10377 8146 
20217 10054 10058 1464 
20218 278 10137 277 
20219 7035 10458 4788 
20220 4794 10347 7097 
20221 7635 10138 4088 
20222 7765 10288 596 
20223 8037 10386 8038 
20224 301 10139 300 
20225 5653 10284 10078 
20226 4600 10140 4579 
20227 4100 10365 6455 
20228 10039 10216 4069 
20229 10035 10345 4521 
20230 6359 10403 6358 
20231 8277 10141 5477 
20232 7792 10142 7795 
20233 9917 10305 5485 
20234 7229 10143 5618 
20235 7767 10144 7766 
20236 5620 10159 9531 
20237 4788 10458 9728 
20238 10061 10066 1556 
20239 6297 10441 6295 
20240 6153 10426 10254 
20241 5472 10145 5484 
20242 6132 10435 6130 
20243 6188 10242 6464 
20244 5457 10146 5458 
20245 10064 10373 6312 
20246 7774 10256 7775 
20247 6145 10444 6144 
20248 10009 10411 656 
20249 10036 10261 6246 
20250 41 10148 644 
20251 610 10466 8159 
20252 6183 10355 10194 
20253 10031 10243 696 
20254 726 10161 6580 
20255 10099 10218 701 
20256 317 10149 316 
20257 3383 10150 3320 
20258 5591 10182 7002 
20259 705 10152 7523 
20260 7849 10169 7851 
20261 260 10251 259 
20262 10169 10339 3526 
20263 5630 10337 10007 
20264 6304 10382 10138 
20265 10070 10080 2735 
20266 10207 10371 8164 
20267 4572 10153 6111 
20268 4435 10310 10150 
20269 5876 10264 10098 
20270 6419 10236 8240 
20271 4086 10391 8741 
20272 7862 10343 8894 
20273 10078 10284 6276 
20274 5519 10154 6616 
20275 75 10155 646 
20276 546 10159 7915 
20277 310 10156 309 
20278 5589 10158 8396 
20279 4575 10157 8971 
20280 275 10261 10036 
20281 8781 10359 7524 
20282 10081 10083 5551 
20283 108 10160 665 
20284 10017 10357 625 
20285 6602 10325 532 
20286 4103 10262 10043 
20287 4555 10441 10202 
20288 6050 10241 6392 
20289 6242 10172 6241 
20290 8179 10161 726 
20291 3328 10162 3343 
20292 5116 10163 6125 
20293 615 10178 6349 
20294 192 10227 10093 
20295 6173 10271 10105 
20296 4186 10463 10298 
20297 10239 10419 6259 
20298 7888 10446 7887 
20299 7947 10308 658 
20300 631 10165 244 
20301 499 10166 500 
20302 620 10312 8180 
20303 4150 10373 10064 
20304 4489 10167 5167 
20305 8602 10168 4114 
20306 8773 10387 7533 
20307 4164 10169 3349 
20308 10110 10215 4771 
20309 7778 10447 601 
20310 7908 10465 4506 
20311 10268 10456 5582 
20312 7774 10474 5926 
20313 23 10170 22 
20314 7879 10378 10162 
20315 6319 10295 6318 
20316 6093 10318 10082 
20317 6210 10282 6209 
20318 500 10171 501 
20319 10123 10171 6128 
20320 10238 10418 6216 
20321 6573 10183 6574 
20322 10074 10272 390 
20323 6456 10205 10009 
20324 6309 10230 585 
20325 5633 10194 9947 
20326 7798 10223 594 
20327 8512 10325 6602 
20328 9748 10259 10059 
20329 5875 10264 5876 
20330 6173 10438 10203 
20331 10258 10440 8860 
20332 7629 10174 9064 
20333 6113 10175 4446 
20334 10090 10270 7516 
20335 3640 10176 9170 
20336 6375 10280 10108 
20337 5671 10207 9995 
20338 6104 10178 6103 
20339 678 10177 6323 
20340 8187 10414 695 
20341 9882 10381 8190 
20342 10089 10273 397 
20343 5691 10179 5692 
20344 10086 10281 33 
20345 675 10180 6313 
20346 7791 10479 7792 
20347 4595 10405 6370 
20348 6281 10408 6559 
20349 6119 10190 6118 
20350 7786 10181 7785 
20351 6155 10464 8499 
20352 538 10375 10106 
20353 9869 10311 6280 
20354 530 10182 6272 
20355 234 10183 233 
20356 5114 10184 6127 
20357 58 10185 57 
20358 6296 10422 6404 
20359 10125 10303 6186 
20360 6127 10374 8063 
20361 35 10186 643 
20362 5622 10187 5609 
20363 10187 10346 6112 
20364 6292 10423 10269 
20365 8129 10380 8131 
20366 157 10300 10096 
20367 10273 10428 619 
20368 208 10299 10097 
20369 10057 10403 4496 
20370 6031 10218 6414 
20371 10108 10280 64 
20372 8316 10188 4179 
20373 8169 10189 722 
20374 6329 10345 10035 
20375 7800 10344 599 
20376 560 10190 7863 
20377 10144 10288 7765 
20378 8576 10379 10218 
20379 10288 10459 596 
20380 427 10191 428 
20381 6120 10192 6681 
20382 5089 10193 5087 
20383 6456 10365 10205 
20384 7821 10194 572 
20385 9963 10340 6268 
20386 579 10374 8133 
20387 338 10195 337 
20388 10119 10296 7859 
20389 205 10400 10073 
20390 539 10224 31 
20391 9947 10194 7821 
20392 6191 10196 6255 
20393 10005 10265 9996 
20394 7829 10356 9166 
20395 10229 10394 6218 
20396 6147 10197 5625 
20397 578 10198 188 
20398 6263 10342 8941 
20399 7898 10199 7894 
20400 10269 10423 4784 
20401 4873 10200 4749 
20402 563 10424 6337 
20403 6380 10350 6379 
20404 7535 10204 9924 
20405 4556 10202 4559 
20406 10256 10421 7775 
20407 87 10203 655 
20408 6112 10346 8835 
20409 9339 10201 4486 
20410 9609 10403 6359 
20411 6220 10204 8851 
20412 9784 10248 7811 
20413 5635 10440 8180 
20414 6392 10241 10149 
20415 4546 10422 10127 
20416 6460 10397 10180 
20417 6979 10205 9349 
20418 654 10317 9659 
20419 10282 10453 6209 
20420 5593 10173 10164 
20421 5935 10208 5936 
20422 7630 10404 7882 
20423 10104 10173 5548 
20424 5854 10396 8935 
20425 588 10285 6345 
20426 8176 10207 725 
20427 593 10265 7529 
20428 6168 10307 6169 
20429 6344 10372 10143 
20430 677 10408 6281 
20431 633 10208 7818 
20432 6242 10381 9882 
20433 7951 10228 7952 
20434 10107 10254 622 
20435 9995 10207 8176 
20436 619 10428 8177 
20437 6335 10211 6690 
20438 8935 10396 10241 
20439 6421 10375 184 
20440 259 10251 595 
20441 8170 10209 8171 
20442 10236 10415 8240 
20443 272 10210 271 
20444 691 10286 6327 
20445 9930 10381 6242 
20446 6181 10313 10154 
20447 10193 10366 7836 
20448 541 10212 229 
20449 7832 10259 7833 
20450 10310 10446 7888 
20451 5926 10474 9819 
20452 5442 10213 7016 
20453 6096 10301 10130 
20454 4771 10215 4769 
20455 10296 10434 7858 
20456 4069 10216 3370 
20457 10073 10172 728 
20458 7910 10231 7911 
20459 4578 10433 10057 
20460 724 10321 8173 
20461 5147 10461 6408 
20462 6149 10217 7630 
20463 8320 10351 8166 
20464 6000 10220 6155 
20465 6414 10218 10099 
20466 6457 10224 6453 
20467 705 10335 10152 
20468 6084 10221 6083 
20469 9924 10204 6220 
20470 5875 10432 10264 
20471 7843 10222 7842 
20472 10143 10372 5618 
20473 6130 10435 10301 
20474 9513 10219 5583 
20475 5893 10223 6041 
20476 6108 10225 6107 
20477 10098 10264 715 
20478 10230 10429 6311 
20479 601 10447 10300 
20480 86 10226 85 
20481 193 10227 192 
20482 7944 10410 7942 
20483 8778 10229 5711 
20484 10178 10361 6349 
20485 730 10294 10139 
20486 6110 10243 6080 
20487 6404 10422 9884 
20488 10189 10316 8160 
20489 5485 10305 10145 
20490 7905 10465 7908 
20491 7934 10349 7935 
20492 6079 10235 6078 
20493 3343 10378 7877 
20494 4464 10231 8944 
20495 10170 10330 22 
20496 3526 10339 8139 
20497 6187 10270 5632 
20498 8164 10371 611 
20499 9728 10458 6289 
20500 8038 10386 8528 
20501 703 10235 10042 
20502 8153 10232 8154 
20503 10140 10433 4578 
20504 7529 10265 10005 
20505 4090 10233 4091 
20506 10342 10477 6256 
20507 10138 10382 4088 
20508 7947 10463 9425 
20509 10009 10413 6457 
20510 656 10413 10009 
20511 7869 10234 7867 
20512 8162 10321 724 
20513 8528 10386 3548 
20514 8132 10236 8163 
20515 10105 10271 577 
20516 6293 10423 6292 
20517 10127 10441 4555 
20518 6230 10237 6248 
20519 6125 10390 7927 
20520 6119 10343 10190 
20521 199 10238 198 
20522 626 10439 10299 
20523 266 10239 265 
20524 237 10240 236 
20525 5691 10341 10179 
20526 6423 10325 10201 
20527 6104 10361 10178 
20528 5657 10292 6068 
20529 7535 10387 10204 
20530 7936 10468 10266 
20531 7844 10368 10222 
20532 6337 10424 10263 
20533 6292 10269 9728 
20534 355 10242 702 
20535 696 10243 8188 
20536 5543 10244 6164 
20537 729 10237 10046 
20538 286 10369 285 
20539 466 10245 467 
20540 10248 10409 7811 
20541 142 10246 141 
20542 7782 10247 7779 
20543 8860 10440 5635 
20544 10150 10310 7892 
20545 4574 10248 8616 
20546 613 10340 10227 
20547 6213 10283 10158 
20548 10190 10343 7863 
20549 685 10399 10191 
20550 10077 10251 6212 
20551 10159 10322 9531 
20552 4289 10249 4087 
20553 7849 10339 10169 
20554 6312 10373 6348 
20555 7917 10404 545 
20556 5666 10379 8576 
20557 4609 10250 6171 
20558 10247 10442 4116 
20559 631 10477 10342 
20560 10318 10445 7762 
20561 10188 10377 4179 
20562 10194 10355 572 
20563 689 10372 6344 
20564 3549 10252 4527 
20565 6170 10253 5565 
20566 9928 10246 6221 
20567 285 10369 707 
20568 6087 10254 6090 
20569 6384 10475 10350 
20570 40 10255 39 
20571 4492 10256 4491 
20572 5585 10258 8319 
20573 7252 10260 4585 
20574 276 10261 275 
20575 9425 10463 4186 
20576 4151 10262 4103 
20577 9178 10263 6054 
20578 542 10395 10261 
20579 6120 10478 10192 
20580 10280 10392 627 
20581 10205 10365 9349 
20582 715 10264 8156 
20583 6321 10448 668 
20584 10259 10417 7833 
20585 4450 10266 4032 
20586 8039 10268 531 
20587 282 10267 281 
20588 4785 10269 4784 
20589 7516 10270 699 
20590 577 10271 89 
20591 6075 10259 9748 
20592 390 10272 389 
20593 546 10322 10159 
20594 8528 10456 8038 
20595 7770 10459 8759 
20596 4247 10445 10318 
20597 10202 10441 6297 
20598 397 10273 396 
20599 652 10303 10125 
20600 5582 10456 8528 
20601 4144 10387 8773 
20602 10164 10173 6326 
20603 83 10274 82 
20604 6115 10275 6114 
20605 8067 10460 710 
20606 6370 10405 6545 
20607 6144 10276 8541 
20608 6981 10345 6328 
20609 6126 10285 10094 
20610 623 10277 110 
20611 10213 10388 7016 
20612 272 10402 10210 
20613 320 10278 319 
20614 6455 10365 6456 
20615 6135 10279 8635 
20616 6464 10455 10344 
20617 64 10280 63 
20618 33 10281 32 
20619 605 10282 8142 
20620 604 10283 386 
20621 6193 10284 5653 
20622 5671 10371 10207 
20623 8941 10342 6256 
20624 6187 10430 10270 
20625 9531 10322 6067 
20626 10350 10475 643 
20627 8157 10432 8293 
20628 10221 10412 6083 
20629 10226 10398 85 
20630 595 10251 10077 
20631 10057 10433 6275 
20632 596 10459 7770 
20633 6211 10323 9863 
20634 384 10287 708 
20635 10214 10479 7791 
20636 6384 10350 6380 
20637 9513 10389 10219 
20638 6200 10288 8706 
20639 6097 10290 6099 
20640 659 10292 7945 
20641 298 10291 297 
20642 4521 10345 6981 
20643 6566 10294 6110 
20644 6399 10313 6350 
20645 7071 10382 6306 
20646 6306 10382 6304 
20647 7859 10296 7857 
20648 4472 10295 4488 
20649 632 10297 7831 
20650 5657 10451 10292 
20651 7938 10298 7941 
20652 209 10299 208 
20653 10254 10426 622 
20654 6362 10347 6291 
20655 158 10300 157 
20656 7882 10404 7917 
20657 6094 10301 6096 
20658 7810 10409 8741 
20659 6271 10305 6410 
20660 7491 10302 5544 
20661 4175 10415 8131 
20662 8132 10415 10236 
20663 227 10303 652 
20664 10042 10235 6079 
20665 6230 10414 10237 
20666 8152 10304 713 
20667 199 10418 10238 
20668 8706 10288 10144 
20669 10007 10337 8101 
20670 266 10419 10239 
20671 6110 10406 10243 
20672 10161 10258 5585 
20673 7524 10359 7525 
20674 605 10453 10282 
20675 107 10306 106 
20676 10244 10407 6164 
20677 10234 10464 6155 
20678 4031 10468 9893 
20679 10175 10344 7800 
20680 4574 10409 10248 
20681 6391 10308 7328 
20682 231 10309 230 
20683 6090 10254 10107 
20684 7892 10310 7890 
20685 646 10444 7901 
20686 10218 10379 701 
20687 10235 10416 6078 
20688 4289 10420 10249 
20689 10165 10342 6263 
20690 5605 10311 6679 
20691 624 10336 8182 
20692 6075 10417 10259 
20693 5634 10312 6204 
20694 8063 10374 579 
20695 8133 10374 10184 
20696 10133 10319 6395 
20697 10255 10431 39 
20698 4492 10421 10256 
20699 4506 10314 4158 
20700 10045 10353 303 
20701 401 10352 10046 
20702 537 10346 10187 
20703 9863 10323 8068 
20704 7716 10320 5704 
20705 10263 10424 6054 
20706 10047 10354 6 
20707 8293 10432 5875 
20708 7797 10315 7796 
20709 6195 10316 5631 
20710 10243 10406 8188 
20711 4247 10318 8723 
20712 8240 10415 4175 
20713 10264 10432 8156 
20714 9996 10265 6226 
20715 6270 10357 10017 
20716 10270 10430 699 
20717 8039 10456 10268 
20718 9589 10317 6243 
20719 7929 10322 546 
20720 6379 10350 10186 
20721 25 10324 24 
20722 10275 10466 6114 
20723 558 10326 235 
20724 10278 10454 319 
20725 606 10327 287 
20726 263 10328 262 
20727 4566 10338 10087 
20728 8894 10343 6119 
20729 630 10329 261 
20730 6209 10453 6211 
20731 6284 10338 6286 
20732 7537 10233 10114 
20733 22 10330 21 
20734 4096 10331 4550 
20735 8790 10332 5537 
20736 8148 10334 607 
20737 7787 10335 705 
20738 6200 10459 10288 
20739 9893 10468 7935 
20740 4517 10333 9235 
20741 8342 10336 6436 
20742 10292 10451 7945 
20743 4526 10337 4524 
20744 7848 10339 7849 
20745 6328 10345 6329 
20746 3548 10386 8584 
20747 7811 10409 7810 
20748 10298 10463 7941 
20749 8173 10321 10153 
20750 6201 10341 5691 
20751 10304 10473 713 
20752 5461 10351 8320 
20753 7863 10343 7862 
20754 7097 10367 5580 
20755 7928 10346 537 
20756 4514 10348 4452 
20757 104 10360 728 
20758 8213 10349 6074 
20759 8166 10351 8167 
20760 10154 10313 6399 
20761 729 10352 105 
20762 302 10353 730 
20763 203 10354 727 
20764 572 10355 43 
20765 6709 10361 6104 
20766 8179 10440 10258 
20767 4497 10356 4499 
20768 11 10357 10 
20769 639 10293 9999 
20770 5580 10367 6657 
20771 6124 10358 6121 
20772 4537 10359 8781 
20773 6295 10441 10127 
20774 4834 10362 4878 
20775 240 10363 239 
20776 10139 10294 6566 
20777 7836 10366 7835 
20778 6068 10364 4463 
20779 6274 10433 10140 
20780 7833 10417 645 
20781 5527 10368 4494 
20782 9349 10365 4100 
20783 6196 10370 4542 
20784 5618 10372 6995 
20785 9986 10373 4150 
20786 6408 10376 6266 
20787 8813 10371 5671 
20788 10192 10448 6147 
20789 10145 10305 6271 
20790 184 10375 183 
20791 9970 10451 5657 
20792 4179 10377 8369 
20793 645 10417 9582 
20794 7904 10465 7905 
20795 9819 10430 6187 
20796 701 10379 7768 
20797 3519 10380 3637 
20798 4552 10381 9930 
20799 4088 10382 7071 
20800 312 10383 311 
20801 155 10384 154 
20802 6211 10453 9897 
20803 6202 10385 6101 
20804 7016 10388 6141 
20805 7533 10387 7535 
20806 7807 10391 7806 
20807 6376 10392 6375 
20808 581 10393 143 
20809 186 10394 647 
20810 5651 10397 7004 
20811 714 10396 8151 
20812 6246 10395 8886 
20813 240 10476 10363 
20814 6129 10399 6142 
20815 647 10394 10229 
20816 6139 10389 9513 
20817 4784 10423 10136 
20818 6348 10373 9986 
20819 5612 10461 5147 
20820 85 10398 84 
20821 206 10400 205 
20822 4496 10403 9609 
20823 273 10402 272 
20824 8923 10401 5159 
20825 8438 10405 4595 
20826 6164 10407 6166 
20827 656 10411 8040 
20828 8741 10409 4574 
20829 29 10413 656 
20830 6083 10412 8438 
20831 4344 10410 9025 
20832 10082 10318 7762 
20833 6199 10449 6197 
20834 6275 10433 6274 
20835 8137 10340 9963 
20836 10094 10285 588 
20837 6228 10414 6230 
20838 8131 10415 8132 
20839 10122 10477 631 
20840 6078 10416 8651 
20841 9582 10417 6075 
20842 200 10418 199 
20843 10241 10396 714 
20844 267 10419 266 
20845 4291 10420 4289 
20846 9884 10422 4546 
20847 6156 10472 10101 
20848 4518 10421 4492 
20849 7772 10430 9819 
20850 6054 10424 6996 
20851 6205 10425 5603 
20852 636 10427 7836 
20853 622 10426 8168 
20854 6077 10429 6076 
20855 699 10430 7772 
20856 8228 10428 6208 
20857 39 10431 38 
20858 662 10435 7949 
20859 8156 10432 8157 
20860 8595 10434 6046 
20861 643 10475 10086 
20862 8122 10436 6369 
20863 10043 10445 4247 
20864 10037 10449 623 
20865 6386 10475 6384 
20866 8501 10437 5034 
20867 6208 10428 10273 
20868 8179 10258 10161 
20869 9972 10438 6140 
20870 7762 10445 7760 
20871 6239 10439 8235 
20872 8180 10440 8179 
20873 4116 10442 3543 
20874 9407 10452 5307 
20875 291 10443 290 
20876 6256 10477 6257 
20877 6223 10447 6224 
20878 8654 10446 4435 
20879 9897 10453 605 
20880 354 10450 353 
20881 7945 10451 7944 
20882 599 10455 357 
20883 319 10454 318 
20884 8038 10456 8039 
20885 7914 10462 641 
20886 8953 10457 6150 
20887 7941 10463 7947 
20888 8759 10459 6200 
20889 7391 10478 6120 
20890 7935 10468 7936 
20891 6114 10466 6419 
20892 7773 10474 7774 
20893 647 10469 185 
20894 6096 10467 5180 
20895 713 10473 8138 
20896 6158 10470 6160 
20897 241 10476 240 
20898 5631 10316 10189 
20899 10158 10283 604 
20900 730 10353 10045 
20901 10046 10352 729 
20902 727 10354 10047 
20903 7944 10451 9970 
20904 707 10369 10196 
20905 545 10404 10217 
20906 655 10438 9972 
20907 10106 10375 6421 
20908 10087 10338 6284 
20909 10180 10397 5651 
20910 728 10360 10073 
20911 10222 10368 5527 
20912 6437 10319 10133 
20913 10073 10360 204 
20914 10227 10340 8137 
20915 6046 10434 10296 
20916 10153 10321 6111 
20917 4435 10446 10310 
20918 6197 10449 10037 
20919 8188 10406 10045 
20920 10300 10447 6223 
20921 10301 10435 662 
20922 8499 10464 10039 
20923 10039 10464 7869 
20924 7760 10445 10043 
20925 631 10342 10165 
20926 10299 10439 6239 
20927 10289 10408 677 
20928 6113 10344 10175 
20929 10086 10475 6386 
20930 10261 10395 6246 
20931 10186 10350 643 
20932 10162 10378 3343 
20933 10142 10479 3906 
20934 10101 10472 541 
20935 10276 10444 646 
20936 10163 10390 6125 
20937 10184 10374 6127 
20938 6375 10392 10280 
20939 10136 10423 6293 
20940 6257 10477 10122 
20941 10196 10369 6255 
20942 7792 10479 10142 
20943 6076 10429 10230 
20944 10191 10399 6129 
20945 668 10448 10192 
20946 10203 10438 655 
20947 6101 10385 10257 
20948 10344 10455 599 
20949 639 10376 10293 
20950 10217 10404 7630 
20951 10314 10465 7904 
20952 10294 10406 6110 
20953 10293 10461 5612 
20954 541 10472 10212 
20955 3906 10479 10214 
20956 6146 10408 10289 
20957 7869 10464 10234 
20958 6408 10461 10376 
20959 6144 10444 10276 
20960 4506 10465 10314 
20961 10376 10461 10293 
20962 685 10471 10399 
20963 10399 10471 6142 
$EndElements
